{
  "type": "FeatureCollection",
  "generator": "overpass-turbo",
  "copyright": "The data included in this document is from www.openstreetmap.org. The data is made available under ODbL.",
  "timestamp": "2025-04-26T21:19:15Z",
  "features": [
    {
      "type": "Feature",
      "properties": {
        "@id": "relation/1453306",
        "boundary": "national_park",
        "gnis:feature_id": "1609331",
        "heritage": "1",
        "heritage:operator": "whc",
        "leisure": "nature_reserve",
        "name": "Yellowstone National Park",
        "name:ar": "منتزه ييلوستون الوطني",
        "name:de": "Yellowstone-Nationalpark",
        "name:es": "Parque nacional de Yellowstone",
        "name:fr": "Parc national de Yellowstone",
        "name:it": "Parco nazionale di Yellowstone",
        "name:ja": "イエローストーン国立公園",
        "name:nl": "Nationaal park Yellowstone",
        "name:ru": "Йеллоустонский национальный парк",
        "name:sk": "Yellowstonský národný park",
        "name:vi": "Vườn quốc gia Yellowstone",
        "name:zh": "黄石国家公园",
        "network": "National Parks of the United States",
        "network:wikidata": "Q34918903",
        "operator": "National Park Service",
        "operator:short": "NPS",
        "operator:type": "public",
        "operator:wikidata": "Q308439",
        "operator:wikipedia": "en:National Park Service",
        "ownership": "national",
        "protect_id": "2",
        "protected": "perpetuity",
        "protection_title": "National Park",
        "ref:whc": "28",
        "source": "National Park Service",
        "source:url": "http://nrinfo.nps.gov/Reference.mvc/Profile?Code=2167750",
        "type": "multipolygon",
        "website": "https://www.nps.gov/yell/",
        "whc:criteria": "(vii)(viii)(ix)(x)",
        "whc:inscription_date": "1978",
        "wikidata": "Q351",
        "wikipedia": "en:Yellowstone National Park"
      },
      "geometry": {
        "type": "Polygon",
        "coordinates": [
          [
            [
              -111.0096097,
              45.0983537
            ],
            [
              -111.0094862,
              45.0971318
            ],
            [
              -111.0096093,
              45.09639
            ],
            [
              -111.0098865,
              45.0958881
            ],
            [
              -111.0104101,
              45.095408
            ],
            [
              -111.0109338,
              45.0950588
            ],
            [
              -111.0121351,
              45.0946878
            ],
            [
              -111.0133056,
              45.0942294
            ],
            [
              -111.0144453,
              45.0936838
            ],
            [
              -111.0156156,
              45.0928981
            ],
            [
              -111.0167243,
              45.0920252
            ],
            [
              -111.0171554,
              45.0914578
            ],
            [
              -111.0171862,
              45.0911523
            ],
            [
              -111.0172168,
              45.0906941
            ],
            [
              -111.0170625,
              45.0895704
            ],
            [
              -111.0170929,
              45.0881739
            ],
            [
              -111.0176163,
              45.0874102
            ],
            [
              -111.0182321,
              45.08669
            ],
            [
              -111.019426,
              45.0861719
            ],
            [
              -111.0197411,
              45.0860352
            ],
            [
              -111.020049,
              45.0855551
            ],
            [
              -111.0201719,
              45.0849441
            ],
            [
              -111.0198945,
              45.0843114
            ],
            [
              -111.0196017,
              45.0840522
            ],
            [
              -111.0191551,
              45.0836569
            ],
            [
              -111.0185389,
              45.0830242
            ],
            [
              -111.0184464,
              45.0826206
            ],
            [
              -111.0183938,
              45.0821561
            ],
            [
              -111.0183846,
              45.0820751
            ],
            [
              -111.0189697,
              45.0816604
            ],
            [
              -111.0193815,
              45.0815437
            ],
            [
              -111.0195856,
              45.0814858
            ],
            [
              -111.0203246,
              45.0811365
            ],
            [
              -111.0207866,
              45.0810492
            ],
            [
              -111.0216797,
              45.0809617
            ],
            [
              -111.0229116,
              45.0808742
            ],
            [
              -111.023765,
              45.0809096
            ],
            [
              -111.0250059,
              45.080961
            ],
            [
              -111.0253481,
              45.0809567
            ],
            [
              -111.0267613,
              45.0809388
            ],
            [
              -111.0276853,
              45.0810477
            ],
            [
              -111.0284553,
              45.0810475
            ],
            [
              -111.0290404,
              45.0810037
            ],
            [
              -111.0304261,
              45.0805451
            ],
            [
              -111.0311958,
              45.0800649
            ],
            [
              -111.0322118,
              45.0795845
            ],
            [
              -111.0327967,
              45.0790825
            ],
            [
              -111.0335663,
              45.0785477
            ],
            [
              -111.0341204,
              45.0781766
            ],
            [
              -111.0345514,
              45.077871
            ],
            [
              -111.0351671,
              45.0775435
            ],
            [
              -111.035783,
              45.0774342
            ],
            [
              -111.036522,
              45.0773249
            ],
            [
              -111.0372302,
              45.0771283
            ],
            [
              -111.0377228,
              45.0768444
            ],
            [
              -111.0385541,
              45.0766478
            ],
            [
              -111.0391697,
              45.0762112
            ],
            [
              -111.0403086,
              45.075338
            ],
            [
              -111.040647,
              45.0749669
            ],
            [
              -111.0412011,
              45.0746612
            ],
            [
              -111.0417246,
              45.0746174
            ],
            [
              -111.0430485,
              45.0742242
            ],
            [
              -111.0445264,
              45.0739617
            ],
            [
              -111.0450618,
              45.0738857
            ],
            [
              -111.0454501,
              45.0738305
            ],
            [
              -111.0466814,
              45.0732408
            ],
            [
              -111.0471431,
              45.0730006
            ],
            [
              -111.0476356,
              45.072684
            ],
            [
              -111.0481894,
              45.0721383
            ],
            [
              -111.0484657,
              45.0711563
            ],
            [
              -111.0488034,
              45.0699124
            ],
            [
              -111.0489259,
              45.0691268
            ],
            [
              -111.0490487,
              45.0686468
            ],
            [
              -111.0490483,
              45.0682104
            ],
            [
              -111.0491403,
              45.0678176
            ],
            [
              -111.0493556,
              45.0674465
            ],
            [
              -111.0496939,
              45.0670318
            ],
            [
              -111.0501248,
              45.0668134
            ],
            [
              -111.0511714,
              45.0665075
            ],
            [
              -111.0521567,
              45.0665288
            ],
            [
              -111.0530494,
              45.0663539
            ],
            [
              -111.0536034,
              45.06607
            ],
            [
              -111.0544963,
              45.0660477
            ],
            [
              -111.0558205,
              45.0662653
            ],
            [
              -111.056498,
              45.0663631
            ],
            [
              -111.0575145,
              45.0668645
            ],
            [
              -111.0585313,
              45.0674967
            ],
            [
              -111.0601023,
              45.0681941
            ],
            [
              -111.0606876,
              45.0684338
            ],
            [
              -111.0610883,
              45.0688046
            ],
            [
              -111.0613349,
              45.0690444
            ],
            [
              -111.0619818,
              45.0693277
            ],
            [
              -111.0626597,
              45.0698074
            ],
            [
              -111.0628138,
              45.0699601
            ],
            [
              -111.063339,
              45.0714653
            ],
            [
              -111.0636166,
              45.0718798
            ],
            [
              -111.0642638,
              45.0724031
            ],
            [
              -111.0645306,
              45.0726353
            ],
            [
              -111.0646645,
              45.072752
            ],
            [
              -111.0650036,
              45.0730354
            ],
            [
              -111.0654968,
              45.0735043
            ],
            [
              -111.0656205,
              45.0739406
            ],
            [
              -111.0658364,
              45.0742459
            ],
            [
              -111.0667059,
              45.0744165
            ],
            [
              -111.0669452,
              45.0744635
            ],
            [
              -111.0679617,
              45.0747247
            ],
            [
              -111.0688241,
              45.0748333
            ],
            [
              -111.0691938,
              45.074964
            ],
            [
              -111.070057,
              45.0757272
            ],
            [
              -111.0705201,
              45.0766869
            ],
            [
              -111.0707675,
              45.0774941
            ],
            [
              -111.0705837,
              45.0783452
            ],
            [
              -111.0704617,
              45.0793053
            ],
            [
              -111.070555,
              45.0800035
            ],
            [
              -111.0707411,
              45.0811053
            ],
            [
              -111.0712967,
              45.0821523
            ],
            [
              -111.0717287,
              45.0827412
            ],
            [
              -111.0722387,
              45.083396
            ],
            [
              -111.0723205,
              45.0840461
            ],
            [
              -111.0724832,
              45.0846961
            ],
            [
              -111.0728082,
              45.0855373
            ],
            [
              -111.0733765,
              45.0867033
            ],
            [
              -111.07389,
              45.0871619
            ],
            [
              -111.0739216,
              45.0872215
            ],
            [
              -111.0741335,
              45.0876207
            ],
            [
              -111.0741612,
              45.0881943
            ],
            [
              -111.0740542,
              45.0889402
            ],
            [
              -111.0737849,
              45.0894471
            ],
            [
              -111.0736237,
              45.0900208
            ],
            [
              -111.0740291,
              45.0904221
            ],
            [
              -111.0744614,
              45.0906895
            ],
            [
              -111.074678,
              45.0912057
            ],
            [
              -111.0753537,
              45.0918171
            ],
            [
              -111.0761916,
              45.0926388
            ],
            [
              -111.0765164,
              45.0932505
            ],
            [
              -111.0767868,
              45.0935563
            ],
            [
              -111.0773539,
              45.093728
            ],
            [
              -111.0786768,
              45.0937844
            ],
            [
              -111.0790278,
              45.0938224
            ],
            [
              -111.0794057,
              45.0938031
            ],
            [
              -111.0797571,
              45.0940896
            ],
            [
              -111.0807298,
              45.0947008
            ],
            [
              -111.0812702,
              45.0950638
            ],
            [
              -111.0815952,
              45.0957902
            ],
            [
              -111.0820551,
              45.0964687
            ],
            [
              -111.0825958,
              45.0969846
            ],
            [
              -111.0830823,
              45.0973667
            ],
            [
              -111.0831639,
              45.0977682
            ],
            [
              -111.0831107,
              45.0983418
            ],
            [
              -111.0831119,
              45.099145
            ],
            [
              -111.0831937,
              45.0997377
            ],
            [
              -111.0835189,
              45.1005406
            ],
            [
              -111.0841679,
              45.1012093
            ],
            [
              -111.0846004,
              45.1016106
            ],
            [
              -111.0848025,
              45.1017636
            ],
            [
              -111.0853573,
              45.1021837
            ],
            [
              -111.0858707,
              45.1024892
            ],
            [
              -111.086573,
              45.1026704
            ],
            [
              -111.0870979,
              45.102775
            ],
            [
              -111.0878154,
              45.102918
            ],
            [
              -111.0884904,
              45.1029366
            ],
            [
              -111.0893813,
              45.1028212
            ],
            [
              -111.0905151,
              45.1026864
            ],
            [
              -111.0922158,
              45.1024938
            ],
            [
              -111.0927017,
              45.1024552
            ],
            [
              -111.093188,
              45.1026269
            ],
            [
              -111.0945658,
              45.1030847
            ],
            [
              -111.095619,
              45.1032176
            ],
            [
              -111.095997,
              45.1031791
            ],
            [
              -111.0965373,
              45.1033507
            ],
            [
              -111.0972671,
              45.1038473
            ],
            [
              -111.0979163,
              45.1044968
            ],
            [
              -111.0986738,
              45.1053662
            ],
            [
              -111.0992416,
              45.1058247
            ],
            [
              -111.1002688,
              45.1064548
            ],
            [
              -111.1008097,
              45.1069706
            ],
            [
              -111.1013776,
              45.107429
            ],
            [
              -111.1021346,
              45.1079638
            ],
            [
              -111.1029459,
              45.1086705
            ],
            [
              -111.1036485,
              45.1089567
            ],
            [
              -111.1044039,
              45.1085449
            ],
            [
              -111.1049707,
              45.1084105
            ],
            [
              -111.1055645,
              45.1082761
            ],
            [
              -111.1059421,
              45.1080463
            ],
            [
              -111.1061578,
              45.1078549
            ],
            [
              -111.1065356,
              45.1077016
            ],
            [
              -111.1073457,
              45.107739
            ],
            [
              -111.1075199,
              45.1077265
            ],
            [
              -111.1084257,
              45.1076615
            ],
            [
              -111.1094789,
              45.107737
            ],
            [
              -111.1104776,
              45.1075257
            ],
            [
              -111.1120707,
              45.1074859
            ],
            [
              -111.1130421,
              45.1071216
            ],
            [
              -111.1132039,
              45.1070259
            ],
            [
              -111.1133924,
              45.1067388
            ],
            [
              -111.113742,
              45.1060501
            ],
            [
              -111.1139301,
              45.105591
            ],
            [
              -111.1142264,
              45.1052274
            ],
            [
              -111.1146847,
              45.1048445
            ],
            [
              -111.1149267,
              45.1043471
            ],
            [
              -111.115304,
              45.1039834
            ],
            [
              -111.1158702,
              45.1036004
            ],
            [
              -111.1161117,
              45.1028544
            ],
            [
              -111.1165155,
              45.1022325
            ],
            [
              -111.1169465,
              45.1017349
            ],
            [
              -111.1176214,
              45.1017151
            ],
            [
              -111.118405,
              45.101982
            ],
            [
              -111.1201882,
              45.1025537
            ],
            [
              -111.1212417,
              45.1027821
            ],
            [
              -111.1223489,
              45.1028956
            ],
            [
              -111.1227807,
              45.1027996
            ],
            [
              -111.1233202,
              45.1025695
            ],
            [
              -111.1245619,
              45.1024152
            ],
            [
              -111.1257222,
              45.1020888
            ],
            [
              -111.1264508,
              45.1018777
            ],
            [
              -111.1270454,
              45.1015654
            ],
            [
              -111.127071,
              45.1015519
            ],
            [
              -111.1274214,
              45.1012456
            ],
            [
              -111.1278525,
              45.1008435
            ],
            [
              -111.1279289,
              45.1006804
            ],
            [
              -111.1279331,
              45.1006714
            ],
            [
              -111.1284187,
              45.1004987
            ],
            [
              -111.1295267,
              45.1009851
            ],
            [
              -111.1301754,
              45.1012711
            ],
            [
              -111.1309855,
              45.1013276
            ],
            [
              -111.1314679,
              45.1013108
            ],
            [
              -111.131982,
              45.1011834
            ],
            [
              -111.1315862,
              45.1001734
            ],
            [
              -111.1320944,
              45.0985101
            ],
            [
              -111.1310092,
              45.0976334
            ],
            [
              -111.1305134,
              45.0964855
            ],
            [
              -111.1314651,
              45.0952019
            ],
            [
              -111.1331807,
              45.0939299
            ],
            [
              -111.1334989,
              45.093102
            ],
            [
              -111.1339241,
              45.0926244
            ],
            [
              -111.1339232,
              45.0912158
            ],
            [
              -111.1343859,
              45.090756
            ],
            [
              -111.133916,
              45.0898292
            ],
            [
              -111.1328753,
              45.0897612
            ],
            [
              -111.131603,
              45.0893689
            ],
            [
              -111.1309951,
              45.0887183
            ],
            [
              -111.1301461,
              45.0883882
            ],
            [
              -111.1298865,
              45.0871013
            ],
            [
              -111.1299363,
              45.0869238
            ],
            [
              -111.1297014,
              45.086426
            ],
            [
              -111.1298856,
              45.0859475
            ],
            [
              -111.1300644,
              45.085483
            ],
            [
              -111.1314168,
              45.0839041
            ],
            [
              -111.1321765,
              45.0836056
            ],
            [
              -111.1353694,
              45.0831019
            ],
            [
              -111.1365839,
              45.0822992
            ],
            [
              -111.1370857,
              45.0815783
            ],
            [
              -111.1377481,
              45.0806269
            ],
            [
              -111.1379945,
              45.0804977
            ],
            [
              -111.1383641,
              45.0803039
            ],
            [
              -111.1400899,
              45.0781429
            ],
            [
              -111.1415763,
              45.0769522
            ],
            [
              -111.1407051,
              45.0765276
            ],
            [
              -111.1405708,
              45.0762009
            ],
            [
              -111.1409351,
              45.0759602
            ],
            [
              -111.1409533,
              45.0758378
            ],
            [
              -111.1411032,
              45.0748296
            ],
            [
              -111.1412539,
              45.0744573
            ],
            [
              -111.1411069,
              45.0740058
            ],
            [
              -111.1405248,
              45.0737274
            ],
            [
              -111.1409045,
              45.0731161
            ],
            [
              -111.1409433,
              45.0726155
            ],
            [
              -111.1409446,
              45.0725267
            ],
            [
              -111.140408,
              45.0715346
            ],
            [
              -111.1393421,
              45.0704024
            ],
            [
              -111.1389579,
              45.0700342
            ],
            [
              -111.1386297,
              45.0695177
            ],
            [
              -111.1386966,
              45.0693524
            ],
            [
              -111.1388206,
              45.0690462
            ],
            [
              -111.1385663,
              45.0689706
            ],
            [
              -111.1387171,
              45.0687388
            ],
            [
              -111.1389383,
              45.0686483
            ],
            [
              -111.1378858,
              45.0680805
            ],
            [
              -111.1381325,
              45.0676533
            ],
            [
              -111.1375623,
              45.0676036
            ],
            [
              -111.1375123,
              45.0670618
            ],
            [
              -111.1373863,
              45.0668227
            ],
            [
              -111.1365195,
              45.0670162
            ],
            [
              -111.1359694,
              45.0672345
            ],
            [
              -111.1358646,
              45.0670189
            ],
            [
              -111.136158,
              45.0646613
            ],
            [
              -111.1361631,
              45.0646198
            ],
            [
              -111.1352149,
              45.0631756
            ],
            [
              -111.1351696,
              45.0629608
            ],
            [
              -111.1348103,
              45.0621643
            ],
            [
              -111.134734,
              45.0616258
            ],
            [
              -111.1365948,
              45.0612469
            ],
            [
              -111.1375759,
              45.0612922
            ],
            [
              -111.1381374,
              45.0611761
            ],
            [
              -111.1400088,
              45.0609889
            ],
            [
              -111.1401406,
              45.0611522
            ],
            [
              -111.1402711,
              45.061314
            ],
            [
              -111.1420494,
              45.0615014
            ],
            [
              -111.1424658,
              45.061421
            ],
            [
              -111.1428311,
              45.0614504
            ],
            [
              -111.1434166,
              45.0618798
            ],
            [
              -111.1449586,
              45.0618506
            ],
            [
              -111.1455122,
              45.0615184
            ],
            [
              -111.146067,
              45.0610239
            ],
            [
              -111.1469559,
              45.0598517
            ],
            [
              -111.1478162,
              45.0593709
            ],
            [
              -111.1480817,
              45.0591777
            ],
            [
              -111.148431,
              45.0589235
            ],
            [
              -111.148907,
              45.0585771
            ],
            [
              -111.1499373,
              45.0580412
            ],
            [
              -111.1504171,
              45.0577918
            ],
            [
              -111.1522791,
              45.0571406
            ],
            [
              -111.1522061,
              45.056874
            ],
            [
              -111.1525986,
              45.0561587
            ],
            [
              -111.1535772,
              45.0556264
            ],
            [
              -111.1550459,
              45.0542939
            ],
            [
              -111.1552974,
              45.0540657
            ],
            [
              -111.1555112,
              45.0538717
            ],
            [
              -111.1559859,
              45.0537039
            ],
            [
              -111.1559612,
              45.0536838
            ],
            [
              -111.1555355,
              45.0533764
            ],
            [
              -111.1553809,
              45.0532446
            ],
            [
              -111.1552882,
              45.0528714
            ],
            [
              -111.1552495,
              45.0527671
            ],
            [
              -111.1551876,
              45.0526574
            ],
            [
              -111.1551103,
              45.0525531
            ],
            [
              -111.1549865,
              45.0524159
            ],
            [
              -111.1548317,
              45.0522841
            ],
            [
              -111.1546537,
              45.0521689
            ],
            [
              -111.1544525,
              45.0520755
            ],
            [
              -111.1542745,
              45.0520206
            ],
            [
              -111.1541041,
              45.0519931
            ],
            [
              -111.1539803,
              45.0519876
            ],
            [
              -111.1539028,
              45.0519985
            ],
            [
              -111.1536474,
              45.0520807
            ],
            [
              -111.1534925,
              45.0521411
            ],
            [
              -111.1533144,
              45.0521959
            ],
            [
              -111.153113,
              45.0522287
            ],
            [
              -111.1528266,
              45.0522122
            ],
            [
              -111.1525789,
              45.0521518
            ],
            [
              -111.1524939,
              45.0521188
            ],
            [
              -111.1523545,
              45.0520365
            ],
            [
              -111.152223,
              45.0519102
            ],
            [
              -111.1520915,
              45.0517181
            ],
            [
              -111.1519832,
              45.0514931
            ],
            [
              -111.151813,
              45.0513668
            ],
            [
              -111.1515499,
              45.051235
            ],
            [
              -111.150954,
              45.0508837
            ],
            [
              -111.150598,
              45.050686
            ],
            [
              -111.150451,
              45.0506311
            ],
            [
              -111.1502343,
              45.0505816
            ],
            [
              -111.1498937,
              45.0505541
            ],
            [
              -111.1497775,
              45.0505376
            ],
            [
              -111.1496769,
              45.0505101
            ],
            [
              -111.1491507,
              45.0502959
            ],
            [
              -111.1486244,
              45.0500378
            ],
            [
              -111.1485186,
              45.0499784
            ],
            [
              -111.1483445,
              45.0498808
            ],
            [
              -111.1478119,
              45.0495821
            ],
            [
              -111.1476263,
              45.0494393
            ],
            [
              -111.1473013,
              45.0491319
            ],
            [
              -111.1471234,
              45.0490276
            ],
            [
              -111.1470072,
              45.0489946
            ],
            [
              -111.1469066,
              45.0489781
            ],
            [
              -111.146388,
              45.0489285
            ],
            [
              -111.1461712,
              45.04889
            ],
            [
              -111.1459546,
              45.0488406
            ],
            [
              -111.1457688,
              45.0487747
            ],
            [
              -111.1456296,
              45.0487088
            ],
            [
              -111.1453896,
              45.0485715
            ],
            [
              -111.144995,
              45.0484012
            ],
            [
              -111.144817,
              45.048264
            ],
            [
              -111.1444303,
              45.0478523
            ],
            [
              -111.144322,
              45.0477644
            ],
            [
              -111.1442137,
              45.0476985
            ],
            [
              -111.1440898,
              45.0476381
            ],
            [
              -111.1438963,
              45.0475886
            ],
            [
              -111.1438034,
              45.0475777
            ],
            [
              -111.1436719,
              45.0475776
            ],
            [
              -111.143579,
              45.047594
            ],
            [
              -111.1432228,
              45.0476872
            ],
            [
              -111.1430835,
              45.0476926
            ],
            [
              -111.1426655,
              45.047654
            ],
            [
              -111.1425648,
              45.0476266
            ],
            [
              -111.1425029,
              45.0475936
            ],
            [
              -111.142441,
              45.0475332
            ],
            [
              -111.1423947,
              45.0474674
            ],
            [
              -111.1423793,
              45.0474015
            ],
            [
              -111.1423718,
              45.0471107
            ],
            [
              -111.1423176,
              45.0469734
            ],
            [
              -111.1422093,
              45.0468801
            ],
            [
              -111.1420702,
              45.0467813
            ],
            [
              -111.1419772,
              45.0467373
            ],
            [
              -111.1417837,
              45.0466988
            ],
            [
              -111.1413658,
              45.0466713
            ],
            [
              -111.1409709,
              45.0466985
            ],
            [
              -111.1408007,
              45.0467204
            ],
            [
              -111.1406457,
              45.0467588
            ],
            [
              -111.1403283,
              45.0468683
            ],
            [
              -111.1402355,
              45.0468793
            ],
            [
              -111.1401348,
              45.0468738
            ],
            [
              -111.1398485,
              45.0467858
            ],
            [
              -111.1397402,
              45.0467365
            ],
            [
              -111.1396163,
              45.0466541
            ],
            [
              -111.13957,
              45.0465827
            ],
            [
              -111.1395467,
              45.0465169
            ],
            [
              -111.1395391,
              45.0464675
            ],
            [
              -111.1395546,
              45.0463577
            ],
            [
              -111.1395392,
              45.0463248
            ],
            [
              -111.1394696,
              45.0462644
            ],
            [
              -111.1393922,
              45.0462534
            ],
            [
              -111.1391989,
              45.0459789
            ],
            [
              -111.1390596,
              45.0458362
            ],
            [
              -111.1388276,
              45.0457099
            ],
            [
              -111.1384329,
              45.0455451
            ],
            [
              -111.1382782,
              45.0455066
            ],
            [
              -111.1381349,
              45.045495
            ],
            [
              -111.1379375,
              45.045479
            ],
            [
              -111.1377673,
              45.0454735
            ],
            [
              -111.1377363,
              45.0454789
            ],
            [
              -111.1376201,
              45.0455393
            ],
            [
              -111.1374884,
              45.0456435
            ],
            [
              -111.1374807,
              45.0456928
            ],
            [
              -111.1374884,
              45.0457422
            ],
            [
              -111.1375116,
              45.0457861
            ],
            [
              -111.1376353,
              45.0458959
            ],
            [
              -111.1376508,
              45.0459398
            ],
            [
              -111.137643,
              45.0460222
            ],
            [
              -111.1376274,
              45.0460551
            ],
            [
              -111.1374726,
              45.0461319
            ],
            [
              -111.1373719,
              45.0461428
            ],
            [
              -111.1372713,
              45.0461372
            ],
            [
              -111.1368844,
              45.0460712
            ],
            [
              -111.1366444,
              45.0460436
            ],
            [
              -111.1362187,
              45.0459557
            ],
            [
              -111.1361491,
              45.0459282
            ],
            [
              -111.1360176,
              45.0458568
            ],
            [
              -111.135948,
              45.04578
            ],
            [
              -111.135863,
              45.0455768
            ],
            [
              -111.1357857,
              45.0455055
            ],
            [
              -111.1351898,
              45.0452089
            ],
            [
              -111.1350428,
              45.0451704
            ],
            [
              -111.1348571,
              45.0451484
            ],
            [
              -111.1341449,
              45.0451206
            ],
            [
              -111.1339746,
              45.045104
            ],
            [
              -111.1338354,
              45.0450766
            ],
            [
              -111.1335491,
              45.0449777
            ],
            [
              -111.1331699,
              45.0447635
            ],
            [
              -111.1330661,
              45.0446837
            ],
            [
              -111.1329843,
              45.0446207
            ],
            [
              -111.1327755,
              45.044434
            ],
            [
              -111.1326131,
              45.0442639
            ],
            [
              -111.132528,
              45.044154
            ],
            [
              -111.132389,
              45.0439235
            ],
            [
              -111.1322204,
              45.0436141
            ],
            [
              -111.1321674,
              45.0435168
            ],
            [
              -111.1321672,
              45.0435164
            ],
            [
              -111.1321109,
              45.043413
            ],
            [
              -111.132049,
              45.0433361
            ],
            [
              -111.1319716,
              45.0432648
            ],
            [
              -111.131871,
              45.0431934
            ],
            [
              -111.131229,
              45.0428913
            ],
            [
              -111.1310819,
              45.0428088
            ],
            [
              -111.1308344,
              45.0426002
            ],
            [
              -111.1305794,
              45.0422653
            ],
            [
              -111.130502,
              45.042194
            ],
            [
              -111.1304247,
              45.04215
            ],
            [
              -111.1303395,
              45.0421116
            ],
            [
              -111.130177,
              45.0420566
            ],
            [
              -111.1299527,
              45.0420017
            ],
            [
              -111.1297823,
              45.0419796
            ],
            [
              -111.1296431,
              45.0419795
            ],
            [
              -111.1292869,
              45.0420013
            ],
            [
              -111.1290625,
              45.0419738
            ],
            [
              -111.1289464,
              45.0419518
            ],
            [
              -111.1288692,
              45.0419243
            ],
            [
              -111.128699,
              45.0418419
            ],
            [
              -111.1283741,
              45.0415783
            ],
            [
              -111.1278172,
              45.0410896
            ],
            [
              -111.1275776,
              45.0409358
            ],
            [
              -111.1273764,
              45.0408479
            ],
            [
              -111.1271597,
              45.0408149
            ],
            [
              -111.126912,
              45.0408148
            ],
            [
              -111.126347,
              45.040787
            ],
            [
              -111.1262077,
              45.040765
            ],
            [
              -111.1259987,
              45.0407155
            ],
            [
              -111.1257822,
              45.0406276
            ],
            [
              -111.1256638,
              45.0405562
            ],
            [
              -111.125594,
              45.0404409
            ],
            [
              -111.1255707,
              45.0403477
            ],
            [
              -111.1255164,
              45.0402709
            ],
            [
              -111.1254467,
              45.0402051
            ],
            [
              -111.1247884,
              45.0398213
            ],
            [
              -111.12468,
              45.039783
            ],
            [
              -111.124587,
              45.0397665
            ],
            [
              -111.1244478,
              45.0397941
            ],
            [
              -111.1243009,
              45.0398929
            ],
            [
              -111.1242003,
              45.0399917
            ],
            [
              -111.1241384,
              45.0400138
            ],
            [
              -111.1240378,
              45.0400083
            ],
            [
              -111.1238674,
              45.0399645
            ],
            [
              -111.123728,
              45.0399207
            ],
            [
              -111.1236584,
              45.0398823
            ],
            [
              -111.1235654,
              45.0398055
            ],
            [
              -111.1234802,
              45.0396958
            ],
            [
              -111.123449,
              45.0395202
            ],
            [
              -111.1234333,
              45.0393226
            ],
            [
              -111.1234485,
              45.0390319
            ],
            [
              -111.1234329,
              45.038944
            ],
            [
              -111.1233631,
              45.0388507
            ],
            [
              -111.1232857,
              45.0388069
            ],
            [
              -111.1231308,
              45.0387412
            ],
            [
              -111.1229992,
              45.0387083
            ],
            [
              -111.1228909,
              45.0386974
            ],
            [
              -111.1227284,
              45.0387139
            ],
            [
              -111.1222951,
              45.0388294
            ],
            [
              -111.1219855,
              45.0388954
            ],
            [
              -111.1217998,
              45.0389229
            ],
            [
              -111.1216759,
              45.038923
            ],
            [
              -111.1215598,
              45.0389121
            ],
            [
              -111.1209328,
              45.0388191
            ],
            [
              -111.1207547,
              45.0387753
            ],
            [
              -111.120569,
              45.038715
            ],
            [
              -111.1204218,
              45.0386493
            ],
            [
              -111.1200268,
              45.038397
            ],
            [
              -111.1199417,
              45.0383202
            ],
            [
              -111.119872,
              45.038238
            ],
            [
              -111.1198177,
              45.0381502
            ],
            [
              -111.1197944,
              45.0380569
            ],
            [
              -111.1198019,
              45.0379472
            ],
            [
              -111.1199255,
              45.0376288
            ],
            [
              -111.1199486,
              45.0374971
            ],
            [
              -111.1199327,
              45.037091
            ],
            [
              -111.1199171,
              45.0369758
            ],
            [
              -111.1198938,
              45.0369099
            ],
            [
              -111.1197697,
              45.0366795
            ],
            [
              -111.119762,
              45.0366357
            ],
            [
              -111.1197928,
              45.0365643
            ],
            [
              -111.1201795,
              45.0363171
            ],
            [
              -111.1203111,
              45.0362128
            ],
            [
              -111.1203574,
              45.0361525
            ],
            [
              -111.1204424,
              45.0359768
            ],
            [
              -111.1204268,
              45.035889
            ],
            [
              -111.1204035,
              45.0358341
            ],
            [
              -111.1203184,
              45.0357409
            ],
            [
              -111.1201324,
              45.0355983
            ],
            [
              -111.1199311,
              45.0354942
            ],
            [
              -111.1196059,
              45.0354011
            ],
            [
              -111.1194047,
              45.0354285
            ],
            [
              -111.1193196,
              45.035456
            ],
            [
              -111.1189173,
              45.0355057
            ],
            [
              -111.1187702,
              45.0355112
            ],
            [
              -111.1184064,
              45.0354675
            ],
            [
              -111.1182129,
              45.0354292
            ],
            [
              -111.1180967,
              45.0353853
            ],
            [
              -111.1178954,
              45.0352592
            ],
            [
              -111.1178024,
              45.0351824
            ],
            [
              -111.1176089,
              45.0351112
            ],
            [
              -111.1173069,
              45.0350235
            ],
            [
              -111.1169277,
              45.0349524
            ],
            [
              -111.1167574,
              45.0349031
            ],
            [
              -111.1166103,
              45.0348427
            ],
            [
              -111.1165019,
              45.0347879
            ],
            [
              -111.1160682,
              45.0345302
            ],
            [
              -111.1156269,
              45.0342944
            ],
            [
              -111.1150616,
              45.0340313
            ],
            [
              -111.114899,
              45.0339162
            ],
            [
              -111.1148061,
              45.0338668
            ],
            [
              -111.1146513,
              45.0337626
            ],
            [
              -111.1145273,
              45.0336475
            ],
            [
              -111.1144421,
              45.0335322
            ],
            [
              -111.1142405,
              45.0331536
            ],
            [
              -111.1141708,
              45.033055
            ],
            [
              -111.114101,
              45.0329836
            ],
            [
              -111.1140391,
              45.0329398
            ],
            [
              -111.1139772,
              45.0329069
            ],
            [
              -111.1139075,
              45.0328904
            ],
            [
              -111.1133813,
              45.0328687
            ],
            [
              -111.1132807,
              45.0328413
            ],
            [
              -111.1131878,
              45.032803
            ],
            [
              -111.1128935,
              45.0325945
            ],
            [
              -111.1127619,
              45.0324793
            ],
            [
              -111.1126456,
              45.0323478
            ],
            [
              -111.1125293,
              45.0321886
            ],
            [
              -111.1124519,
              45.032046
            ],
            [
              -111.1123742,
              45.0318046
            ],
            [
              -111.1123587,
              45.0316619
            ],
            [
              -111.1123664,
              45.0315467
            ],
            [
              -111.1125051,
              45.0309429
            ],
            [
              -111.112505,
              45.0308222
            ],
            [
              -111.1124817,
              45.0307289
            ],
            [
              -111.1124196,
              45.0306083
            ],
            [
              -111.1121021,
              45.0301803
            ],
            [
              -111.1115133,
              45.0295111
            ],
            [
              -111.1113971,
              45.029363
            ],
            [
              -111.1113036,
              45.0292195
            ],
            [
              -111.1110407,
              45.0288144
            ],
            [
              -111.1110047,
              45.0287736
            ],
            [
              -111.1108857,
              45.0286389
            ],
            [
              -111.1107077,
              45.0284633
            ],
            [
              -111.1105992,
              45.0283756
            ],
            [
              -111.1104289,
              45.0282824
            ],
            [
              -111.1100031,
              45.028085
            ],
            [
              -111.1096935,
              45.0279534
            ],
            [
              -111.1092213,
              45.0277945
            ],
            [
              -111.1090588,
              45.0277726
            ],
            [
              -111.1089273,
              45.0277671
            ],
            [
              -111.1087106,
              45.0277947
            ],
            [
              -111.1086952,
              45.0278112
            ],
            [
              -111.1084319,
              45.0277563
            ],
            [
              -111.1083778,
              45.0277289
            ],
            [
              -111.1083313,
              45.027696
            ],
            [
              -111.1082926,
              45.0276466
            ],
            [
              -111.1082228,
              45.0275205
            ],
            [
              -111.1081841,
              45.0274217
            ],
            [
              -111.108184,
              45.02729
            ],
            [
              -111.1081528,
              45.0270101
            ],
            [
              -111.1081062,
              45.0269005
            ],
            [
              -111.1080366,
              45.0267962
            ],
            [
              -111.1079669,
              45.0267249
            ],
            [
              -111.1077268,
              45.0265549
            ],
            [
              -111.1074791,
              45.0263958
            ],
            [
              -111.1073165,
              45.0263355
            ],
            [
              -111.1071153,
              45.0262862
            ],
            [
              -111.1065116,
              45.0262261
            ],
            [
              -111.1062331,
              45.0261822
            ],
            [
              -111.1060474,
              45.026122
            ],
            [
              -111.1059545,
              45.0260782
            ],
            [
              -111.1056835,
              45.0258861
            ],
            [
              -111.1056215,
              45.0258532
            ],
            [
              -111.1055442,
              45.0258314
            ],
            [
              -111.1052191,
              45.0257766
            ],
            [
              -111.105072,
              45.0257163
            ],
            [
              -111.1049946,
              45.0256615
            ],
            [
              -111.1048242,
              45.0254969
            ],
            [
              -111.1046926,
              45.0253982
            ],
            [
              -111.1045455,
              45.0253104
            ],
            [
              -111.1042669,
              45.0252336
            ],
            [
              -111.1039884,
              45.0252558
            ],
            [
              -111.1038182,
              45.0253161
            ],
            [
              -111.1028821,
              45.025739
            ],
            [
              -111.10265,
              45.0257776
            ],
            [
              -111.1022322,
              45.0257173
            ],
            [
              -111.1020231,
              45.025668
            ],
            [
              -111.1015123,
              45.0255036
            ],
            [
              -111.1014582,
              45.0254707
            ],
            [
              -111.1010323,
              45.0251086
            ],
            [
              -111.1008542,
              45.024977
            ],
            [
              -111.100715,
              45.0248837
            ],
            [
              -111.100413,
              45.0247522
            ],
            [
              -111.0999488,
              45.024648
            ],
            [
              -111.0996237,
              45.0246152
            ],
            [
              -111.0994845,
              45.0245878
            ],
            [
              -111.0991129,
              45.0244343
            ],
            [
              -111.0989038,
              45.0242752
            ],
            [
              -111.0988651,
              45.0241984
            ],
            [
              -111.0976418,
              45.0227939
            ],
            [
              -111.09751,
              45.0226623
            ],
            [
              -111.0973454,
              45.0225428
            ],
            [
              -111.0968754,
              45.0222015
            ],
            [
              -111.0967909,
              45.022131
            ],
            [
              -111.0967909,
              45.022108
            ],
            [
              -111.096791,
              45.02153
            ],
            [
              -111.096791,
              45.0213768
            ],
            [
              -111.0967914,
              45.0200012
            ],
            [
              -111.0968043,
              45.0142849
            ],
            [
              -111.0968054,
              45.0127454
            ],
            [
              -111.0968282,
              45.0054813
            ],
            [
              -111.0968423,
              44.9997686
            ],
            [
              -111.0968442,
              44.9982239
            ],
            [
              -111.0968863,
              44.9909235
            ],
            [
              -111.0969284,
              44.9836232
            ],
            [
              -111.0969705,
              44.9763228
            ],
            [
              -111.0970125,
              44.9690224
            ],
            [
              -111.0970416,
              44.9617384
            ],
            [
              -111.0970706,
              44.9544544
            ],
            [
              -111.0970997,
              44.9471704
            ],
            [
              -111.0971287,
              44.9398865
            ],
            [
              -111.0971578,
              44.9326025
            ],
            [
              -111.0971868,
              44.9253184
            ],
            [
              -111.0972039,
              44.9180669
            ],
            [
              -111.0972159,
              44.9119919
            ],
            [
              -111.0972162,
              44.9108192
            ],
            [
              -111.097219,
              44.9076432
            ],
            [
              -111.0972226,
              44.9040237
            ],
            [
              -111.0972226,
              44.903888
            ],
            [
              -111.0972259,
              44.9004042
            ],
            [
              -111.0972295,
              44.8967847
            ],
            [
              -111.0972295,
              44.8966942
            ],
            [
              -111.097232,
              44.8931606
            ],
            [
              -111.0972346,
              44.8895363
            ],
            [
              -111.0972346,
              44.889444
            ],
            [
              -111.097235,
              44.8882642
            ],
            [
              -111.0972354,
              44.8882589
            ],
            [
              -111.097235,
              44.8882552
            ],
            [
              -111.0972348,
              44.6650552
            ],
            [
              -111.0972059,
              44.6569777
            ],
            [
              -111.0971962,
              44.654169
            ],
            [
              -111.0972218,
              44.6505408
            ],
            [
              -111.0959809,
              44.4861029
            ],
            [
              -111.0972998,
              44.3588916
            ],
            [
              -111.0976742,
              44.2730575
            ],
            [
              -111.0976371,
              44.2439867
            ],
            [
              -111.0979136,
              44.1859698
            ],
            [
              -111.098012,
              44.1328267
            ],
            [
              -111.0538707,
              44.1328165
            ],
            [
              -111.0522992,
              44.1328164
            ],
            [
              -111.048432,
              44.1327492
            ],
            [
              -111.0333091,
              44.1327448
            ],
            [
              -111.0111992,
              44.1327383
            ],
            [
              -110.932213,
              44.132566
            ],
            [
              -110.915726,
              44.132555
            ],
            [
              -110.900954,
              44.132569
            ],
            [
              -110.8955696,
              44.1325739
            ],
            [
              -110.875731,
              44.132592
            ],
            [
              -110.849051,
              44.132514
            ],
            [
              -110.846181,
              44.132499
            ],
            [
              -110.82185,
              44.132459
            ],
            [
              -110.770649,
              44.132263
            ],
            [
              -110.768629,
              44.132254
            ],
            [
              -110.750808,
              44.132175
            ],
            [
              -110.680605,
              44.131575
            ],
            [
              -110.663717,
              44.1316601
            ],
            [
              -110.661863,
              44.131719
            ],
            [
              -110.661699,
              44.131724
            ],
            [
              -110.661535,
              44.13173
            ],
            [
              -110.661341,
              44.131736
            ],
            [
              -110.66086,
              44.131751
            ],
            [
              -110.660637,
              44.131752
            ],
            [
              -110.660413,
              44.131752
            ],
            [
              -110.658898,
              44.131755
            ],
            [
              -110.631944,
              44.131818
            ],
            [
              -110.631509,
              44.131817
            ],
            [
              -110.631237,
              44.131818
            ],
            [
              -110.625828,
              44.13183
            ],
            [
              -110.614609,
              44.132469
            ],
            [
              -110.610294,
              44.132465
            ],
            [
              -110.572079,
              44.132429
            ],
            [
              -110.572072,
              44.132429
            ],
            [
              -110.563203,
              44.13242
            ],
            [
              -110.555151,
              44.132413
            ],
            [
              -110.554548,
              44.132412
            ],
            [
              -110.553945,
              44.132412
            ],
            [
              -110.553746,
              44.132412
            ],
            [
              -110.55115,
              44.13241
            ],
            [
              -110.548555,
              44.132408
            ],
            [
              -110.514793,
              44.132375
            ],
            [
              -110.514447,
              44.132375
            ],
            [
              -110.512845,
              44.132323
            ],
            [
              -110.500866,
              44.132308
            ],
            [
              -110.500864,
              44.132641
            ],
            [
              -110.441804,
              44.132641
            ],
            [
              -110.431103,
              44.132652
            ],
            [
              -110.427118,
              44.132655
            ],
            [
              -110.426454,
              44.132655
            ],
            [
              -110.415398,
              44.132667
            ],
            [
              -110.397014,
              44.132667
            ],
            [
              -110.375752,
              44.132667
            ],
            [
              -110.367273,
              44.132683
            ],
            [
              -110.364441,
              44.132675
            ],
            [
              -110.355913,
              44.132681
            ],
            [
              -110.353673,
              44.132683
            ],
            [
              -110.350967,
              44.132685
            ],
            [
              -110.33872,
              44.132709
            ],
            [
              -110.3216548,
              44.1327417
            ],
            [
              -110.315736,
              44.132753
            ],
            [
              -110.309503,
              44.132765
            ],
            [
              -110.308581,
              44.132768
            ],
            [
              -110.306451,
              44.132769
            ],
            [
              -110.2989738,
              44.1327786
            ],
            [
              -110.293276,
              44.132786
            ],
            [
              -110.284774,
              44.132798
            ],
            [
              -110.250435,
              44.133121
            ],
            [
              -110.246244,
              44.13315
            ],
            [
              -110.2264379,
              44.1332176
            ],
            [
              -110.226325,
              44.133218
            ],
            [
              -110.224827,
              44.133244
            ],
            [
              -110.224282,
              44.133253
            ],
            [
              -110.166293,
              44.132858
            ],
            [
              -110.154613,
              44.132779
            ],
            [
              -110.14333,
              44.132702
            ],
            [
              -110.132792,
              44.13263
            ],
            [
              -110.1297587,
              44.1326283
            ],
            [
              -110.125745,
              44.132626
            ],
            [
              -110.119775,
              44.132579
            ],
            [
              -110.119686,
              44.132578
            ],
            [
              -110.119596,
              44.132578
            ],
            [
              -110.11952,
              44.132579
            ],
            [
              -110.119443,
              44.13258
            ],
            [
              -110.119193,
              44.132584
            ],
            [
              -110.078559,
              44.132598
            ],
            [
              -110.078478,
              44.132598
            ],
            [
              -110.07835,
              44.132598
            ],
            [
              -110.078221,
              44.132598
            ],
            [
              -110.078047,
              44.132598
            ],
            [
              -110.063464,
              44.132629
            ],
            [
              -110.063158,
              44.132629
            ],
            [
              -110.053357,
              44.132628
            ],
            [
              -110.001137,
              44.1325842
            ],
            [
              -110.0016087,
              44.1819152
            ],
            [
              -110.001632,
              44.184349
            ],
            [
              -110.0016197,
              44.1868433
            ],
            [
              -110.001606,
              44.189628
            ],
            [
              -110.001597,
              44.191645
            ],
            [
              -110.001571,
              44.197111
            ],
            [
              -110.001566,
              44.197957
            ],
            [
              -110.001562,
              44.198803
            ],
            [
              -110.00153,
              44.205466
            ],
            [
              -110.001505,
              44.210683
            ],
            [
              -110.001505,
              44.210746
            ],
            [
              -110.001478,
              44.215527
            ],
            [
              -110.0014,
              44.22958
            ],
            [
              -110.001398,
              44.22987
            ],
            [
              -110.001372,
              44.234652
            ],
            [
              -110.001348,
              44.236178
            ],
            [
              -110.001277,
              44.240758
            ],
            [
              -110.001254,
              44.242285
            ],
            [
              -110.001652,
              44.249946
            ],
            [
              -110.001648,
              44.251525
            ],
            [
              -110.001639,
              44.255894
            ],
            [
              -110.001588,
              44.278326
            ],
            [
              -110.001585,
              44.279278
            ],
            [
              -110.001565,
              44.28853
            ],
            [
              -110.001562,
              44.291522
            ],
            [
              -110.0015617,
              44.291925
            ],
            [
              -110.001559,
              44.295724
            ],
            [
              -110.001555,
              44.3005
            ],
            [
              -110.001553,
              44.303493
            ],
            [
              -110.001486,
              44.319413
            ],
            [
              -110.00074,
              44.3237705
            ],
            [
              -110.0001467,
              44.3239187
            ],
            [
              -110.0001517,
              44.3239181
            ],
            [
              -110.0007419,
              44.3240312
            ],
            [
              -110.0009893,
              44.3240784
            ],
            [
              -110.0010766,
              44.3241062
            ],
            [
              -110.0012144,
              44.3241164
            ],
            [
              -110.0014025,
              44.3241181
            ],
            [
              -110.0016788,
              44.3240935
            ],
            [
              -110.0020683,
              44.3240518
            ],
            [
              -110.0022779,
              44.324018
            ],
            [
              -110.0023324,
              44.3240091
            ],
            [
              -110.0027092,
              44.3239764
            ],
            [
              -110.0030601,
              44.3239885
            ],
            [
              -110.0034482,
              44.3240279
            ],
            [
              -110.0039114,
              44.3240769
            ],
            [
              -110.0043843,
              44.3241168
            ],
            [
              -110.0043873,
              44.3241171
            ],
            [
              -110.0047626,
              44.3241744
            ],
            [
              -110.0050496,
              44.3242579
            ],
            [
              -110.0053112,
              44.3243682
            ],
            [
              -110.0056467,
              44.3245512
            ],
            [
              -110.0059947,
              44.3247343
            ],
            [
              -110.0063677,
              44.3249266
            ],
            [
              -110.0068019,
              44.3252095
            ],
            [
              -110.0074464,
              44.3256652
            ],
            [
              -110.0078703,
              44.325813
            ],
            [
              -110.0081456,
              44.3258514
            ],
            [
              -110.0083965,
              44.3258446
            ],
            [
              -110.0088986,
              44.3258219
            ],
            [
              -110.0092366,
              44.3258608
            ],
            [
              -110.0096109,
              44.3259721
            ],
            [
              -110.0101977,
              44.3261303
            ],
            [
              -110.0106833,
              44.3263415
            ],
            [
              -110.0110316,
              44.3265156
            ],
            [
              -110.0113303,
              44.3266533
            ],
            [
              -110.0115912,
              44.3267996
            ],
            [
              -110.011792,
              44.3267923
            ],
            [
              -110.012081,
              44.3267588
            ],
            [
              -110.0122824,
              44.3267155
            ],
            [
              -110.012452,
              44.326353
            ],
            [
              -110.013459,
              44.325482
            ],
            [
              -110.01534,
              44.324362
            ],
            [
              -110.017189,
              44.323742
            ],
            [
              -110.019143,
              44.323518
            ],
            [
              -110.0203579,
              44.3233733
            ],
            [
              -110.021275,
              44.323264
            ],
            [
              -110.022247,
              44.322474
            ],
            [
              -110.023786,
              44.321124
            ],
            [
              -110.026014,
              44.319845
            ],
            [
              -110.026923,
              44.31949
            ],
            [
              -110.027688,
              44.319707
            ],
            [
              -110.028255,
              44.320415
            ],
            [
              -110.029624,
              44.321089
            ],
            [
              -110.031169,
              44.321887
            ],
            [
              -110.032794,
              44.322563
            ],
            [
              -110.034824,
              44.323058
            ],
            [
              -110.037051,
              44.323692
            ],
            [
              -110.038135,
              44.32476
            ],
            [
              -110.038969,
              44.326067
            ],
            [
              -110.039243,
              44.326422
            ],
            [
              -110.039905,
              44.327278
            ],
            [
              -110.040936,
              44.328191
            ],
            [
              -110.043912,
              44.328703
            ],
            [
              -110.045898,
              44.329205
            ],
            [
              -110.047661,
              44.329665
            ],
            [
              -110.04894,
              44.330379
            ],
            [
              -110.050579,
              44.330959
            ],
            [
              -110.052328,
              44.330943
            ],
            [
              -110.054463,
              44.33114
            ],
            [
              -110.056327,
              44.331592
            ],
            [
              -110.058899,
              44.331728
            ],
            [
              -110.060967,
              44.331965
            ],
            [
              -110.06184,
              44.33236
            ],
            [
              -110.062576,
              44.332964
            ],
            [
              -110.063039,
              44.333888
            ],
            [
              -110.063268,
              44.334762
            ],
            [
              -110.063512,
              44.336137
            ],
            [
              -110.064536,
              44.336194
            ],
            [
              -110.066305,
              44.336977
            ],
            [
              -110.067637,
              44.337868
            ],
            [
              -110.068449,
              44.339248
            ],
            [
              -110.068973,
              44.339874
            ],
            [
              -110.069454,
              44.341049
            ],
            [
              -110.070152,
              44.341943
            ],
            [
              -110.070678,
              44.343085
            ],
            [
              -110.07055,
              44.344045
            ],
            [
              -110.070432,
              44.345077
            ],
            [
              -110.070244,
              44.346262
            ],
            [
              -110.070208,
              44.347674
            ],
            [
              -110.070594,
              44.349211
            ],
            [
              -110.071004,
              44.349973
            ],
            [
              -110.071848,
              44.350812
            ],
            [
              -110.072543,
              44.351851
            ],
            [
              -110.072632,
              44.352522
            ],
            [
              -110.07176,
              44.353927
            ],
            [
              -110.071571,
              44.355224
            ],
            [
              -110.071925,
              44.35664
            ],
            [
              -110.072567,
              44.358187
            ],
            [
              -110.071646,
              44.359261
            ],
            [
              -110.071146,
              44.360435
            ],
            [
              -110.070123,
              44.36158
            ],
            [
              -110.068656,
              44.36327
            ],
            [
              -110.068057,
              44.364386
            ],
            [
              -110.06832,
              44.365922
            ],
            [
              -110.06846,
              44.366843
            ],
            [
              -110.068607,
              44.368039
            ],
            [
              -110.069083,
              44.368891
            ],
            [
              -110.069562,
              44.370832
            ],
            [
              -110.07031,
              44.372695
            ],
            [
              -110.070937,
              44.373823
            ],
            [
              -110.069521,
              44.374472
            ],
            [
              -110.068801,
              44.374945
            ],
            [
              -110.068342,
              44.375254
            ],
            [
              -110.067759,
              44.375606
            ],
            [
              -110.067328,
              44.376266
            ],
            [
              -110.067244,
              44.376839
            ],
            [
              -110.067454,
              44.377224
            ],
            [
              -110.067594,
              44.377479
            ],
            [
              -110.067689,
              44.377717
            ],
            [
              -110.067952,
              44.378378
            ],
            [
              -110.068462,
              44.379649
            ],
            [
              -110.068641,
              44.38083
            ],
            [
              -110.068733,
              44.381435
            ],
            [
              -110.068645,
              44.382788
            ],
            [
              -110.068533,
              44.384511
            ],
            [
              -110.068927,
              44.385871
            ],
            [
              -110.068952,
              44.385959
            ],
            [
              -110.069024,
              44.386077
            ],
            [
              -110.069817,
              44.387378
            ],
            [
              -110.06921,
              44.387891
            ],
            [
              -110.068556,
              44.388566
            ],
            [
              -110.068324,
              44.38942
            ],
            [
              -110.068694,
              44.390254
            ],
            [
              -110.069521,
              44.391099
            ],
            [
              -110.070729,
              44.391745
            ],
            [
              -110.072164,
              44.393078
            ],
            [
              -110.073019,
              44.394384
            ],
            [
              -110.07359,
              44.396293
            ],
            [
              -110.074298,
              44.397888
            ],
            [
              -110.074357,
              44.398559
            ],
            [
              -110.07353,
              44.398821
            ],
            [
              -110.071418,
              44.399316
            ],
            [
              -110.068822,
              44.401207
            ],
            [
              -110.066861,
              44.40428
            ],
            [
              -110.065521,
              44.406549
            ],
            [
              -110.064913,
              44.408177
            ],
            [
              -110.064478,
              44.409175
            ],
            [
              -110.063985,
              44.410448
            ],
            [
              -110.063998,
              44.411297
            ],
            [
              -110.063486,
              44.412279
            ],
            [
              -110.063118,
              44.413302
            ],
            [
              -110.062503,
              44.414477
            ],
            [
              -110.061995,
              44.415064
            ],
            [
              -110.061646,
              44.415361
            ],
            [
              -110.061909,
              44.415823
            ],
            [
              -110.062404,
              44.416431
            ],
            [
              -110.062761,
              44.417435
            ],
            [
              -110.062392,
              44.418563
            ],
            [
              -110.061664,
              44.4199
            ],
            [
              -110.060648,
              44.421072
            ],
            [
              -110.058551,
              44.422077
            ],
            [
              -110.057895,
              44.421928
            ],
            [
              -110.056717,
              44.421581
            ],
            [
              -110.055489,
              44.421727
            ],
            [
              -110.053931,
              44.422404
            ],
            [
              -110.051606,
              44.423875
            ],
            [
              -110.049944,
              44.424963
            ],
            [
              -110.047553,
              44.426361
            ],
            [
              -110.045851,
              44.427005
            ],
            [
              -110.044791,
              44.427006
            ],
            [
              -110.043321,
              44.425729
            ],
            [
              -110.041379,
              44.424836
            ],
            [
              -110.039101,
              44.424127
            ],
            [
              -110.038231,
              44.424146
            ],
            [
              -110.036602,
              44.425193
            ],
            [
              -110.035917,
              44.425657
            ],
            [
              -110.035276,
              44.426065
            ],
            [
              -110.033874,
              44.426807
            ],
            [
              -110.032721,
              44.427131
            ],
            [
              -110.03194,
              44.427158
            ],
            [
              -110.031314,
              44.427372
            ],
            [
              -110.030706,
              44.427861
            ],
            [
              -110.030051,
              44.428535
            ],
            [
              -110.029109,
              44.428997
            ],
            [
              -110.027944,
              44.429466
            ],
            [
              -110.02709,
              44.43001
            ],
            [
              -110.026985,
              44.430429
            ],
            [
              -110.02702,
              44.431245
            ],
            [
              -110.027004,
              44.431722
            ],
            [
              -110.026728,
              44.432439
            ],
            [
              -110.026454,
              44.432978
            ],
            [
              -110.026322,
              44.433777
            ],
            [
              -110.02659,
              44.434731
            ],
            [
              -110.027083,
              44.43547
            ],
            [
              -110.027447,
              44.435827
            ],
            [
              -110.0272,
              44.436981
            ],
            [
              -110.027067,
              44.437876
            ],
            [
              -110.026349,
              44.438203
            ],
            [
              -110.025787,
              44.438627
            ],
            [
              -110.025121,
              44.439341
            ],
            [
              -110.02507,
              44.439589
            ],
            [
              -110.024991,
              44.439979
            ],
            [
              -110.024699,
              44.440106
            ],
            [
              -110.024139,
              44.440264
            ],
            [
              -110.022779,
              44.441168
            ],
            [
              -110.022289,
              44.442053
            ],
            [
              -110.021902,
              44.442769
            ],
            [
              -110.020912,
              44.443449
            ],
            [
              -110.019697,
              44.444402
            ],
            [
              -110.018892,
              44.445463
            ],
            [
              -110.018078,
              44.446411
            ],
            [
              -110.017243,
              44.447197
            ],
            [
              -110.015596,
              44.447848
            ],
            [
              -110.013939,
              44.448354
            ],
            [
              -110.012208,
              44.4494
            ],
            [
              -110.010376,
              44.451537
            ],
            [
              -110.009815,
              44.452728
            ],
            [
              -110.009738,
              44.45364
            ],
            [
              -110.008767,
              44.454458
            ],
            [
              -110.00792,
              44.455357
            ],
            [
              -110.007309,
              44.456071
            ],
            [
              -110.005953,
              44.4575
            ],
            [
              -110.002027,
              44.460171
            ],
            [
              -110.0020309,
              44.4604875
            ],
            [
              -110.002152,
              44.470358
            ],
            [
              -110.002303,
              44.482712
            ],
            [
              -110.002316,
              44.4837848
            ],
            [
              -110.002373,
              44.488471
            ],
            [
              -110.002374,
              44.48859
            ],
            [
              -110.002375,
              44.488602
            ],
            [
              -110.00238,
              44.488947
            ],
            [
              -110.002382,
              44.489067
            ],
            [
              -110.002395,
              44.490161
            ],
            [
              -110.002516,
              44.499944
            ],
            [
              -110.001641,
              44.499944
            ],
            [
              -110.001267,
              44.504036
            ],
            [
              -110.003004,
              44.504008
            ],
            [
              -110.004791,
              44.503681
            ],
            [
              -110.006255,
              44.502754
            ],
            [
              -110.006725,
              44.502689
            ],
            [
              -110.008462,
              44.502562
            ],
            [
              -110.009731,
              44.502399
            ],
            [
              -110.01166,
              44.501906
            ],
            [
              -110.013781,
              44.501048
            ],
            [
              -110.015052,
              44.500586
            ],
            [
              -110.016373,
              44.499944
            ],
            [
              -110.014275,
              44.499944
            ],
            [
              -110.015531,
              44.499526
            ],
            [
              -110.016336,
              44.49937
            ],
            [
              -110.017756,
              44.49925
            ],
            [
              -110.018995,
              44.499242
            ],
            [
              -110.020144,
              44.499371
            ],
            [
              -110.021315,
              44.499483
            ],
            [
              -110.022061,
              44.499706
            ],
            [
              -110.022537,
              44.499944
            ],
            [
              -110.021797,
              44.499944
            ],
            [
              -110.019891,
              44.499944
            ],
            [
              -110.020823,
              44.50057
            ],
            [
              -110.02185,
              44.501072
            ],
            [
              -110.02269,
              44.501441
            ],
            [
              -110.023205,
              44.501609
            ],
            [
              -110.024752,
              44.501713
            ],
            [
              -110.026396,
              44.501485
            ],
            [
              -110.028466,
              44.500959
            ],
            [
              -110.030801,
              44.499944
            ],
            [
              -110.032878,
              44.498993
            ],
            [
              -110.035455,
              44.497378
            ],
            [
              -110.037259,
              44.495823
            ],
            [
              -110.040402,
              44.495326
            ],
            [
              -110.042208,
              44.495548
            ],
            [
              -110.044352,
              44.495602
            ],
            [
              -110.045313,
              44.495462
            ],
            [
              -110.047021,
              44.495554
            ],
            [
              -110.04905,
              44.495841
            ],
            [
              -110.050268,
              44.495695
            ],
            [
              -110.051874,
              44.49489
            ],
            [
              -110.053555,
              44.494327
            ],
            [
              -110.055697,
              44.494494
            ],
            [
              -110.05757,
              44.494748
            ],
            [
              -110.059065,
              44.494886
            ],
            [
              -110.060784,
              44.494865
            ],
            [
              -110.062103,
              44.494776
            ],
            [
              -110.063623,
              44.494632
            ],
            [
              -110.06481,
              44.494348
            ],
            [
              -110.065701,
              44.493465
            ],
            [
              -110.066148,
              44.492418
            ],
            [
              -110.06657,
              44.491597
            ],
            [
              -110.068016,
              44.491154
            ],
            [
              -110.068715,
              44.49056
            ],
            [
              -110.06905,
              44.49053
            ],
            [
              -110.070332,
              44.490659
            ],
            [
              -110.071448,
              44.490747
            ],
            [
              -110.072919,
              44.491014
            ],
            [
              -110.073631,
              44.491228
            ],
            [
              -110.074369,
              44.491144
            ],
            [
              -110.076103,
              44.490775
            ],
            [
              -110.077487,
              44.490888
            ],
            [
              -110.07935,
              44.491013
            ],
            [
              -110.080848,
              44.49082
            ],
            [
              -110.082701,
              44.490823
            ],
            [
              -110.084076,
              44.490678
            ],
            [
              -110.085998,
              44.490576
            ],
            [
              -110.087408,
              44.490229
            ],
            [
              -110.088494,
              44.489945
            ],
            [
              -110.089793,
              44.489597
            ],
            [
              -110.090978,
              44.489435
            ],
            [
              -110.091629,
              44.489132
            ],
            [
              -110.092144,
              44.488957
            ],
            [
              -110.093522,
              44.488529
            ],
            [
              -110.095402,
              44.488088
            ],
            [
              -110.096701,
              44.487716
            ],
            [
              -110.09771,
              44.48727
            ],
            [
              -110.097982,
              44.486851
            ],
            [
              -110.098492,
              44.486079
            ],
            [
              -110.099275,
              44.486003
            ],
            [
              -110.100226,
              44.485823
            ],
            [
              -110.101501,
              44.485596
            ],
            [
              -110.102914,
              44.485055
            ],
            [
              -110.104301,
              44.484732
            ],
            [
              -110.105593,
              44.483932
            ],
            [
              -110.107121,
              44.483004
            ],
            [
              -110.107953,
              44.482395
            ],
            [
              -110.108708,
              44.48164
            ],
            [
              -110.109474,
              44.480958
            ],
            [
              -110.110729,
              44.480521
            ],
            [
              -110.111269,
              44.480153
            ],
            [
              -110.111345,
              44.479232
            ],
            [
              -110.11162,
              44.478523
            ],
            [
              -110.111884,
              44.477806
            ],
            [
              -110.112427,
              44.477001
            ],
            [
              -110.113135,
              44.476513
            ],
            [
              -110.113976,
              44.476219
            ],
            [
              -110.115356,
              44.475419
            ],
            [
              -110.115873,
              44.475123
            ],
            [
              -110.117097,
              44.474371
            ],
            [
              -110.117791,
              44.474149
            ],
            [
              -110.118554,
              44.473774
            ],
            [
              -110.119684,
              44.473473
            ],
            [
              -110.120758,
              44.473269
            ],
            [
              -110.121737,
              44.473541
            ],
            [
              -110.122382,
              44.473771
            ],
            [
              -110.123116,
              44.474074
            ],
            [
              -110.124026,
              44.474636
            ],
            [
              -110.124749,
              44.474915
            ],
            [
              -110.125745,
              44.475244
            ],
            [
              -110.126261,
              44.475451
            ],
            [
              -110.126579,
              44.475825
            ],
            [
              -110.127129,
              44.476362
            ],
            [
              -110.127568,
              44.47693
            ],
            [
              -110.128184,
              44.477525
            ],
            [
              -110.128733,
              44.478159
            ],
            [
              -110.12908,
              44.47888
            ],
            [
              -110.129702,
              44.479862
            ],
            [
              -110.129615,
              44.480507
            ],
            [
              -110.129401,
              44.481483
            ],
            [
              -110.12928,
              44.482177
            ],
            [
              -110.129127,
              44.482773
            ],
            [
              -110.128828,
              44.483441
            ],
            [
              -110.128795,
              44.484183
            ],
            [
              -110.128795,
              44.484192
            ],
            [
              -110.129248,
              44.48535
            ],
            [
              -110.129575,
              44.485894
            ],
            [
              -110.13008,
              44.486463
            ],
            [
              -110.1305716,
              44.4867715
            ],
            [
              -110.130966,
              44.487019
            ],
            [
              -110.131839,
              44.487631
            ],
            [
              -110.132915,
              44.488027
            ],
            [
              -110.13329,
              44.488361
            ],
            [
              -110.134164,
              44.488908
            ],
            [
              -110.135196,
              44.489247
            ],
            [
              -110.1357249,
              44.4893242
            ],
            [
              -110.136398,
              44.489417
            ],
            [
              -110.137667,
              44.48962
            ],
            [
              -110.138946,
              44.48988
            ],
            [
              -110.139893,
              44.49
            ],
            [
              -110.140275,
              44.490576
            ],
            [
              -110.140793,
              44.491081
            ],
            [
              -110.141508,
              44.491813
            ],
            [
              -110.142203,
              44.492392
            ],
            [
              -110.142562,
              44.49304
            ],
            [
              -110.14299,
              44.493593
            ],
            [
              -110.143459,
              44.49438
            ],
            [
              -110.143679,
              44.495415
            ],
            [
              -110.143661,
              44.495956
            ],
            [
              -110.143596,
              44.49661
            ],
            [
              -110.143376,
              44.497238
            ],
            [
              -110.143389,
              44.497949
            ],
            [
              -110.143636,
              44.498637
            ],
            [
              -110.144018,
              44.499238
            ],
            [
              -110.144827,
              44.499672
            ],
            [
              -110.145492,
              44.499944
            ],
            [
              -110.146506,
              44.499944
            ],
            [
              -110.147016,
              44.500401
            ],
            [
              -110.147427,
              44.501307
            ],
            [
              -110.146797,
              44.50321
            ],
            [
              -110.146319,
              44.504177
            ],
            [
              -110.14715,
              44.505153
            ],
            [
              -110.147552,
              44.506795
            ],
            [
              -110.146966,
              44.509033
            ],
            [
              -110.145881,
              44.509829
            ],
            [
              -110.143817,
              44.510384
            ],
            [
              -110.142355,
              44.511445
            ],
            [
              -110.141831,
              44.512278
            ],
            [
              -110.141449,
              44.513012
            ],
            [
              -110.141487,
              44.513781
            ],
            [
              -110.141667,
              44.514385
            ],
            [
              -110.141703,
              44.515322
            ],
            [
              -110.142167,
              44.515693
            ],
            [
              -110.143945,
              44.515638
            ],
            [
              -110.144832,
              44.515777
            ],
            [
              -110.146181,
              44.516521
            ],
            [
              -110.147812,
              44.517034
            ],
            [
              -110.148028,
              44.518675
            ],
            [
              -110.148304,
              44.519111
            ],
            [
              -110.14882,
              44.518981
            ],
            [
              -110.15055,
              44.519059
            ],
            [
              -110.152134,
              44.519605
            ],
            [
              -110.153857,
              44.520385
            ],
            [
              -110.154549,
              44.521226
            ],
            [
              -110.154625,
              44.522833
            ],
            [
              -110.155033,
              44.523973
            ],
            [
              -110.155636,
              44.524512
            ],
            [
              -110.156146,
              44.524884
            ],
            [
              -110.158763,
              44.525168
            ],
            [
              -110.161083,
              44.526923
            ],
            [
              -110.162856,
              44.527503
            ],
            [
              -110.165091,
              44.528454
            ],
            [
              -110.167358,
              44.530844
            ],
            [
              -110.169545,
              44.531995
            ],
            [
              -110.169328,
              44.534737
            ],
            [
              -110.169033,
              44.536107
            ],
            [
              -110.169716,
              44.537852
            ],
            [
              -110.170306,
              44.539495
            ],
            [
              -110.171378,
              44.539936
            ],
            [
              -110.171879,
              44.541211
            ],
            [
              -110.172378,
              44.542653
            ],
            [
              -110.172593,
              44.544461
            ],
            [
              -110.171875,
              44.545895
            ],
            [
              -110.171487,
              44.547198
            ],
            [
              -110.170971,
              44.547328
            ],
            [
              -110.169958,
              44.545716
            ],
            [
              -110.167717,
              44.5452
            ],
            [
              -110.165936,
              44.545456
            ],
            [
              -110.163311,
              44.545841
            ],
            [
              -110.159788,
              44.546889
            ],
            [
              -110.159214,
              44.548023
            ],
            [
              -110.157467,
              44.549417
            ],
            [
              -110.156195,
              44.550178
            ],
            [
              -110.155914,
              44.550143
            ],
            [
              -110.154872,
              44.551274
            ],
            [
              -110.154301,
              44.55214
            ],
            [
              -110.153825,
              44.552873
            ],
            [
              -110.153628,
              44.553775
            ],
            [
              -110.153299,
              44.55384
            ],
            [
              -110.151197,
              44.553492
            ],
            [
              -110.150966,
              44.553189
            ],
            [
              -110.149614,
              44.552679
            ],
            [
              -110.148213,
              44.552435
            ],
            [
              -110.147325,
              44.552296
            ],
            [
              -110.145035,
              44.551946
            ],
            [
              -110.143163,
              44.551934
            ],
            [
              -110.140538,
              44.552285
            ],
            [
              -110.138664,
              44.552373
            ],
            [
              -110.138009,
              44.55239
            ],
            [
              -110.136698,
              44.552427
            ],
            [
              -110.135952,
              44.552154
            ],
            [
              -110.134781,
              44.552213
            ],
            [
              -110.132846,
              44.553572
            ],
            [
              -110.132231,
              44.554137
            ],
            [
              -110.132228,
              44.554472
            ],
            [
              -110.13175,
              44.555338
            ],
            [
              -110.131792,
              44.5556202
            ],
            [
              -110.132184,
              44.558252
            ],
            [
              -110.131379,
              44.559083
            ],
            [
              -110.130246,
              44.559946
            ],
            [
              -110.128596,
              44.560804
            ],
            [
              -110.125745,
              44.562291
            ],
            [
              -110.1237731,
              44.5642616
            ],
            [
              -110.121292,
              44.566741
            ],
            [
              -110.118699,
              44.567733
            ],
            [
              -110.116632,
              44.567762
            ],
            [
              -110.113951,
              44.568255
            ],
            [
              -110.111252,
              44.570611
            ],
            [
              -110.095573,
              44.569477
            ],
            [
              -110.092824,
              44.572066
            ],
            [
              -110.081108,
              44.574033
            ],
            [
              -110.075759,
              44.578212
            ],
            [
              -110.07367,
              44.580469
            ],
            [
              -110.071683,
              44.581895
            ],
            [
              -110.070056,
              44.584918
            ],
            [
              -110.068447,
              44.586112
            ],
            [
              -110.068209,
              44.586377
            ],
            [
              -110.068516,
              44.58864
            ],
            [
              -110.069006,
              44.591337
            ],
            [
              -110.067438,
              44.593029
            ],
            [
              -110.06563,
              44.595254
            ],
            [
              -110.064715,
              44.597481
            ],
            [
              -110.064691,
              44.599843
            ],
            [
              -110.065044,
              44.602139
            ],
            [
              -110.065222,
              44.603171
            ],
            [
              -110.064928,
              44.604402
            ],
            [
              -110.063173,
              44.605994
            ],
            [
              -110.061102,
              44.606321
            ],
            [
              -110.059742,
              44.606018
            ],
            [
              -110.059557,
              44.605685
            ],
            [
              -110.057256,
              44.605479
            ],
            [
              -110.055423,
              44.605474
            ],
            [
              -110.049175,
              44.605124
            ],
            [
              -110.042132,
              44.604505
            ],
            [
              -110.039627,
              44.605829
            ],
            [
              -110.038499,
              44.605826
            ],
            [
              -110.036856,
              44.605688
            ],
            [
              -110.034542,
              44.606546
            ],
            [
              -110.032977,
              44.607939
            ],
            [
              -110.03277,
              44.609702
            ],
            [
              -110.033424,
              44.610136
            ],
            [
              -110.033699,
              44.610769
            ],
            [
              -110.032738,
              44.612763
            ],
            [
              -110.031692,
              44.613924
            ],
            [
              -110.030128,
              44.61515
            ],
            [
              -110.027432,
              44.616706
            ],
            [
              -110.024407,
              44.618194
            ],
            [
              -110.024377,
              44.620989
            ],
            [
              -110.024936,
              44.621556
            ],
            [
              -110.025908,
              44.622923
            ],
            [
              -110.025702,
              44.624943
            ],
            [
              -110.025512,
              44.625077
            ],
            [
              -110.02494,
              44.626015
            ],
            [
              -110.024419,
              44.626415
            ],
            [
              -110.023424,
              44.627183
            ],
            [
              -110.023572,
              44.626412
            ],
            [
              -110.023579,
              44.625674
            ],
            [
              -110.023162,
              44.624943
            ],
            [
              -110.022983,
              44.623913
            ],
            [
              -110.022611,
              44.623479
            ],
            [
              -110.022241,
              44.622912
            ],
            [
              -110.021962,
              44.622612
            ],
            [
              -110.021588,
              44.622444
            ],
            [
              -110.021075,
              44.622044
            ],
            [
              -110.02042,
              44.621742
            ],
            [
              -110.019945,
              44.621582
            ],
            [
              -110.019894,
              44.621565
            ],
            [
              -110.019624,
              44.621474
            ],
            [
              -110.019477,
              44.621443
            ],
            [
              -110.018826,
              44.621305
            ],
            [
              -110.018602,
              44.620306
            ],
            [
              -110.017761,
              44.619871
            ],
            [
              -110.016688,
              44.619036
            ],
            [
              -110.013551,
              44.617862
            ],
            [
              -110.01131,
              44.616457
            ],
            [
              -110.010421,
              44.616089
            ],
            [
              -110.008496,
              44.615816
            ],
            [
              -110.005509,
              44.618202
            ],
            [
              -110.003142,
              44.619626
            ],
            [
              -110.000741,
              44.620682
            ],
            [
              -110.000741,
              44.622616
            ],
            [
              -109.999688,
              44.622459
            ],
            [
              -109.998227,
              44.622104
            ],
            [
              -109.995131,
              44.622266
            ],
            [
              -109.992781,
              44.622154
            ],
            [
              -109.99157,
              44.622769
            ],
            [
              -109.990875,
              44.623346
            ],
            [
              -109.989615,
              44.623794
            ],
            [
              -109.987886,
              44.624347
            ],
            [
              -109.986713,
              44.624358
            ],
            [
              -109.986286,
              44.624127
            ],
            [
              -109.98595,
              44.623626
            ],
            [
              -109.985468,
              44.622859
            ],
            [
              -109.983944,
              44.62153
            ],
            [
              -109.98262,
              44.620971
            ],
            [
              -109.979567,
              44.620898
            ],
            [
              -109.977034,
              44.621089
            ],
            [
              -109.976062,
              44.621937
            ],
            [
              -109.974433,
              44.622824
            ],
            [
              -109.973135,
              44.623944
            ],
            [
              -109.972656,
              44.624943
            ],
            [
              -109.972338,
              44.625384
            ],
            [
              -109.97216,
              44.62579
            ],
            [
              -109.972037,
              44.626532
            ],
            [
              -109.971347,
              44.627181
            ],
            [
              -109.968425,
              44.628968
            ],
            [
              -109.9673,
              44.629185
            ],
            [
              -109.96484,
              44.628711
            ],
            [
              -109.963599,
              44.628054
            ],
            [
              -109.962168,
              44.627298
            ],
            [
              -109.960284,
              44.627288
            ],
            [
              -109.956616,
              44.62747
            ],
            [
              -109.954969,
              44.627491
            ],
            [
              -109.952383,
              44.627659
            ],
            [
              -109.950961,
              44.629192
            ],
            [
              -109.948401,
              44.630436
            ],
            [
              -109.947894,
              44.63088
            ],
            [
              -109.94639,
              44.631
            ],
            [
              -109.94418,
              44.631129
            ],
            [
              -109.941831,
              44.631394
            ],
            [
              -109.940527,
              44.631983
            ],
            [
              -109.93875,
              44.63251
            ],
            [
              -109.937183,
              44.631957
            ],
            [
              -109.935716,
              44.631673
            ],
            [
              -109.933965,
              44.631324
            ],
            [
              -109.931901,
              44.631653
            ],
            [
              -109.929216,
              44.631585
            ],
            [
              -109.926968,
              44.632118
            ],
            [
              -109.924424,
              44.634035
            ],
            [
              -109.924387,
              44.634096
            ],
            [
              -109.9243404,
              44.6341737
            ],
            [
              -109.924017,
              44.634713
            ],
            [
              -109.922821,
              44.63594
            ],
            [
              -109.920044,
              44.635974
            ],
            [
              -109.917275,
              44.636379
            ],
            [
              -109.915065,
              44.636541
            ],
            [
              -109.9138162,
              44.6367054
            ],
            [
              -109.911966,
              44.636949
            ],
            [
              -109.90999,
              44.637007
            ],
            [
              -109.908057,
              44.63693
            ],
            [
              -109.907889,
              44.637807
            ],
            [
              -109.90849,
              44.639315
            ],
            [
              -109.909478,
              44.641288
            ],
            [
              -109.909443,
              44.64378
            ],
            [
              -109.908352,
              44.645443
            ],
            [
              -109.906928,
              44.646975
            ],
            [
              -109.905321,
              44.648745
            ],
            [
              -109.902287,
              44.649926
            ],
            [
              -109.899278,
              44.650165
            ],
            [
              -109.894892,
              44.649916
            ],
            [
              -109.893267,
              44.650912
            ],
            [
              -109.890788,
              44.651682
            ],
            [
              -109.888204,
              44.651949
            ],
            [
              -109.886954,
              44.652907
            ],
            [
              -109.884752,
              44.653404
            ],
            [
              -109.88261,
              44.652521
            ],
            [
              -109.879833,
              44.652589
            ],
            [
              -109.879293,
              44.653706
            ],
            [
              -109.878157,
              44.655503
            ],
            [
              -109.877289,
              44.656658
            ],
            [
              -109.875737,
              44.658024
            ],
            [
              -109.875737,
              44.659337
            ],
            [
              -109.87518,
              44.659648
            ],
            [
              -109.874699,
              44.661301
            ],
            [
              -109.874265,
              44.662953
            ],
            [
              -109.874198,
              44.664198
            ],
            [
              -109.874081,
              44.665308
            ],
            [
              -109.873307,
              44.66646
            ],
            [
              -109.872382,
              44.667143
            ],
            [
              -109.871329,
              44.6684
            ],
            [
              -109.871285,
              44.668441
            ],
            [
              -109.870131,
              44.669523
            ],
            [
              -109.86917,
              44.670711
            ],
            [
              -109.86908,
              44.670913
            ],
            [
              -109.868561,
              44.670819
            ],
            [
              -109.866833,
              44.671309
            ],
            [
              -109.865113,
              44.672203
            ],
            [
              -109.863444,
              44.673231
            ],
            [
              -109.862474,
              44.674049
            ],
            [
              -109.862223,
              44.675498
            ],
            [
              -109.861685,
              44.676714
            ],
            [
              -109.860359,
              44.67841
            ],
            [
              -109.859621,
              44.679058
            ],
            [
              -109.859219,
              44.679316
            ],
            [
              -109.858137,
              44.680016
            ],
            [
              -109.856544,
              44.680236
            ],
            [
              -109.854196,
              44.680398
            ],
            [
              -109.852436,
              44.680623
            ],
            [
              -109.85218,
              44.680656
            ],
            [
              -109.850075,
              44.681118
            ],
            [
              -109.848271,
              44.682483
            ],
            [
              -109.846693,
              44.683476
            ],
            [
              -109.843665,
              44.684754
            ],
            [
              -109.841853,
              44.685783
            ],
            [
              -109.841745,
              44.687331
            ],
            [
              -109.841588,
              44.688812
            ],
            [
              -109.841291,
              44.690328
            ],
            [
              -109.840104,
              44.691955
            ],
            [
              -109.838864,
              44.693381
            ],
            [
              -109.838382,
              44.693851
            ],
            [
              -109.837298,
              44.694912
            ],
            [
              -109.836148,
              44.696101
            ],
            [
              -109.83462,
              44.697228
            ],
            [
              -109.83401,
              44.697302
            ],
            [
              -109.832671,
              44.697233
            ],
            [
              -109.83241,
              44.697219
            ],
            [
              -109.830213,
              44.697849
            ],
            [
              -109.829293,
              44.698801
            ],
            [
              -109.828141,
              44.699923
            ],
            [
              -109.827556,
              44.701207
            ],
            [
              -109.827482,
              44.702149
            ],
            [
              -109.826819,
              44.704174
            ],
            [
              -109.827037,
              44.705617
            ],
            [
              -109.826865,
              44.706392
            ],
            [
              -109.825848,
              44.70721
            ],
            [
              -109.825487,
              44.707954
            ],
            [
              -109.825983,
              44.709158
            ],
            [
              -109.827042,
              44.710323
            ],
            [
              -109.829044,
              44.711611
            ],
            [
              -109.83085,
              44.712499
            ],
            [
              -109.831966,
              44.714167
            ],
            [
              -109.832905,
              44.716308
            ],
            [
              -109.834118,
              44.718076
            ],
            [
              -109.83429,
              44.719553
            ],
            [
              -109.834365,
              44.720863
            ],
            [
              -109.835091,
              44.721829
            ],
            [
              -109.835624,
              44.722597
            ],
            [
              -109.836017,
              44.723365
            ],
            [
              -109.836601,
              44.7243
            ],
            [
              -109.837652,
              44.725061
            ],
            [
              -109.83991,
              44.725069
            ],
            [
              -109.842498,
              44.725107
            ],
            [
              -109.844432,
              44.725354
            ],
            [
              -109.846225,
              44.725602
            ],
            [
              -109.848715,
              44.725439
            ],
            [
              -109.850975,
              44.725548
            ],
            [
              -109.852567,
              44.725193
            ],
            [
              -109.853541,
              44.724543
            ],
            [
              -109.854518,
              44.724028
            ],
            [
              -109.855738,
              44.723846
            ],
            [
              -109.856773,
              44.723834
            ],
            [
              -109.858278,
              44.72385
            ],
            [
              -109.859224,
              44.724074
            ],
            [
              -109.860507,
              44.724698
            ],
            [
              -109.860999,
              44.725667
            ],
            [
              -109.861795,
              44.727709
            ],
            [
              -109.862719,
              44.729076
            ],
            [
              -109.862975,
              44.730048
            ],
            [
              -109.863934,
              44.730911
            ],
            [
              -109.864617,
              44.732046
            ],
            [
              -109.864965,
              44.732916
            ],
            [
              -109.866064,
              44.733677
            ],
            [
              -109.866874,
              44.734138
            ],
            [
              -109.867499,
              44.734769
            ],
            [
              -109.868628,
              44.734756
            ],
            [
              -109.870026,
              44.734135
            ],
            [
              -109.872097,
              44.734178
            ],
            [
              -109.874378,
              44.735193
            ],
            [
              -109.875737,
              44.737328
            ],
            [
              -109.875737,
              44.738403
            ],
            [
              -109.876159,
              44.738432
            ],
            [
              -109.877347,
              44.739082
            ],
            [
              -109.877783,
              44.739321
            ],
            [
              -109.878351,
              44.739415
            ],
            [
              -109.879875,
              44.740036
            ],
            [
              -109.882057,
              44.740515
            ],
            [
              -109.883066,
              44.741311
            ],
            [
              -109.883852,
              44.742648
            ],
            [
              -109.883925,
              44.743757
            ],
            [
              -109.883562,
              44.744401
            ],
            [
              -109.883864,
              44.745206
            ],
            [
              -109.884458,
              44.74641
            ],
            [
              -109.884558,
              44.746525
            ],
            [
              -109.88533,
              44.747409
            ],
            [
              -109.885922,
              44.748479
            ],
            [
              -109.886458,
              44.749214
            ],
            [
              -109.885796,
              44.749943
            ],
            [
              -109.885092,
              44.750423
            ],
            [
              -109.884913,
              44.751263
            ],
            [
              -109.885064,
              44.752167
            ],
            [
              -109.886408,
              44.754106
            ],
            [
              -109.887084,
              44.75541
            ],
            [
              -109.888892,
              44.756541
            ],
            [
              -109.889896,
              44.757643
            ],
            [
              -109.890759,
              44.758711
            ],
            [
              -109.89379,
              44.759366
            ],
            [
              -109.895403,
              44.759995
            ],
            [
              -109.89735,
              44.760891
            ],
            [
              -109.900201,
              44.762318
            ],
            [
              -109.902995,
              44.76284
            ],
            [
              -109.905184,
              44.764204
            ],
            [
              -109.907995,
              44.766268
            ],
            [
              -109.90986,
              44.76817
            ],
            [
              -109.911296,
              44.769839
            ],
            [
              -109.912723,
              44.77067
            ],
            [
              -109.9136782,
              44.7723721
            ],
            [
              -109.913736,
              44.772475
            ],
            [
              -109.914087,
              44.774217
            ],
            [
              -109.914482,
              44.775724
            ],
            [
              -109.91506,
              44.776693
            ],
            [
              -109.915874,
              44.777595
            ],
            [
              -109.916687,
              44.778429
            ],
            [
              -109.917827,
              44.778926
            ],
            [
              -109.918546,
              44.779827
            ],
            [
              -109.918654,
              44.781034
            ],
            [
              -109.919334,
              44.782573
            ],
            [
              -109.919911,
              44.783475
            ],
            [
              -109.920252,
              44.784312
            ],
            [
              -109.921823,
              44.785308
            ],
            [
              -109.92259,
              44.78621
            ],
            [
              -109.923684,
              44.786774
            ],
            [
              -109.925064,
              44.787538
            ],
            [
              -109.926446,
              44.788436
            ],
            [
              -109.9274,
              44.789168
            ],
            [
              -109.928497,
              44.790034
            ],
            [
              -109.92879,
              44.790804
            ],
            [
              -109.929702,
              44.792006
            ],
            [
              -109.930559,
              44.792572
            ],
            [
              -109.931842,
              44.793068
            ],
            [
              -109.932881,
              44.793028
            ],
            [
              -109.934257,
              44.79339
            ],
            [
              -109.936111,
              44.794285
            ],
            [
              -109.937342,
              44.79448
            ],
            [
              -109.939329,
              44.794536
            ],
            [
              -109.940887,
              44.794326
            ],
            [
              -109.9414157,
              44.7943625
            ],
            [
              -109.942685,
              44.79445
            ],
            [
              -109.944248,
              44.794676
            ],
            [
              -109.945338,
              44.794938
            ],
            [
              -109.946768,
              44.795936
            ],
            [
              -109.948057,
              44.796969
            ],
            [
              -109.950109,
              44.798533
            ],
            [
              -109.953295,
              44.800058
            ],
            [
              -109.956246,
              44.801517
            ],
            [
              -109.958099,
              44.802244
            ],
            [
              -109.956877,
              44.802922
            ],
            [
              -109.954814,
              44.804443
            ],
            [
              -109.95592,
              44.806013
            ],
            [
              -109.956842,
              44.807885
            ],
            [
              -109.957578,
              44.810161
            ],
            [
              -109.957504,
              44.811805
            ],
            [
              -109.95733,
              44.813114
            ],
            [
              -109.957445,
              44.814824
            ],
            [
              -109.958549,
              44.816125
            ],
            [
              -109.958088,
              44.8171
            ],
            [
              -109.956737,
              44.818852
            ],
            [
              -109.954679,
              44.820741
            ],
            [
              -109.953462,
              44.821855
            ],
            [
              -109.952153,
              44.82317
            ],
            [
              -109.950132,
              44.824254
            ],
            [
              -109.948015,
              44.825172
            ],
            [
              -109.9468889,
              44.8255689
            ],
            [
              -109.946083,
              44.825853
            ],
            [
              -109.944629,
              44.826934
            ],
            [
              -109.943038,
              44.828352
            ],
            [
              -109.9415,
              44.830372
            ],
            [
              -109.940282,
              44.831351
            ],
            [
              -109.938297,
              44.831496
            ],
            [
              -109.937408,
              44.832373
            ],
            [
              -109.936944,
              44.833114
            ],
            [
              -109.936007,
              44.833923
            ],
            [
              -109.934741,
              44.834903
            ],
            [
              -109.932806,
              44.83545
            ],
            [
              -109.930687,
              44.8363
            ],
            [
              -109.928332,
              44.837218
            ],
            [
              -109.928772,
              44.838423
            ],
            [
              -109.929918,
              44.839356
            ],
            [
              -109.930454,
              44.840694
            ],
            [
              -109.93184,
              44.84186
            ],
            [
              -109.93157,
              44.843036
            ],
            [
              -109.934623,
              44.845199
            ],
            [
              -109.935869,
              44.846533
            ],
            [
              -109.936308,
              44.847637
            ],
            [
              -109.937232,
              44.849711
            ],
            [
              -109.937954,
              44.850714
            ],
            [
              -109.939863,
              44.852077
            ],
            [
              -109.939838,
              44.853955
            ],
            [
              -109.93981,
              44.855598
            ],
            [
              -109.939311,
              44.857479
            ],
            [
              -109.938388,
              44.859563
            ],
            [
              -109.937742,
              44.861009
            ],
            [
              -109.937186,
              44.862018
            ],
            [
              -109.937014,
              44.863461
            ],
            [
              -109.93731,
              44.864465
            ],
            [
              -109.9378,
              44.865904
            ],
            [
              -109.937333,
              44.866511
            ],
            [
              -109.936256,
              44.867489
            ],
            [
              -109.935887,
              44.868296
            ],
            [
              -109.935426,
              44.869371
            ],
            [
              -109.935392,
              44.870545
            ],
            [
              -109.935407,
              44.87182
            ],
            [
              -109.935613,
              44.873193
            ],
            [
              -109.936039,
              44.874941
            ],
            [
              -109.936434,
              44.876305
            ],
            [
              -109.937059,
              44.877206
            ],
            [
              -109.937257,
              44.877976
            ],
            [
              -109.937693,
              44.878911
            ],
            [
              -109.938035,
              44.879847
            ],
            [
              -109.938044,
              44.880551
            ],
            [
              -109.937486,
              44.88129
            ],
            [
              -109.937304,
              44.881928
            ],
            [
              -109.936743,
              44.882433
            ],
            [
              -109.9359,
              44.883074
            ],
            [
              -109.934915,
              44.883715
            ],
            [
              -109.933978,
              44.88439
            ],
            [
              -109.932436,
              44.885871
            ],
            [
              -109.932397,
              44.886575
            ],
            [
              -109.932266,
              44.887446
            ],
            [
              -109.932085,
              44.888151
            ],
            [
              -109.931619,
              44.888722
            ],
            [
              -109.930682,
              44.889397
            ],
            [
              -109.930594,
              44.89
            ],
            [
              -109.930553,
              44.890536
            ],
            [
              -109.93037,
              44.891006
            ],
            [
              -109.930427,
              44.891843
            ],
            [
              -109.930016,
              44.893118
            ],
            [
              -109.929838,
              44.894024
            ],
            [
              -109.929705,
              44.894728
            ],
            [
              -109.92976,
              44.895431
            ],
            [
              -109.92959,
              44.897006
            ],
            [
              -109.929549,
              44.897542
            ],
            [
              -109.929181,
              44.898415
            ],
            [
              -109.929188,
              44.899017
            ],
            [
              -109.929814,
              44.899986
            ],
            [
              -109.929917,
              44.900688
            ],
            [
              -109.930352,
              44.901557
            ],
            [
              -109.930692,
              44.902292
            ],
            [
              -109.931223,
              44.903227
            ],
            [
              -109.931501,
              44.9041982
            ],
            [
              -109.931568,
              44.904432
            ],
            [
              -109.931436,
              44.90527
            ],
            [
              -109.931253,
              44.905806
            ],
            [
              -109.931071,
              44.906377
            ],
            [
              -109.930792,
              44.906747
            ],
            [
              -109.930609,
              44.90725
            ],
            [
              -109.930188,
              44.907687
            ],
            [
              -109.929862,
              44.908058
            ],
            [
              -109.929727,
              44.908695
            ],
            [
              -109.928836,
              44.909268
            ],
            [
              -109.928703,
              44.910073
            ],
            [
              -109.928997,
              44.910909
            ],
            [
              -109.928814,
              44.911446
            ],
            [
              -109.928166,
              44.912588
            ],
            [
              -109.927606,
              44.913294
            ],
            [
              -109.927422,
              44.913697
            ],
            [
              -109.927852,
              44.914063
            ],
            [
              -109.927953,
              44.914665
            ],
            [
              -109.927866,
              44.915269
            ],
            [
              -109.92816,
              44.916138
            ],
            [
              -109.928023,
              44.916541
            ],
            [
              -109.928173,
              44.91721
            ],
            [
              -109.928275,
              44.917846
            ],
            [
              -109.92852,
              44.918648
            ],
            [
              -109.928571,
              44.91895
            ],
            [
              -109.928535,
              44.919921
            ],
            [
              -109.928589,
              44.920423
            ],
            [
              -109.928596,
              44.921093
            ],
            [
              -109.928649,
              44.921562
            ],
            [
              -109.928989,
              44.922297
            ],
            [
              -109.928855,
              44.922934
            ],
            [
              -109.928814,
              44.92347
            ],
            [
              -109.928773,
              44.92404
            ],
            [
              -109.928587,
              44.924342
            ],
            [
              -109.9285,
              44.924945
            ],
            [
              -109.928266,
              44.925181
            ],
            [
              -109.928179,
              44.925784
            ],
            [
              -109.928468,
              44.926285
            ],
            [
              -109.928709,
              44.926653
            ],
            [
              -109.928904,
              44.927154
            ],
            [
              -109.929007,
              44.927823
            ],
            [
              -109.928873,
              44.928561
            ],
            [
              -109.928881,
              44.929197
            ],
            [
              -109.928512,
              44.930036
            ],
            [
              -109.928328,
              44.930406
            ],
            [
              -109.927954,
              44.930843
            ],
            [
              -109.927298,
              44.931349
            ],
            [
              -109.926832,
              44.931954
            ],
            [
              -109.927169,
              44.932421
            ],
            [
              -109.927888,
              44.933222
            ],
            [
              -109.927893,
              44.93369
            ],
            [
              -109.928801,
              44.934456
            ],
            [
              -109.929848,
              44.934987
            ],
            [
              -109.930888,
              44.934948
            ],
            [
              -109.931834,
              44.934977
            ],
            [
              -109.932832,
              44.93534
            ],
            [
              -109.933739,
              44.936073
            ],
            [
              -109.935445,
              44.936298
            ],
            [
              -109.93668,
              44.936761
            ],
            [
              -109.937627,
              44.936823
            ],
            [
              -109.938954,
              44.936984
            ],
            [
              -109.939663,
              44.93698
            ],
            [
              -109.940185,
              44.937145
            ],
            [
              -109.940285,
              44.937547
            ],
            [
              -109.940289,
              44.937882
            ],
            [
              -109.940536,
              44.938785
            ],
            [
              -109.941062,
              44.939284
            ],
            [
              -109.941587,
              44.939649
            ],
            [
              -109.941926,
              44.94025
            ],
            [
              -109.942359,
              44.940884
            ],
            [
              -109.942985,
              44.941786
            ],
            [
              -109.943802,
              44.942853
            ],
            [
              -109.944521,
              44.943653
            ],
            [
              -109.945432,
              44.944653
            ],
            [
              -109.945865,
              44.945254
            ],
            [
              -109.945918,
              44.945756
            ],
            [
              -109.946203,
              44.946276
            ],
            [
              -109.94645,
              44.946725
            ],
            [
              -109.947406,
              44.947524
            ],
            [
              -109.947841,
              44.948258
            ],
            [
              -109.94856,
              44.949025
            ],
            [
              -109.949139,
              44.94996
            ],
            [
              -109.949571,
              44.950494
            ],
            [
              -109.950053,
              44.951194
            ],
            [
              -109.950388,
              44.951494
            ],
            [
              -109.950911,
              44.951692
            ],
            [
              -109.951434,
              44.951958
            ],
            [
              -109.951864,
              44.952257
            ],
            [
              -109.952719,
              44.95252
            ],
            [
              -109.953722,
              44.953319
            ],
            [
              -109.955204,
              44.954551
            ],
            [
              -109.957209,
              44.955947
            ],
            [
              -109.959271,
              44.958113
            ],
            [
              -109.959897,
              44.958981
            ],
            [
              -109.959724,
              44.960288
            ],
            [
              -109.96054,
              44.961288
            ],
            [
              -109.961972,
              44.962286
            ],
            [
              -109.962074,
              44.962821
            ],
            [
              -109.96209,
              44.964161
            ],
            [
              -109.962811,
              44.965028
            ],
            [
              -109.963813,
              44.965726
            ],
            [
              -109.964342,
              44.966426
            ],
            [
              -109.965493,
              44.967592
            ],
            [
              -109.96635,
              44.968023
            ],
            [
              -109.967446,
              44.968587
            ],
            [
              -109.968261,
              44.96942
            ],
            [
              -109.968648,
              44.970121
            ],
            [
              -109.969093,
              44.971626
            ],
            [
              -109.969713,
              44.972025
            ],
            [
              -109.970007,
              44.972793
            ],
            [
              -109.971005,
              44.973157
            ],
            [
              -109.971902,
              44.972984
            ],
            [
              -109.972795,
              44.972477
            ],
            [
              -109.97365,
              44.972673
            ],
            [
              -109.974739,
              44.972735
            ],
            [
              -109.976291,
              44.971922
            ],
            [
              -109.977897,
              44.971646
            ],
            [
              -109.978934,
              44.971339
            ],
            [
              -109.980023,
              44.971366
            ],
            [
              -109.980739,
              44.971865
            ],
            [
              -109.981266,
              44.972331
            ],
            [
              -109.982686,
              44.972323
            ],
            [
              -109.984297,
              44.972448
            ],
            [
              -109.987036,
              44.97193
            ],
            [
              -109.98798,
              44.971656
            ],
            [
              -109.988873,
              44.971183
            ],
            [
              -109.989536,
              44.971212
            ],
            [
              -109.989966,
              44.971511
            ],
            [
              -109.990584,
              44.971709
            ],
            [
              -109.991153,
              44.971806
            ],
            [
              -109.991368,
              44.97179
            ],
            [
              -109.992619,
              44.971698
            ],
            [
              -109.993518,
              44.971679
            ],
            [
              -109.994843,
              44.971652
            ],
            [
              -109.995788,
              44.971546
            ],
            [
              -109.997024,
              44.971908
            ],
            [
              -109.998064,
              44.971868
            ],
            [
              -109.999311,
              44.973101
            ],
            [
              -110.00074,
              44.973999
            ],
            [
              -110.002413,
              44.97555
            ],
            [
              -110.00239,
              44.999939
            ],
            [
              -110.001468,
              44.999939
            ],
            [
              -110.0014832,
              45.0014535
            ],
            [
              -110.001491,
              45.002235
            ],
            [
              -110.0015072,
              45.0034185
            ],
            [
              -110.0018696,
              45.0084025
            ],
            [
              -110.0019966,
              45.0196229
            ],
            [
              -110.0021511,
              45.0267225
            ],
            [
              -110.0021512,
              45.0270773
            ],
            [
              -110.0021519,
              45.027862
            ],
            [
              -110.0020216,
              45.0279406
            ],
            [
              -110.0017749,
              45.0280325
            ],
            [
              -110.0015668,
              45.0281946
            ],
            [
              -110.0012667,
              45.0284599
            ],
            [
              -110.0010489,
              45.0286855
            ],
            [
              -110.0007398,
              45.0289286
            ],
            [
              -110.000433,
              45.0290636
            ],
            [
              -110.000125,
              45.0292482
            ],
            [
              -109.9998811,
              45.0293984
            ],
            [
              -109.9996758,
              45.0295142
            ],
            [
              -109.999535,
              45.0295936
            ],
            [
              -109.9991512,
              45.0297725
            ],
            [
              -109.998844,
              45.029912
            ],
            [
              -109.9985485,
              45.0301275
            ],
            [
              -109.9983413,
              45.0303392
            ],
            [
              -109.9979912,
              45.0307686
            ],
            [
              -109.9979111,
              45.0309837
            ],
            [
              -109.9979324,
              45.0312168
            ],
            [
              -109.9979658,
              45.0314989
            ],
            [
              -109.9982002,
              45.0318667
            ],
            [
              -109.9984601,
              45.0322784
            ],
            [
              -109.9986593,
              45.0324947
            ],
            [
              -109.9988957,
              45.0327769
            ],
            [
              -109.9991443,
              45.0330856
            ],
            [
              -109.9993174,
              45.033348
            ],
            [
              -109.9994777,
              45.0335975
            ],
            [
              -109.9996627,
              45.033927
            ],
            [
              -109.9997731,
              45.0341427
            ],
            [
              -109.9999232,
              45.0342801
            ],
            [
              -110.0001239,
              45.0344064
            ],
            [
              -110.0007417,
              45.0345548
            ],
            [
              -110.0009035,
              45.0346962
            ],
            [
              -110.0011732,
              45.0349724
            ],
            [
              -110.0014352,
              45.035285
            ],
            [
              -110.0016223,
              45.0354703
            ],
            [
              -110.00176,
              45.0356848
            ],
            [
              -110.0019086,
              45.0358628
            ],
            [
              -110.0020372,
              45.0360282
            ],
            [
              -110.0022168,
              45.0361914
            ],
            [
              -110.0023699,
              45.0364232
            ],
            [
              -110.0024567,
              45.0366354
            ],
            [
              -110.00268,
              45.0369047
            ],
            [
              -110.0029365,
              45.0371185
            ],
            [
              -110.0031668,
              45.0373019
            ],
            [
              -110.0034513,
              45.0375415
            ],
            [
              -110.0036695,
              45.0377074
            ],
            [
              -110.0038804,
              45.0379142
            ],
            [
              -110.0039785,
              45.038117
            ],
            [
              -110.0040462,
              45.0383345
            ],
            [
              -110.0042041,
              45.0386562
            ],
            [
              -110.0042871,
              45.0389046
            ],
            [
              -110.0043885,
              45.0393637
            ],
            [
              -110.0044099,
              45.0396779
            ],
            [
              -110.0042709,
              45.0401386
            ],
            [
              -110.0038976,
              45.0403485
            ],
            [
              -110.003529,
              45.0406077
            ],
            [
              -110.0032642,
              45.0408264
            ],
            [
              -110.0031104,
              45.0409907
            ],
            [
              -110.0029148,
              45.0411568
            ],
            [
              -110.0024802,
              45.041464
            ],
            [
              -110.0022731,
              45.0416306
            ],
            [
              -110.0021116,
              45.0417907
            ],
            [
              -110.001955,
              45.0419822
            ],
            [
              -110.0017712,
              45.0421973
            ],
            [
              -110.0016145,
              45.0424427
            ],
            [
              -110.0014504,
              45.042702
            ],
            [
              -110.0013133,
              45.0429375
            ],
            [
              -110.0011879,
              45.0432356
            ],
            [
              -110.000742,
              45.0444254
            ],
            [
              -110.0005376,
              45.044916
            ],
            [
              -110.0003656,
              45.0453107
            ],
            [
              -110.0002944,
              45.0455698
            ],
            [
              -110.0003867,
              45.0456146
            ],
            [
              -110.0008564,
              45.0460181
            ],
            [
              -110.0012342,
              45.046303
            ],
            [
              -110.0014057,
              45.0464069
            ],
            [
              -110.0017339,
              45.046635
            ],
            [
              -110.0020929,
              45.046761
            ],
            [
              -110.0023778,
              45.0469888
            ],
            [
              -110.0024338,
              45.0470917
            ],
            [
              -110.0026748,
              45.0473498
            ],
            [
              -110.0028747,
              45.0474847
            ],
            [
              -110.0034194,
              45.0477249
            ],
            [
              -110.0035897,
              45.0479005
            ],
            [
              -110.0036735,
              45.0480651
            ],
            [
              -110.003783,
              45.0484142
            ],
            [
              -110.0040901,
              45.0490312
            ],
            [
              -110.0042435,
              45.04935
            ],
            [
              -110.0043415,
              45.0495249
            ],
            [
              -110.0044933,
              45.0499359
            ],
            [
              -110.004649,
              45.0501215
            ],
            [
              -110.0048335,
              45.0503075
            ],
            [
              -110.0051106,
              45.050571
            ],
            [
              -110.005558,
              45.0505954
            ],
            [
              -110.0060338,
              45.0506507
            ],
            [
              -110.0063797,
              45.0506947
            ],
            [
              -110.0067527,
              45.0508413
            ],
            [
              -110.0071249,
              45.0510391
            ],
            [
              -110.0074514,
              45.0513696
            ],
            [
              -110.0078053,
              45.0517925
            ],
            [
              -110.008117,
              45.0521434
            ],
            [
              -110.0081874,
              45.0522464
            ],
            [
              -110.0082558,
              45.0524722
            ],
            [
              -110.0083102,
              45.0526673
            ],
            [
              -110.0085088,
              45.0528738
            ],
            [
              -110.0086806,
              45.0529674
            ],
            [
              -110.0088817,
              45.0530306
            ],
            [
              -110.0093839,
              45.0532295
            ],
            [
              -110.0096418,
              45.0533547
            ],
            [
              -110.0100596,
              45.0534197
            ],
            [
              -110.0103772,
              45.0534327
            ],
            [
              -110.0109858,
              45.0533253
            ],
            [
              -110.0114064,
              45.0532266
            ],
            [
              -110.0119005,
              45.0530568
            ],
            [
              -110.0124028,
              45.0528307
            ],
            [
              -110.0128678,
              45.0526709
            ],
            [
              -110.0135953,
              45.05237
            ],
            [
              -110.0140459,
              45.0522101
            ],
            [
              -110.0147885,
              45.0518683
            ],
            [
              -110.0154111,
              45.0517815
            ],
            [
              -110.0160632,
              45.0516643
            ],
            [
              -110.0165543,
              45.0516685
            ],
            [
              -110.0171747,
              45.0517148
            ],
            [
              -110.017766,
              45.0517711
            ],
            [
              -110.0182132,
              45.0518057
            ],
            [
              -110.0187177,
              45.0518714
            ],
            [
              -110.0201495,
              45.0521961
            ],
            [
              -110.0212164,
              45.0523178
            ],
            [
              -110.0214914,
              45.0522895
            ],
            [
              -110.021837,
              45.0523539
            ],
            [
              -110.0219936,
              45.0524883
            ],
            [
              -110.0221916,
              45.0527358
            ],
            [
              -110.022627,
              45.0534665
            ],
            [
              -110.0229388,
              45.0538174
            ],
            [
              -110.0232393,
              45.0539838
            ],
            [
              -110.0236431,
              45.0540282
            ],
            [
              -110.0240373,
              45.0537858
            ],
            [
              -110.0245729,
              45.0537187
            ],
            [
              -110.0247337,
              45.0536074
            ],
            [
              -110.0250273,
              45.0533335
            ],
            [
              -110.0252897,
              45.0531924
            ],
            [
              -110.0256963,
              45.0530729
            ],
            [
              -110.0259589,
              45.0529216
            ],
            [
              -110.0262919,
              45.0528732
            ],
            [
              -110.0266532,
              45.0528661
            ],
            [
              -110.0269851,
              45.0528894
            ],
            [
              -110.0276552,
              45.0529821
            ],
            [
              -110.0279295,
              45.0529947
            ],
            [
              -110.0283628,
              45.0529984
            ],
            [
              -110.0286531,
              45.0529189
            ],
            [
              -110.0291458,
              45.052831
            ],
            [
              -110.0294627,
              45.0528849
            ],
            [
              -110.0298507,
              45.0530008
            ],
            [
              -110.0300815,
              45.0530232
            ],
            [
              -110.0305719,
              45.0530684
            ],
            [
              -110.0307743,
              45.0530598
            ],
            [
              -110.0311944,
              45.0529917
            ],
            [
              -110.0315405,
              45.0530254
            ],
            [
              -110.031886,
              45.0531
            ],
            [
              -110.0321169,
              45.0531122
            ],
            [
              -110.0325511,
              45.0530647
            ],
            [
              -110.0328692,
              45.0530469
            ],
            [
              -110.0330429,
              45.0530279
            ],
            [
              -110.0331883,
              45.0529677
            ],
            [
              -110.033363,
              45.0528872
            ],
            [
              -110.0337104,
              45.0528492
            ],
            [
              -110.03426,
              45.0528129
            ],
            [
              -110.0343482,
              45.0527215
            ],
            [
              -110.0344663,
              45.0525689
            ],
            [
              -110.0346739,
              45.0522532
            ],
            [
              -110.0349696,
              45.0518461
            ],
            [
              -110.0353487,
              45.0512093
            ],
            [
              -110.0355841,
              45.0509553
            ],
            [
              -110.0357047,
              45.0506594
            ],
            [
              -110.0357824,
              45.0503324
            ],
            [
              -110.0359786,
              45.0498323
            ],
            [
              -110.0363473,
              45.0493848
            ],
            [
              -110.0367885,
              45.0489175
            ],
            [
              -110.0370309,
              45.0482437
            ],
            [
              -110.0371963,
              45.047856
            ],
            [
              -110.0371337,
              45.0472821
            ],
            [
              -110.0372781,
              45.0468583
            ],
            [
              -110.0374711,
              45.0465425
            ],
            [
              -110.0376644,
              45.0462165
            ],
            [
              -110.0378129,
              45.045972
            ],
            [
              -110.0379342,
              45.0456351
            ],
            [
              -110.0380081,
              45.0455333
            ],
            [
              -110.0381415,
              45.0453296
            ],
            [
              -110.03829,
              45.0450851
            ],
            [
              -110.0384376,
              45.0449021
            ],
            [
              -110.0387587,
              45.0447
            ],
            [
              -110.0390498,
              45.0445693
            ],
            [
              -110.0391963,
              45.0444477
            ],
            [
              -110.039444,
              45.0443166
            ],
            [
              -110.0395753,
              45.0442358
            ],
            [
              -110.0398224,
              45.0441457
            ],
            [
              -110.0400691,
              45.0440761
            ],
            [
              -110.0402433,
              45.0440264
            ],
            [
              -110.0403739,
              45.0439865
            ],
            [
              -110.0405484,
              45.0439163
            ],
            [
              -110.0409265,
              45.0437659
            ],
            [
              -110.0412595,
              45.0437175
            ],
            [
              -110.041536,
              45.0435969
            ],
            [
              -110.0417548,
              45.0434657
            ],
            [
              -110.0420015,
              45.043396
            ],
            [
              -110.0422569,
              45.0432395
            ],
            [
              -110.0423867,
              45.0432508
            ],
            [
              -110.0427904,
              45.0432951
            ],
            [
              -110.0438319,
              45.0432015
            ],
            [
              -110.0442658,
              45.0431641
            ],
            [
              -110.0446131,
              45.0431261
            ],
            [
              -110.0449322,
              45.0430468
            ],
            [
              -110.0452096,
              45.0428648
            ],
            [
              -110.045457,
              45.0427543
            ],
            [
              -110.0455464,
              45.0425912
            ],
            [
              -110.0457647,
              45.0424906
            ],
            [
              -110.0460994,
              45.0423398
            ],
            [
              -110.0462744,
              45.0422389
            ],
            [
              -110.0466803,
              45.0421501
            ],
            [
              -110.0470588,
              45.0419689
            ],
            [
              -110.0477563,
              45.0417188
            ],
            [
              -110.0481341,
              45.0415786
            ],
            [
              -110.0485944,
              45.0412598
            ],
            [
              -110.0487852,
              45.0410771
            ],
            [
              -110.0491533,
              45.0406501
            ],
            [
              -110.0492468,
              45.0402413
            ],
            [
              -110.0491769,
              45.0400974
            ],
            [
              -110.0495385,
              45.0391993
            ],
            [
              -110.049733,
              45.0387913
            ],
            [
              -110.0501747,
              45.038283
            ],
            [
              -110.0503203,
              45.0382125
            ],
            [
              -110.0505239,
              45.038122
            ],
            [
              -110.0507129,
              45.0380519
            ],
            [
              -110.0508579,
              45.0380122
            ],
            [
              -110.0512235,
              45.0377387
            ],
            [
              -110.0514428,
              45.0375767
            ],
            [
              -110.0518497,
              45.0374265
            ],
            [
              -110.0523875,
              45.0372159
            ],
            [
              -110.0527514,
              45.0370449
            ],
            [
              -110.0531148,
              45.0369045
            ],
            [
              -110.0534625,
              45.0368357
            ],
            [
              -110.0535791,
              45.0367753
            ],
            [
              -110.0538108,
              45.0367362
            ],
            [
              -110.054027,
              45.0367585
            ],
            [
              -110.0541273,
              45.0368105
            ],
            [
              -110.054341,
              45.0369864
            ],
            [
              -110.0544706,
              45.0370079
            ],
            [
              -110.0548163,
              45.037062
            ],
            [
              -110.0551187,
              45.0371157
            ],
            [
              -110.0555075,
              45.0371906
            ],
            [
              -110.05581,
              45.037234
            ],
            [
              -110.0561119,
              45.0373185
            ],
            [
              -110.0563796,
              45.0372848
            ],
            [
              -110.056584,
              45.0371534
            ],
            [
              -110.0570095,
              45.0367473
            ],
            [
              -110.0575965,
              45.0361787
            ],
            [
              -110.0579036,
              45.0359458
            ],
            [
              -110.0583731,
              45.0354991
            ],
            [
              -110.0588555,
              45.0351447
            ],
            [
              -110.0593945,
              45.0348624
            ],
            [
              -110.0598332,
              45.0345281
            ],
            [
              -110.060108,
              45.0344996
            ],
            [
              -110.0603831,
              45.0344609
            ],
            [
              -110.0604707,
              45.0344002
            ],
            [
              -110.0606963,
              45.0343383
            ],
            [
              -110.061051,
              45.0342411
            ],
            [
              -110.0614988,
              45.0342346
            ],
            [
              -110.0618601,
              45.0342171
            ],
            [
              -110.0622068,
              45.0342097
            ],
            [
              -110.062828,
              45.0341943
            ],
            [
              -110.0636287,
              45.034247
            ],
            [
              -110.063891,
              45.0342231
            ],
            [
              -110.0643518,
              45.0341812
            ],
            [
              -110.0647591,
              45.0340002
            ],
            [
              -110.0657739,
              45.0337628
            ],
            [
              -110.0661777,
              45.0337968
            ],
            [
              -110.0669048,
              45.0334853
            ],
            [
              -110.0672691,
              45.0332835
            ],
            [
              -110.0677489,
              45.0330826
            ],
            [
              -110.0681556,
              45.0329426
            ],
            [
              -110.0685187,
              45.0328124
            ],
            [
              -110.0687071,
              45.032773
            ],
            [
              -110.0690405,
              45.0326938
            ],
            [
              -110.0694594,
              45.032687
            ],
            [
              -110.0697928,
              45.0326078
            ],
            [
              -110.0699829,
              45.032466
            ],
            [
              -110.0702351,
              45.0320482
            ],
            [
              -110.0704557,
              45.0318042
            ],
            [
              -110.0709114,
              45.0317516
            ],
            [
              -110.0710128,
              45.031732
            ],
            [
              -110.071678,
              45.0316759
            ],
            [
              -110.0725926,
              45.0313762
            ],
            [
              -110.0730878,
              45.0311139
            ],
            [
              -110.0733952,
              45.0308604
            ],
            [
              -110.0739218,
              45.0304449
            ],
            [
              -110.0741262,
              45.0303032
            ],
            [
              -110.074793,
              45.0301447
            ],
            [
              -110.0754741,
              45.0299967
            ],
            [
              -110.0761845,
              45.0298181
            ],
            [
              -110.0765478,
              45.0296777
            ],
            [
              -110.0768663,
              45.0296291
            ],
            [
              -110.0772135,
              45.0295909
            ],
            [
              -110.0781088,
              45.0295879
            ],
            [
              -110.0784837,
              45.0296216
            ],
            [
              -110.0788735,
              45.0296248
            ],
            [
              -110.0794571,
              45.0297063
            ],
            [
              -110.0798036,
              45.0297091
            ],
            [
              -110.0803667,
              45.0297136
            ],
            [
              -110.0808149,
              45.0296763
            ],
            [
              -110.0809729,
              45.0297287
            ],
            [
              -110.0813014,
              45.0299567
            ],
            [
              -110.0815869,
              45.0301638
            ],
            [
              -110.0817001,
              45.030308
            ],
            [
              -110.0819274,
              45.0305454
            ],
            [
              -110.0819831,
              45.0306687
            ],
            [
              -110.0821518,
              45.0309568
            ],
            [
              -110.0825264,
              45.031011
            ],
            [
              -110.0832475,
              45.031068
            ],
            [
              -110.0835365,
              45.0310601
            ],
            [
              -110.0838836,
              45.0310219
            ],
            [
              -110.0842023,
              45.030963
            ],
            [
              -110.0846059,
              45.0310072
            ],
            [
              -110.0850097,
              45.0310411
            ],
            [
              -110.0859612,
              45.0311478
            ],
            [
              -110.0861413,
              45.031168
            ],
            [
              -110.0871069,
              45.0312883
            ],
            [
              -110.0876976,
              45.031375
            ],
            [
              -110.0880564,
              45.031511
            ],
            [
              -110.088401,
              45.0316366
            ],
            [
              -110.0890928,
              45.031724
            ],
            [
              -110.0904636,
              45.0317862
            ],
            [
              -110.0907808,
              45.0318194
            ],
            [
              -110.091084,
              45.0318218
            ],
            [
              -110.0915477,
              45.0317231
            ],
            [
              -110.0917816,
              45.0315406
            ],
            [
              -110.0920448,
              45.0313379
            ],
            [
              -110.0925114,
              45.0310549
            ],
            [
              -110.0930482,
              45.0308954
            ],
            [
              -110.0935738,
              45.0305309
            ],
            [
              -110.0939299,
              45.0303853
            ],
            [
              -110.0941348,
              45.0302128
            ],
            [
              -110.0948954,
              45.0295942
            ],
            [
              -110.0949713,
              45.0295592
            ],
            [
              -110.1366754,
              45.029656
            ],
            [
              -110.1675076,
              45.0297472
            ],
            [
              -110.1829147,
              45.0297463
            ],
            [
              -110.2087964,
              45.0297448
            ],
            [
              -110.2499584,
              45.0297687
            ],
            [
              -110.2892616,
              45.0297905
            ],
            [
              -110.2938476,
              45.0297924
            ],
            [
              -110.3206784,
              45.0298035
            ],
            [
              -110.3322642,
              45.0298083
            ],
            [
              -110.3631398,
              45.0298214
            ],
            [
              -110.3633201,
              45.0298215
            ],
            [
              -110.3859365,
              45.0298311
            ],
            [
              -110.4043074,
              45.0298389
            ],
            [
              -110.42338,
              45.0298665
            ],
            [
              -110.4351521,
              45.0298836
            ],
            [
              -110.4660302,
              45.029945
            ],
            [
              -110.4969085,
              45.0300064
            ],
            [
              -110.5277869,
              45.0300677
            ],
            [
              -110.5549276,
              45.0301169
            ],
            [
              -110.5787521,
              45.0300136
            ],
            [
              -110.5788505,
              45.0300137
            ],
            [
              -110.5906768,
              45.0299977
            ],
            [
              -110.6008837,
              45.0299885
            ],
            [
              -110.6110905,
              45.0299614
            ],
            [
              -110.6195021,
              45.0299368
            ],
            [
              -110.6315117,
              45.0299245
            ],
            [
              -110.6417083,
              45.0299119
            ],
            [
              -110.6518902,
              45.029897
            ],
            [
              -110.6621196,
              45.0298827
            ],
            [
              -110.6775213,
              45.0298834
            ],
            [
              -110.6877285,
              45.0298639
            ],
            [
              -110.6928286,
              45.0298572
            ],
            [
              -110.6979312,
              45.0298283
            ],
            [
              -110.7005387,
              45.0298307
            ],
            [
              -110.7031527,
              45.0298269
            ],
            [
              -110.709069,
              45.0298331
            ],
            [
              -110.710263,
              45.0298168
            ],
            [
              -110.7122092,
              45.029814
            ],
            [
              -110.7122234,
              45.0308002
            ],
            [
              -110.7122476,
              45.0324591
            ],
            [
              -110.712259,
              45.0332481
            ],
            [
              -110.7124504,
              45.0332077
            ],
            [
              -110.7130617,
              45.0331252
            ],
            [
              -110.7137428,
              45.0331031
            ],
            [
              -110.7140214,
              45.033125
            ],
            [
              -110.7145787,
              45.0332456
            ],
            [
              -110.7148495,
              45.0333443
            ],
            [
              -110.7152831,
              45.0335252
            ],
            [
              -110.7159411,
              45.0338544
            ],
            [
              -110.7162353,
              45.0340299
            ],
            [
              -110.7163977,
              45.0341396
            ],
            [
              -110.716661,
              45.0343811
            ],
            [
              -110.7168469,
              45.034617
            ],
            [
              -110.7170483,
              45.035034
            ],
            [
              -110.7172188,
              45.0352699
            ],
            [
              -110.7174123,
              45.0354345
            ],
            [
              -110.7179,
              45.0357417
            ],
            [
              -110.7182019,
              45.0358842
            ],
            [
              -110.7186354,
              45.0360103
            ],
            [
              -110.7188908,
              45.0360377
            ],
            [
              -110.7189163,
              45.0360383
            ],
            [
              -110.7194017,
              45.0360486
            ],
            [
              -110.7200053,
              45.0360813
            ],
            [
              -110.720462,
              45.0361635
            ],
            [
              -110.7212437,
              45.0363608
            ],
            [
              -110.7215766,
              45.036454
            ],
            [
              -110.7220024,
              45.0366294
            ],
            [
              -110.7228307,
              45.036931
            ],
            [
              -110.7232642,
              45.0370626
            ],
            [
              -110.7237054,
              45.0371777
            ],
            [
              -110.7240569,
              45.0372922
            ],
            [
              -110.7248666,
              45.037556
            ],
            [
              -110.7250368,
              45.0376382
            ],
            [
              -110.725184,
              45.0377698
            ],
            [
              -110.725277,
              45.037918
            ],
            [
              -110.7254321,
              45.0383295
            ],
            [
              -110.7256567,
              45.0386148
            ],
            [
              -110.7264078,
              45.0392292
            ],
            [
              -110.7267951,
              45.0395089
            ],
            [
              -110.7268184,
              45.0395363
            ],
            [
              -110.7272752,
              45.0398491
            ],
            [
              -110.7276857,
              45.0401617
            ],
            [
              -110.7285377,
              45.0409406
            ],
            [
              -110.7287158,
              45.0410777
            ],
            [
              -110.7293586,
              45.0416811
            ],
            [
              -110.7298156,
              45.0420596
            ],
            [
              -110.7301099,
              45.042257
            ],
            [
              -110.7305187,
              45.0424628
            ],
            [
              -110.7310467,
              45.0427286
            ],
            [
              -110.7323245,
              45.0434305
            ],
            [
              -110.7323399,
              45.0434469
            ],
            [
              -110.7329904,
              45.0437485
            ],
            [
              -110.7333,
              45.0438691
            ],
            [
              -110.7336176,
              45.0439349
            ],
            [
              -110.7339116,
              45.0439402
            ],
            [
              -110.7340664,
              45.0439566
            ],
            [
              -110.7346934,
              45.0439673
            ],
            [
              -110.7356222,
              45.0439395
            ],
            [
              -110.736257,
              45.0439448
            ],
            [
              -110.736737,
              45.0439939
            ],
            [
              -110.737426,
              45.0440924
            ],
            [
              -110.7385562,
              45.0442785
            ],
            [
              -110.7389432,
              45.0443167
            ],
            [
              -110.7392529,
              45.0443166
            ],
            [
              -110.7395543,
              45.0442935
            ],
            [
              -110.7404063,
              45.0442283
            ],
            [
              -110.7411493,
              45.044184
            ],
            [
              -110.7418847,
              45.0441727
            ],
            [
              -110.7423878,
              45.0442109
            ],
            [
              -110.7430691,
              45.0443587
            ],
            [
              -110.7437582,
              45.0445669
            ],
            [
              -110.7443622,
              45.0448135
            ],
            [
              -110.7447494,
              45.0450219
            ],
            [
              -110.7448136,
              45.0450674
            ],
            [
              -110.7450361,
              45.0452249
            ],
            [
              -110.7454079,
              45.045521
            ],
            [
              -110.7456249,
              45.0457184
            ],
            [
              -110.7457101,
              45.0458117
            ],
            [
              -110.7460665,
              45.0461243
            ],
            [
              -110.7465933,
              45.0465466
            ],
            [
              -110.7470658,
              45.0468591
            ],
            [
              -110.7473911,
              45.04704
            ],
            [
              -110.7480572,
              45.0473414
            ],
            [
              -110.7486457,
              45.0475771
            ],
            [
              -110.7489555,
              45.0476812
            ],
            [
              -110.7493194,
              45.0478292
            ],
            [
              -110.7496137,
              45.0479827
            ],
            [
              -110.7497919,
              45.0481198
            ],
            [
              -110.7500087,
              45.0482449
            ],
            [
              -110.7500863,
              45.0482897
            ],
            [
              -110.7506594,
              45.0485583
            ],
            [
              -110.7507679,
              45.0486733
            ],
            [
              -110.7509851,
              45.0488817
            ],
            [
              -110.7512246,
              45.0492605
            ],
            [
              -110.751418,
              45.049469
            ],
            [
              -110.7516732,
              45.0496888
            ],
            [
              -110.7520522,
              45.0499029
            ],
            [
              -110.7522147,
              45.0500347
            ],
            [
              -110.7523306,
              45.0501445
            ],
            [
              -110.7525935,
              45.0504684
            ],
            [
              -110.7527868,
              45.0506772
            ],
            [
              -110.7531118,
              45.0509022
            ],
            [
              -110.7532974,
              45.0509957
            ],
            [
              -110.7536766,
              45.0512152
            ],
            [
              -110.75387,
              45.0512921
            ],
            [
              -110.7539707,
              45.0513141
            ],
            [
              -110.7542415,
              45.0513858
            ],
            [
              -110.7546053,
              45.0514407
            ],
            [
              -110.7548297,
              45.0514957
            ],
            [
              -110.7550696,
              45.0515946
            ],
            [
              -110.7553404,
              45.0518252
            ],
            [
              -110.7555725,
              45.0519789
            ],
            [
              -110.7557969,
              45.0521053
            ],
            [
              -110.7562765,
              45.052347
            ],
            [
              -110.756942,
              45.0526657
            ],
            [
              -110.757476,
              45.0528853
            ],
            [
              -110.7576927,
              45.0529952
            ],
            [
              -110.7579015,
              45.0531325
            ],
            [
              -110.7583502,
              45.0535059
            ],
            [
              -110.7586984,
              45.0537146
            ],
            [
              -110.7589537,
              45.0538244
            ],
            [
              -110.7595032,
              45.0540058
            ],
            [
              -110.7599831,
              45.0541431
            ],
            [
              -110.7601688,
              45.0542146
            ],
            [
              -110.7604164,
              45.0543519
            ],
            [
              -110.7605249,
              45.0544563
            ],
            [
              -110.760842,
              45.0547143
            ],
            [
              -110.7613683,
              45.0549725
            ],
            [
              -110.7615462,
              45.0551373
            ],
            [
              -110.7619639,
              45.0554336
            ],
            [
              -110.7622039,
              45.055626
            ],
            [
              -110.7624359,
              45.0558401
            ],
            [
              -110.762575,
              45.0560652
            ],
            [
              -110.7627605,
              45.0563998
            ],
            [
              -110.7627606,
              45.0564
            ],
            [
              -110.7630695,
              45.0571903
            ],
            [
              -110.7631005,
              45.0572898
            ],
            [
              -110.7633241,
              45.0580079
            ],
            [
              -110.7633471,
              45.058617
            ],
            [
              -110.7634242,
              45.0588477
            ],
            [
              -110.7635324,
              45.0590725
            ],
            [
              -110.7635865,
              45.0592152
            ],
            [
              -110.7635866,
              45.0592153
            ],
            [
              -110.7637951,
              45.0595887
            ],
            [
              -110.7639421,
              45.0597916
            ],
            [
              -110.7642129,
              45.0600388
            ],
            [
              -110.7646617,
              45.0603735
            ],
            [
              -110.76501,
              45.0605548
            ],
            [
              -110.7652499,
              45.0606482
            ],
            [
              -110.7657763,
              45.0607636
            ],
            [
              -110.766024,
              45.060846
            ],
            [
              -110.766411,
              45.0610657
            ],
            [
              -110.7666819,
              45.0611977
            ],
            [
              -110.7671464,
              45.0613569
            ],
            [
              -110.7673786,
              45.0614943
            ],
            [
              -110.7677654,
              45.0617852
            ],
            [
              -110.7680363,
              45.0618785
            ],
            [
              -110.7682995,
              45.0620213
            ],
            [
              -110.7682997,
              45.0620215
            ],
            [
              -110.7685007,
              45.0622081
            ],
            [
              -110.7687636,
              45.0625538
            ],
            [
              -110.7691348,
              45.0631466
            ],
            [
              -110.7694055,
              45.0634649
            ],
            [
              -110.7695989,
              45.0637942
            ],
            [
              -110.7699008,
              45.0640523
            ],
            [
              -110.7699009,
              45.0640525
            ],
            [
              -110.770481,
              45.0646342
            ],
            [
              -110.7707442,
              45.0648429
            ],
            [
              -110.7708833,
              45.0649088
            ],
            [
              -110.7708836,
              45.0649089
            ],
            [
              -110.7711236,
              45.0649583
            ],
            [
              -110.7712629,
              45.0650351
            ],
            [
              -110.7713323,
              45.0651119
            ],
            [
              -110.7714717,
              45.0653479
            ],
            [
              -110.7716727,
              45.0658529
            ],
            [
              -110.7719123,
              45.0663084
            ],
            [
              -110.7719124,
              45.0663085
            ],
            [
              -110.7722063,
              45.066819
            ],
            [
              -110.7722174,
              45.0668458
            ],
            [
              -110.7722177,
              45.0668465
            ],
            [
              -110.7722559,
              45.0668301
            ],
            [
              -110.7738779,
              45.0665975
            ],
            [
              -110.7739314,
              45.0665899
            ],
            [
              -110.7742556,
              45.066515
            ],
            [
              -110.7759315,
              45.0661282
            ],
            [
              -110.7770816,
              45.0659947
            ],
            [
              -110.7786997,
              45.0652025
            ],
            [
              -110.781141,
              45.0642638
            ],
            [
              -110.7828663,
              45.0636004
            ],
            [
              -110.7837707,
              45.0632917
            ],
            [
              -110.7853059,
              45.0626544
            ],
            [
              -110.7859086,
              45.0625004
            ],
            [
              -110.7866206,
              45.0624241
            ],
            [
              -110.7871139,
              45.0622504
            ],
            [
              -110.7876615,
              45.0621933
            ],
            [
              -110.7889211,
              45.0620598
            ],
            [
              -110.790593,
              45.0617973
            ],
            [
              -110.7911804,
              45.0617051
            ],
            [
              -110.7917553,
              45.0616673
            ],
            [
              -110.7922758,
              45.0615519
            ],
            [
              -110.7927414,
              45.0614751
            ],
            [
              -110.7934813,
              45.0612243
            ],
            [
              -110.7943034,
              45.0609542
            ],
            [
              -110.7951254,
              45.0607034
            ],
            [
              -110.7956736,
              45.0604716
            ],
            [
              -110.7965775,
              45.0602599
            ],
            [
              -110.7969069,
              45.0599889
            ],
            [
              -110.7973735,
              45.0596405
            ],
            [
              -110.7977849,
              45.0593891
            ],
            [
              -110.7982517,
              45.0589631
            ],
            [
              -110.7988006,
              45.0585373
            ],
            [
              -110.799596,
              45.0580344
            ],
            [
              -110.7999798,
              45.0578411
            ],
            [
              -110.8005007,
              45.0575898
            ],
            [
              -110.8013774,
              45.0573391
            ],
            [
              -110.8015085,
              45.0573022
            ],
            [
              -110.8015255,
              45.0572974
            ],
            [
              -110.8020623,
              45.0571463
            ],
            [
              -110.8025827,
              45.0570114
            ],
            [
              -110.8036388,
              45.0563246
            ],
            [
              -110.8053668,
              45.055183
            ],
            [
              -110.8067083,
              45.0550301
            ],
            [
              -110.8078581,
              45.0549351
            ],
            [
              -110.8085973,
              45.0548587
            ],
            [
              -110.809227,
              45.0547821
            ],
            [
              -110.8101029,
              45.0547254
            ],
            [
              -110.8107598,
              45.0547071
            ],
            [
              -110.811855,
              45.0545537
            ],
            [
              -110.8125119,
              45.054516
            ],
            [
              -110.8134421,
              45.0545951
            ],
            [
              -110.8140985,
              45.0547125
            ],
            [
              -110.8144815,
              45.0547713
            ],
            [
              -110.815138,
              45.05485
            ],
            [
              -110.8156851,
              45.0549479
            ],
            [
              -110.816724,
              45.0552599
            ],
            [
              -110.8181053,
              45.0555239
            ],
            [
              -110.8186524,
              45.0556024
            ],
            [
              -110.8197739,
              45.0557593
            ],
            [
              -110.8205675,
              45.05578
            ],
            [
              -110.8211973,
              45.055684
            ],
            [
              -110.8216356,
              45.0555295
            ],
            [
              -110.8221187,
              45.0553592
            ],
            [
              -110.8221288,
              45.0553556
            ],
            [
              -110.8226491,
              45.0552401
            ],
            [
              -110.8230599,
              45.0551631
            ],
            [
              -110.8236075,
              45.0550863
            ],
            [
              -110.8239361,
              45.0550093
            ],
            [
              -110.8246763,
              45.054603
            ],
            [
              -110.8256074,
              45.0543911
            ],
            [
              -110.8260892,
              45.0541842
            ],
            [
              -110.8262377,
              45.0541204
            ],
            [
              -110.8266585,
              45.0536604
            ],
            [
              -110.8271182,
              45.053261
            ],
            [
              -110.8273744,
              45.0527798
            ],
            [
              -110.8276744,
              45.0518772
            ],
            [
              -110.8273812,
              45.0505222
            ],
            [
              -110.8270465,
              45.0488661
            ],
            [
              -110.8270077,
              45.0476619
            ],
            [
              -110.827307,
              45.04697
            ],
            [
              -110.8278185,
              45.0463387
            ],
            [
              -110.8284978,
              45.0463397
            ],
            [
              -110.8296014,
              45.0464918
            ],
            [
              -110.8309603,
              45.0464637
            ],
            [
              -110.8316405,
              45.0461637
            ],
            [
              -110.8324494,
              45.0454424
            ],
            [
              -110.8331943,
              45.0448264
            ],
            [
              -110.8342562,
              45.0446775
            ],
            [
              -110.835784,
              45.0449506
            ],
            [
              -110.8370135,
              45.0456145
            ],
            [
              -110.8373562,
              45.0445615
            ],
            [
              -110.8376141,
              45.0434481
            ],
            [
              -110.8378592,
              45.0428511
            ],
            [
              -110.8381699,
              45.0420943
            ],
            [
              -110.8385556,
              45.0408305
            ],
            [
              -110.8387296,
              45.0393558
            ],
            [
              -110.8389455,
              45.0380617
            ],
            [
              -110.8393961,
              45.0363315
            ],
            [
              -110.8397805,
              45.0355193
            ],
            [
              -110.839954,
              45.034195
            ],
            [
              -110.8402554,
              45.0326602
            ],
            [
              -110.8405563,
              45.0313362
            ],
            [
              -110.8414926,
              45.0304645
            ],
            [
              -110.8418973,
              45.0299383
            ],
            [
              -110.8419145,
              45.0295606
            ],
            [
              -110.8423786,
              45.0295606
            ],
            [
              -110.8424449,
              45.0295606
            ],
            [
              -110.8473531,
              45.0295581
            ],
            [
              -110.8524386,
              45.0295555
            ],
            [
              -110.8529156,
              45.0295555
            ],
            [
              -110.8625804,
              45.0295461
            ],
            [
              -110.8630831,
              45.0295461
            ],
            [
              -110.8676446,
              45.0295518
            ],
            [
              -110.8727049,
              45.0295587
            ],
            [
              -110.8732495,
              45.0295588
            ],
            [
              -110.8827898,
              45.0295837
            ],
            [
              -110.883376,
              45.0295839
            ],
            [
              -110.8876864,
              45.0295865
            ],
            [
              -110.8927764,
              45.0295902
            ],
            [
              -110.8935595,
              45.0295903
            ],
            [
              -110.9029372,
              45.0296029
            ],
            [
              -110.9037204,
              45.0296029
            ],
            [
              -110.9077284,
              45.0296056
            ],
            [
              -110.9097246,
              45.029607
            ],
            [
              -110.9094108,
              45.0301492
            ],
            [
              -110.9092039,
              45.03046
            ],
            [
              -110.9092809,
              45.0307253
            ],
            [
              -110.9098477,
              45.0311647
            ],
            [
              -110.9105178,
              45.0315311
            ],
            [
              -110.9111881,
              45.031806
            ],
            [
              -110.9122968,
              45.0321544
            ],
            [
              -110.9128121,
              45.0325572
            ],
            [
              -110.9137905,
              45.0338384
            ],
            [
              -110.9142537,
              45.0345704
            ],
            [
              -110.9143555,
              45.03554
            ],
            [
              -110.914354,
              45.036546
            ],
            [
              -110.9141972,
              45.0378538
            ],
            [
              -110.9136537,
              45.0390058
            ],
            [
              -110.9126975,
              45.0400294
            ],
            [
              -110.9120778,
              45.0403948
            ],
            [
              -110.9117678,
              45.0406507
            ],
            [
              -110.911535,
              45.0410529
            ],
            [
              -110.91156,
              45.0415651
            ],
            [
              -110.9120754,
              45.0419131
            ],
            [
              -110.9141644,
              45.0425366
            ],
            [
              -110.9150146,
              45.0433329
            ],
            [
              -110.9155559,
              45.0437174
            ],
            [
              -110.916123,
              45.0440837
            ],
            [
              -110.9162258,
              45.0443581
            ],
            [
              -110.9169151,
              45.0451336
            ],
            [
              -110.9171532,
              45.0454014
            ],
            [
              -110.9172556,
              45.0459137
            ],
            [
              -110.9177195,
              45.0463347
            ],
            [
              -110.9185962,
              45.0467561
            ],
            [
              -110.9196018,
              45.0472324
            ],
            [
              -110.9207103,
              45.0480197
            ],
            [
              -110.9221034,
              45.0481852
            ],
            [
              -110.9233676,
              45.0483873
            ],
            [
              -110.9242702,
              45.048772
            ],
            [
              -110.9253538,
              45.0488825
            ],
            [
              -110.926102,
              45.049011
            ],
            [
              -110.9273658,
              45.0494417
            ],
            [
              -110.9280368,
              45.0494055
            ],
            [
              -110.9285013,
              45.0493326
            ],
            [
              -110.9293533,
              45.0489856
            ],
            [
              -110.9295058,
              45.0488735
            ],
            [
              -110.9307977,
              45.0494803
            ],
            [
              -110.9314681,
              45.049938
            ],
            [
              -110.9320411,
              45.050619
            ],
            [
              -110.9324536,
              45.0514008
            ],
            [
              -110.9327632,
              45.0518406
            ],
            [
              -110.933038,
              45.0525735
            ],
            [
              -110.9338387,
              45.0528661
            ],
            [
              -110.9344504,
              45.0528185
            ],
            [
              -110.9354151,
              45.0528679
            ],
            [
              -110.9356187,
              45.0534159
            ],
            [
              -110.9358501,
              45.0542208
            ],
            [
              -110.93634,
              45.0546052
            ],
            [
              -110.9363913,
              45.0548339
            ],
            [
              -110.9364426,
              45.0551449
            ],
            [
              -110.9360549,
              45.0556752
            ],
            [
              -110.9353575,
              45.0561504
            ],
            [
              -110.9347371,
              45.0570646
            ],
            [
              -110.9341941,
              45.0579789
            ],
            [
              -110.9333669,
              45.0591492
            ],
            [
              -110.9328757,
              45.0598623
            ],
            [
              -110.932856,
              45.0600077
            ],
            [
              -110.9329943,
              45.0604135
            ],
            [
              -110.9329938,
              45.0608043
            ],
            [
              -110.9323039,
              45.0614389
            ],
            [
              -110.9313723,
              45.0623176
            ],
            [
              -110.9311306,
              45.0627083
            ],
            [
              -110.9310611,
              45.0631967
            ],
            [
              -110.9312672,
              45.0637342
            ],
            [
              -110.9315424,
              45.0642228
            ],
            [
              -110.9317831,
              45.064687
            ],
            [
              -110.9315411,
              45.0652486
            ],
            [
              -110.9309892,
              45.0656635
            ],
            [
              -110.9304027,
              45.0661516
            ],
            [
              -110.9299198,
              45.0664933
            ],
            [
              -110.9292301,
              45.0668104
            ],
            [
              -110.9289541,
              45.0670544
            ],
            [
              -110.9289539,
              45.0672254
            ],
            [
              -110.9296086,
              45.0673235
            ],
            [
              -110.9299877,
              45.0672993
            ],
            [
              -110.9309531,
              45.0669824
            ],
            [
              -110.9318147,
              45.0670073
            ],
            [
              -110.9325041,
              45.0669588
            ],
            [
              -110.932711,
              45.0668368
            ],
            [
              -110.9329182,
              45.066495
            ],
            [
              -110.9333321,
              45.0662266
            ],
            [
              -110.9338838,
              45.0660315
            ],
            [
              -110.9346078,
              45.0658121
            ],
            [
              -110.935194,
              45.0655194
            ],
            [
              -110.9360562,
              45.0650069
            ],
            [
              -110.9367457,
              45.0647631
            ],
            [
              -110.9377105,
              45.0649834
            ],
            [
              -110.9384682,
              45.0654479
            ],
            [
              -110.9391913,
              45.0660344
            ],
            [
              -110.9396043,
              45.0665475
            ],
            [
              -110.9394662,
              45.0668161
            ],
            [
              -110.9395349,
              45.0670604
            ],
            [
              -110.9397068,
              45.0674513
            ],
            [
              -110.9401545,
              45.0677446
            ],
            [
              -110.9404989,
              45.0680378
            ],
            [
              -110.9409465,
              45.0684533
            ],
            [
              -110.9414632,
              45.0687222
            ],
            [
              -110.9415661,
              45.0691619
            ],
            [
              -110.9415999,
              45.0698946
            ],
            [
              -110.9413237,
              45.0702852
            ],
            [
              -110.9408064,
              45.0706269
            ],
            [
              -110.9406682,
              45.0709199
            ],
            [
              -110.9403231,
              45.0712861
            ],
            [
              -110.9404262,
              45.0716037
            ],
            [
              -110.940648,
              45.0719011
            ],
            [
              -110.940736,
              45.072019
            ],
            [
              -110.9410456,
              45.0725565
            ],
            [
              -110.9411969,
              45.0731674
            ],
            [
              -110.9413042,
              45.0740872
            ],
            [
              -110.9414578,
              45.0743928
            ],
            [
              -110.9421039,
              45.0749386
            ],
            [
              -110.9425344,
              45.0755934
            ],
            [
              -110.9428738,
              45.074939
            ],
            [
              -110.943367,
              45.0745028
            ],
            [
              -110.9437499,
              45.0742935
            ],
            [
              -110.9440448,
              45.0741322
            ],
            [
              -110.9446609,
              45.0739579
            ],
            [
              -110.9453077,
              45.0737837
            ],
            [
              -110.9463858,
              45.0734351
            ],
            [
              -110.9472173,
              45.0733482
            ],
            [
              -110.9476485,
              45.0732611
            ],
            [
              -110.9485415,
              45.0732615
            ],
            [
              -110.9491882,
              45.0732618
            ],
            [
              -110.9501426,
              45.0734804
            ],
            [
              -110.9505119,
              45.0737424
            ],
            [
              -110.9507885,
              45.0744189
            ],
            [
              -110.9509421,
              45.0748772
            ],
            [
              -110.9518039,
              45.0753576
            ],
            [
              -110.9522039,
              45.0757068
            ],
            [
              -110.9527272,
              45.0760562
            ],
            [
              -110.9535894,
              45.0761656
            ],
            [
              -110.9545133,
              45.0760569
            ],
            [
              -110.9557144,
              45.07597
            ],
            [
              -110.9563917,
              45.0762103
            ],
            [
              -110.9588751,
              45.0768114
            ],
            [
              -110.9590953,
              45.0774367
            ],
            [
              -110.9594479,
              45.0779996
            ],
            [
              -110.9601094,
              45.0784687
            ],
            [
              -110.9601311,
              45.0789377
            ],
            [
              -110.9603735,
              45.0793755
            ],
            [
              -110.9601527,
              45.0796567
            ],
            [
              -110.9596225,
              45.0799972
            ],
            [
              -110.9589752,
              45.0808261
            ],
            [
              -110.9601144,
              45.0812193
            ],
            [
              -110.9606683,
              45.0818959
            ],
            [
              -110.9616843,
              45.0823762
            ],
            [
              -110.9634704,
              45.0827695
            ],
            [
              -110.9639323,
              45.0829661
            ],
            [
              -110.9642338,
              45.0830541
            ],
            [
              -110.9644557,
              45.083119
            ],
            [
              -110.9648867,
              45.0834464
            ],
            [
              -110.9651947,
              45.0834683
            ],
            [
              -110.9655954,
              45.0829884
            ],
            [
              -110.9657188,
              45.0827048
            ],
            [
              -110.9657189,
              45.0825302
            ],
            [
              -110.9661193,
              45.0824212
            ],
            [
              -110.9669511,
              45.081985
            ],
            [
              -110.9681217,
              45.0815708
            ],
            [
              -110.9697233,
              45.0813748
            ],
            [
              -110.9701546,
              45.0811131
            ],
            [
              -110.9705858,
              45.0810696
            ],
            [
              -110.9717869,
              45.0811571
            ],
            [
              -110.9728378,
              45.0814423
            ],
            [
              -110.9735438,
              45.0814111
            ],
            [
              -110.9741394,
              45.0815832
            ],
            [
              -110.9746028,
              45.0814583
            ],
            [
              -110.9753285,
              45.0814743
            ],
            [
              -110.975852,
              45.0818235
            ],
            [
              -110.9764368,
              45.082631
            ],
            [
              -110.9766829,
              45.0831983
            ],
            [
              -110.9766828,
              45.0835911
            ],
            [
              -110.9768673,
              45.0842021
            ],
            [
              -110.9771444,
              45.0845512
            ],
            [
              -110.9776678,
              45.0848786
            ],
            [
              -110.9789923,
              45.0847698
            ],
            [
              -110.9785917,
              45.0852061
            ],
            [
              -110.9783912,
              45.0855306
            ],
            [
              -110.978376,
              45.0855552
            ],
            [
              -110.9788378,
              45.0861007
            ],
            [
              -110.9789403,
              45.0862239
            ],
            [
              -110.9795459,
              45.0869518
            ],
            [
              -110.9802542,
              45.087432
            ],
            [
              -110.981332,
              45.0880322
            ],
            [
              -110.9820402,
              45.0886651
            ],
            [
              -110.9822864,
              45.0895161
            ],
            [
              -110.9821013,
              45.0904325
            ],
            [
              -110.9820395,
              45.0909125
            ],
            [
              -110.9820394,
              45.0914362
            ],
            [
              -110.9821625,
              45.0917198
            ],
            [
              -110.9826246,
              45.0915454
            ],
            [
              -110.9830558,
              45.0916327
            ],
            [
              -110.9834254,
              45.0917855
            ],
            [
              -110.9845036,
              45.0916983
            ],
            [
              -110.9849202,
              45.0916984
            ],
            [
              -110.985212,
              45.0916984
            ],
            [
              -110.9858897,
              45.0918294
            ],
            [
              -110.9870602,
              45.0920477
            ],
            [
              -110.98897,
              45.0923097
            ],
            [
              -110.9902637,
              45.0925935
            ],
            [
              -110.9912802,
              45.0928118
            ],
            [
              -110.9915266,
              45.0930736
            ],
            [
              -110.9925755,
              45.0937568
            ],
            [
              -110.9934363,
              45.0943174
            ],
            [
              -110.9940128,
              45.0946091
            ],
            [
              -110.9947301,
              45.0949721
            ],
            [
              -110.9951921,
              45.0953212
            ],
            [
              -110.9960238,
              45.0958776
            ],
            [
              -110.9971437,
              45.0965021
            ],
            [
              -110.9974717,
              45.096685
            ],
            [
              -110.9986423,
              45.0972087
            ],
            [
              -110.9998129,
              45.0976669
            ],
            [
              -111.0006447,
              45.0979505
            ],
            [
              -111.0014149,
              45.0974487
            ],
            [
              -111.0022775,
              45.0972523
            ],
            [
              -111.0035098,
              45.0975359
            ],
            [
              -111.0049269,
              45.0977104
            ],
            [
              -111.0054567,
              45.0977202
            ],
            [
              -111.0060976,
              45.0977321
            ],
            [
              -111.0073298,
              45.0978412
            ],
            [
              -111.0080077,
              45.0982339
            ],
            [
              -111.0082849,
              45.0982448
            ],
            [
              -111.0087778,
              45.0981793
            ],
            [
              -111.0096097,
              45.0983537
            ]
          ]
        ]
      },
      "id": "relation/1453306"
    }
  ]
}
