sort,Name,Sex,Color,Birth Year,Birth Month/Day,Birth Pack,Mother,Father,Birth Location,Current/Death Pack,Previous Packs,Death Year,Last seen,Death/Last Month/Day,Death Cause,Death/Last Location,Alt name,Translocated,on 2024 Wolf Chart?,Official Tree?,Book?,notes
0001,1,~,~,~,~,~,~,~,~,~,~,~,~,~,~,~,~,~,N/A,N/A,N/A,
0002,2,M,b,1994,April,Crystal Creek,5F,4M,"Alberta, Canada",Leopold,-,2002,N/A,December ,Wolf,"Blacktail Deer Plateau, YNP",,Petite Lake,,Yes,Yes,
0003,3,M,b,1994,April,Crystal Creek,5F,4M,"Alberta, Canada",None,-,1996,N/A,February 5,Legally Killed,"Emigrant, MT",,Petite Lake,,Yes,Yes,
0004,4,M,b,1991?,?,Crystal Creek,?,?,"Alberta, Canada",Crystal Creek,-,1996,N/A,May 21,Wolf (Druid Peak),"Soda Butte Canyon, YNP",,Petite Lake,,Yes,Yes,
0005,5,F,g,1991?,?,Crystal Creek,?,?,"Alberta, Canada",None,-,N/A,2000,Unknown,N/A, Unknown,,Petite Lake,,Yes,Yes,
0006,6,M,b,1994,April,Crystal Creek,5F's sister?,4M,"Alberta, Canada",Crystal Creek,-,1998,N/A,August 25,Natural (Elk),"Pelican Valley, YNP",,Petite Lake,,Yes,Yes,
0007,7,F,g,1994,April,Rose Creek,9F,?,"Alberta, Canada",Leopold,-,2002,N/A,May 4,Wolf (Geode Creek),"Blacktail Deer Plateau, YNP",,Mcleod,,Yes,Yes,
0008,8,M,g,1994,April,Crystal Creek,5F,4M,"Alberta, Canada",Rose Creek,-,2000,N/A,July ,Natural (Elk),"Slough Creek, YNP",,Petite Lake,,Yes,Yes,
0009,9,F,b,1991?,?,Rose Creek,?,?,"Alberta, Canada",Beartooth,-,N/A,2002,Unknown,N/A,Northeast of YNP,Natasha,Mcleod,,Yes,Yes,
0010,10,M,g,1991?,?,Rose Creek,?,?,"Alberta, Canada",Rose Creek,-,1995,N/A,April 26,Illegally Killed,"Red Lodge, Montana",,Ricks,,Yes,Yes,
0011,11,F,g,1993?,?,Soda Butte,?,?,"Alberta, Canada",Soda Butte,-,1996,N/A,March 30,Illegally Killed,"Meeteetse, WY",,Berland,,Yes,Yes,
0012,12,M,b,1993?,?,Soda Butte,?,?,"Alberta, Canada",None,-,1996,N/A,February 11,Illegally Killed,"Near Daniel, WY",,Berland,7,Yes,Yes,
0013,13,M,b,1986?,?,Soda Butte,?,?,"Alberta, Canada",None,-,1997,N/A,March 19,Natural (Old Age),"Near Heart Lake, YNP",Old Blue,Berland,,Yes,Yes,
0014,14,F,g,1991?,?,Soda Butte,?,?,"Alberta, Canada",None,-,2000,N/A,March 1,Natural (Elk),"Soda Butte Canyon, YNP",,Berland,,Yes,Yes,
0015,15,M,b,1994?,?,Soda Butte,?,?,"Alberta, Canada",Washakie,-,1997,N/A,October 26,Legally Killed,"DuNoir Valley, WY",,Berland,,Yes,Yes,
0016,16,F,b,1995,April 26,Rose Creek,9F,10M,"Red Lodge, Montana",Sheep Mountain,Chief Joseph,2000,N/A,April,Human (Handling),North of YNP,,,,Yes,Yes,
0017,17,F,g,1995,April 26,Rose Creek,9F,10M,"Red Lodge, Montana",Chief Joseph,-,1997,N/A,July 18,Natural (Impaled by stick),"Fawn Creek area, YNP",,,,Yes,Yes,
0018,18,F,b,1995,April 26,Rose Creek,9F,10M,"Red Lodge, Montana",Rose Creek,-,N/A,2003,Unknown,N/A, Unknown,,,,Yes,Yes,
0019,19,F,b,1995,April 26,Rose Creek,9F,10M,"Red Lodge, Montana",Rose Creek,-,1997,N/A,April ,Wolf (Druid Peak),"Eastern Little America, YNP",,,,Yes,Yes,
0020,20,M,b,1995,April 26,Rose Creek,9F,10M,"Red Lodge, Montana",Rose Creek,-,1996,N/A,June 18,Wolf (Druid Peak),"Buffalo Creek, YNP",,,,Yes,Yes,
0021,21,M,b,1995,April 26,Rose Creek,9F,10M,"Red Lodge, Montana",Druid Peak,-,2004,N/A,June 12,Natural (Old Age),"Specimen Ridge, YNP",,,,Yes,Yes,
0022,22,M,b,1995,April 26,Rose Creek,9F,10M,"Red Lodge, Montana",Rose Creek,-,1995,N/A,December 19,Vehicle,"Lamar Valley, YNP",,,,Yes,Yes,
0023,23,M,b,1995,April 26,Rose Creek,9F,10M,"Red Lodge, Montana",None,-,N/A,1998,Unknown,N/A, Unknown,,,,Yes,Yes,
0024,24,F,b,1995,April,Soda Butte,14F,15M,"Stillwater River, WY",Teton,-,2000,N/A,Unknown,Illegally Killed,Wyoming,,,,Yes,Yes,
0025,25,~,~,~,~,~,~,~,~,~,~,~,~,~,~,~,~,~,N/A,N/A,N/A,
0026,26,F,g,1995,?,Nez Perce,27F,28M,"British Columbia, Canada",Washakie,-,1998,N/A,June 21,Legally Killed,"DuNoir Valley, WY",,Halfway,,Yes,Yes,
0027,27,F,g,1992?,?,Nez Perce,?,?,"British Columbia, Canada",Nez Perce,-,1997,N/A,October 8,Legally Killed,"South of Dillon, MT",,Halfway,,Yes,Yes,
0028,28,M,g,1992?,?,Nez Perce,?,?,"British Columbia, Canada",Nez Perce,-,1997,N/A,January 27,Illegally Killed,"Grey Cliff, MT",,Halfway,,Yes,Yes,
0029,29,M,g,1995,?,Nez Perce,27F,28M,"British Columbia, Canada",Gros Ventre,-,N/A,2001,Unknown,N/A, Unknown,,Halfway,,Yes,Yes,
0030,30,F,g,1995,?,Nez Perce,27F,28M,"British Columbia, Canada",Thorofare,-,1998,N/A,January 9,Natural (Avalanche),"near Eagle Pass, YNP",,Halfway,,Yes,Yes,
0031,31,M,g,1995,?,Chief Joseph,?,?,"British Columbia, Canada",Druid Peak,-,1997,N/A,December 3,Illegally Killed,"Crandall Creek, WY",,Kravac,,Yes,Yes,
0032,32,F,g,1992?,?,Chief Joseph,?,?,"British Columbia, Canada",Chief Joseph,-,1996,N/A,June 25,Vehicle,"Route 191, YNP",,Kravac,,Yes,Yes,
0033,33,F,b,1995,April,Chief Joseph,?,?,"British Columbia, Canada",Chief Joseph,-,2001,N/A,August 8,Vehicle,"Highway 191, Montana - W. Edge of YNP",,Kravac,,Yes,Yes,
0034,34,M,g,1994,April,Chief Joseph,?,?,"British Columbia, Canada",Chief Joseph,-,2001,N/A,November 28,Natural (Elk),"West Boundary, YNP",,Muskwa,,Yes,Yes,
0035,35,M,b,1992?,?,Lone Star,?,?,"British Columbia, Canada",Thorofare,-,1998,N/A,January 9,Natural (Avalanche),"near Fishing Bridge, YNP",,Chief,,Yes,Yes,
0036,36,F,b,1992?,?,Lone Star,?,?,"British Columbia, Canada",Lone Star,-,1996,N/A,April 14,Natural (Burns),"Lone Star Geyser Road, YNP",,Besa,,Yes,Yes,
0037,37,F,g,1995,?,Nez Perce,27F,28M,"British Columbia, Canada",Nez Perce,-,1997,N/A,November 26,Legally Killed,"South of Dillon, MT",,Halfway,,Yes,Yes,
0038,38,M,g,1992?,?,Druid Peak,?,?,"British Columbia, Canada",Druid Peak,-,1997,N/A,December 3,Illegally Killed,"Hoodoo Creek, WY",,Prophet,,Yes,Yes,
0039,39,F,g,1990?,?,Druid Peak,?,?,"British Columbia, Canada",None,-,1998,N/A,March 4,Illegally Killed,"Sunlight Basin, Wy",,Besa,,Yes,Yes,
0040,40,F,g,1995,?,Druid Peak,39F,?,"British Columbia, Canada",Druid Peak,-,2000,N/A,May 8,Wolf (Druid Peak),"Lamar Valley, YNP",,Besa,,Yes,Yes,
0041,41,F,b,1995,?,Druid Peak,39F,?,"British Columbia, Canada",Sunlight Basin,-,2004,N/A,February 17,Legally Killed,"Sunlight Basin, WY",,Besa,,Yes,Yes,
0042,42,F,b,1995,?,Druid Peak,39F,?,"British Columbia, Canada",Druid Peak,-,2004,N/A,February 2,Wolf (Mollie's),"Specimen Ridge West, Lamar Valley, YNP",,Besa,,Yes,Yes,
0043,43,M,g,1996,May 1,Soda Butte,14F,13M,"Greater Yellowstone Area, East of YNP",Soda Butte,-,1999,N/A,Unknown,Wolf,Unknown,,,,Yes,Yes,
0044,44,F,b,1996,May 1,Soda Butte,14F,13M,"Greater Yellowstone Area, East of YNP",None,-,2005,N/A,May 1,Unknown, Unknown,,,,Yes,Yes,
0045,45,F,?,1996,May 1,Soda Butte,14F,13M,"Greater Yellowstone Area, East of YNP",Soda Butte,-,1996,N/A,September 3,Unknown,"YNP, Trail Creek Pen",,,,Yes,Yes,
0046,46,M,g,1996,April 25,Nez Perce,27F,28M,"Near Nye, Montana",None,-,1999,N/A,Unknown,Natural (Illness),"Columbus, MN",,,,Yes,Yes,
0047,47,M,g,1996,April 25,Nez Perce,27F,28M,"Near Nye, Montana",Nez Perce,-,1996,N/A,September ,Vehicle,YNP Road,,,,Yes,Yes,
0048,48,F,g,1996,April 25,Nez Perce,27F,28M,"Near Nye, Montana",Nez Perce,-,2005,N/A,December 7,Wolf (Gibbon Medows),"Old Faithful Area, YNP",,,,Yes,Yes,
0049,49,?,g,1996,April 25,Nez Perce,27F,28M,"Near Nye, Montana",Nez Perce,-,N/A,1996,December ,N/A, Unknown,,,,Yes,Yes,
0050,50,?,g,1996,April 25,Nez Perce,27F,28M,"Near Nye, Montana",Nez Perce,-,N/A,1996,December ,N/A, Unknown,,,,Yes,Yes,
0051,51,F,g,1996,April,Rose Creek,9F,8M,"Little America, YNP",Rose Creek,-,N/A,1998,Unknown,N/A,Unknown,,,,Yes,Yes,
0052,52,M,b,1996,April,Rose Creek,9F,8M,"Little America, YNP",Sunlight Basin,-,N/A,2002,Unknown,N/A,Unknown,,,,Yes,Yes,
0053,53,F,b,1996,April,Rose Creek,9F,8M,"Little America, YNP",Rose Creek,-,N/A,1998,Unknown,N/A,Unknown,,,,Yes,Yes,
0054,54,?,g,1996,April 20,Leopold,7F,2M,"Blacktail Plateau, YNP",None,-,N/A,1999,Unknown,N/A, Unknown,,,,Yes,Yes,
0055,55,M,g,1996,April 20,Leopold,7F,2M,"Blacktail Plateau, YNP",None,-,N/A,2000,Unknown,N/A, Unknown,,,,Yes,Yes,
0056,56,M,b,1996,April 20,Leopold,7F,2M,"Blacktail Plateau, YNP",Leopold,-,N/A,1999,Unknown,N/A, Unknown,,,,Yes,Yes,
0057,57,~,~,~,~,~,~,~,~,~,~,~,~,~,~,~,~,~,N/A,N/A,N/A,
0058,58,~,~,~,~,~,~,~,~,~,~,~,~,~,~,~,~,~,N/A,N/A,N/A,
0059,59,~,~,~,~,~,~,~,~,~,~,~,~,~,~,~,~,~,N/A,N/A,N/A,
0060,60,~,~,~,~,~,~,~,~,~,~,~,~,~,~,~,~,~,N/A,N/A,N/A,
0061,61,~,~,~,~,~,~,~,~,~,~,~,~,~,~,~,~,~,N/A,N/A,N/A,
0062,62,~,~,~,~,~,~,~,~,~,~,~,~,~,~,~,~,~,N/A,N/A,N/A,
0063,63,F,g,1996,April,Sawtooth,?,?,"Augusta, Montana",None,-,1997,N/A,October 26,Legally Killed,West of YNP,,Sawtooth,,Yes,Yes,
0064,64,F,g,1996,April,Sawtooth,?,?,"Augusta, Montana",None,-,1997,N/A,June 6,Legally Killed,"Big Timber, Montana",,Sawtooth,,Yes,Yes,
0065,65,F,g,1996,April,Sawtooth,?,?,"Augusta, Montana",None,-,N/A,1997,October ,N/A,Yellostone Possibly,,Sawtooth,,Yes,Yes,
0066,66,M,b,1996,April,Sawtooth,?,?,"Augusta, Montana",None,-,1997,N/A,July 14,Vehicle,Central YNP,,Sawtooth,,Yes,Yes,
0067,67,F,b,1996,April,Sawtooth,?,?,"Augusta, Montana",None,-,1998,N/A,August 22,Legally Killed,West of YNP,,Sawtooth,,Yes,Yes,
0068,68,F,g,1996,April,Sawtooth,?,?,"Augusta, Montana",None,-,1997,N/A,September 9,Legally Killed,"Upper Green River, WY",,Sawtooth,,Yes,Yes,
0069,69,M,g,1996,April,Sawtooth,?,?,"Augusta, Montana",None,-,1997,N/A,July 3,Legally Killed,"Near Leadore, ID",,Sawtooth,,Yes,Yes,
0070,70,M,g,1996,April,Sawtooth,?,?,"Augusta, Montana",Nez Perce,-,2005,N/A,June 21,Wolf (Mollie's),"West Central, YNP",,Sawtooth,,Yes,Yes,
0071,71,F,b,1996,April,Sawtooth,?,?,"Augusta, Montana",None,-,1997,N/A,May 19,Human (Coyote Trap),"South of Ruby Reservoir, MT",,Sawtooth,,Yes,Yes,
0072,72,M,g,1996,April,Sawtooth,?,?,"Augusta, Montana",None,-,N/A,2004,Unknown,N/A, Unknown,,Sawtooth,,Yes,Yes,
0073,73,M,?,1997,April 6-9,Rose Creek,19F,8M (21M?),"Eastern Little America, YNP",Rose Creek,-,1997,N/A,April ,Natural (Exposure),"Eastern Little America, YNP",,,,Yes,Yes,
0074,74,F,?,1997,April 6-9,Rose Creek,19F,8M (21M?),"Eastern Little America, YNP",Rose Creek,-,1997,N/A,April ,Natural (Exposure),"Eastern Little America, YNP",,,,Yes,Yes,
0075,75,?,?,1997,April 6-9,Rose Creek,19F,8M (21M?),"Eastern Little America, YNP",Rose Creek,-,1997,N/A,April ,Natural (Exposure),"Eastern Little America, YNP",,,,Yes,Yes,
0076,76,?,?,1997,April 6-9,Rose Creek,19F,8M (21M?),"Eastern Little America, YNP",Rose Creek,-,1997,N/A,April ,Natural (Exposure),"Eastern Little America, YNP",,,,Yes,Yes,
0077,77,F,b,1997,April,Rose Creek,18F,8M,"Little America, YNP",Beartooth,-,N/A,2004,May ,N/A, Unknown,,,,Yes,Yes,
0078,78,F,b,1997,April,Rose Creek,18F,8M,"Little America, YNP",Rose Creek,-,N/A,1999,April ,N/A, Unknown,,,,Yes,Yes,
0079,79,192,192,192,192,192,192,192,192,192,192,192,192,192,192,192,192,192,,192,192,
0080,80,193,193,193,193,193,193,193,193,193,193,193,193,193,193,193,193,193,,193,193,
0081,81,F,b,1997,April,Rose Creek,18F,8M,"Little America, YNP",Rose Creek,-,N/A,1999,April ,N/A, Unknown,,,,Yes,Yes,
0082,82,191,191,191,191,191,191,191,191,191,191,191,191,191,191,191,191,191,,191,191,
0083,83,M,g,1997,April,Rose Creek,18F,8M,"Little America, YNP",Rose Creek,-,1998,N/A,May ,Natural (Elk), Unknown,,,,Yes,Yes,
0084,84,?,g,1997,April,Rose Creek,18F,8M,"Little America, YNP",Rose Creek,-,N/A,1999,April ,N/A, Unknown,,,,Yes,Yes,
0085,85,F,g,1997,April,Rose Creek,9F,8M,"Little America, YNP",Rose Creek,-,1998,N/A,March ,Wolf (Druid Peak),"Territorial Boundary Between Little America & Lamar Valley, YNP",,,,Yes,Yes,
0086,86,?,g,1997,April,Rose Creek,9F,8M,"Little America, YNP",Rose Creek,-,N/A,1997,June ,N/A, Unknown,,,,Yes,Yes,
0087,87,?,g,1997,April,Rose Creek,9F,8M,"Little America, YNP",Rose Creek,-,N/A,1997,June ,N/A, Unknown,,,,Yes,Yes,
0088,88,?,b,1997,April,Rose Creek,9F,8M,"Little America, YNP",Rose Creek,-,N/A,1997,June ,N/A, Unknown,,,,Yes,Yes,
0089,89,?,b,1997,April,Rose Creek,9F,8M,"Little America, YNP",Rose Creek,-,N/A,1997,June ,N/A, Unknown,,,,Yes,Yes,
0090,90,?,?,1997,April,Rose Creek,9F,8M,"Little America, YNP",Rose Creek,-,N/A,1997,June ,N/A, Unknown,,,,Yes,Yes,
0091,91,F,g,1997,April,Nez Perce,37F,29M,"Nez Perce Pen, YNP",Nez Perce,-,1997,N/A,May ,Natural,"Nez Perce Pen, YNP",,,,Yes,Yes,
0092,92,M,g,1997,April,Nez Perce,37F,29M,"Nez Perce Pen, YNP",Nez Perce,-,2001,N/A,January 13,Natural,Southwestern YNP,,,,Yes,Yes,
0093,93,M,g,1997,April,Nez Perce,37F,29M,"Nez Perce Pen, YNP",None,-,N/A,1998,May ,N/A, Unknown,,,,Yes,Yes,
0094,94,M,g,1997,April,Nez Perce,37F,29M,"Nez Perce Pen, YNP",None,-,N/A,1998,May ,N/A, Unknown,,,,Yes,Yes,
0095,95,F,g,1997,April 12,Leopold,7F,2M,"Blacktail Deer Plateau, YNP",Leopold,-,N/A,1999,April ,N/A, Unknown,,,,Yes,Yes,
0096,96,F,g,1997,April 12,Leopold,7F,2M,"Blacktail Deer Plateau, YNP",Leopold,-,N/A,1999,April ,N/A, Unknown,,,,Yes,Yes,
0097,97,?,g,1997,April 12,Leopold,7F,2M,"Blacktail Deer Plateau, YNP",Leopold,-,N/A,1999,April ,N/A, Unknown,,,,Yes,Yes,
0098,98,?,b,1997,April 12,Leopold,7F,2M,"Blacktail Deer Plateau, YNP",Leopold,-,N/A,1998,May ,N/A, Unknown,,,,Yes,Yes,
0099,99,?,b,1997,April 12,Leopold,7F,2M,"Blacktail Deer Plateau, YNP",Leopold,-,N/A,1999,April ,N/A, Unknown,,,,Yes,Yes,
0100,100,?,?,1997,April,Rose Creek,9F,8M,"Little America, YNP",Rose Creek,-,N/A,1997,June ,N/A, Unknown,,,,Yes,Yes,
0101,101,?,?,1997,April,Rose Creek,18F,8M,"Little America, YNP",Rose Creek,-,N/A,1997,Unknown,N/A, Unknown,,,,Yes,Yes,
0102,102,?,?,1997,April,Rose Creek,18F,8M,"Little America, YNP",Rose Creek,-,N/A,1997,Unknown,N/A, Unknown,,,,Yes,Yes,
0103,103,F,b,1997,April,Druid Peak,41F,38M,"Lamar Valley, YNP",None,Agate Creek,2004,N/A,March 28,Vehicle,"Elk Creek, YNP",,,,Yes,Yes,
0104,104,M,b,1997,April,Druid Peak,42F,38M,"Lamar Valley, YNP",None,"Crystal Creek, Soda Butte",N/A,2001,May ,N/A, Unknown,,,,Yes,Yes,
0105,105,F,b,1997,April,Druid Peak,41F,38M,"Lamar Valley, YNP",Slough Creek,-,2003,N/A,May 6,Wolf (Rose Creek),"Absaroka-Beartooth Wilderness, N. of YNP",,,,Yes,Yes,
0106,106,F,g,1997,April,Druid Peak,41F,38M,"Lamar Valley, YNP",None,Geode Creek,N/A,2005,Unknown,N/A, Unknown,,,,Yes,Yes,
0107,107,?,g,1997,April,Druid Peak,42F(?),38M,"Lamar Valley, YNP",Druid Peak,-,N/A,1998,Unknown,N/A, Unknown,,,,Yes,Yes,
0108,108,M,b,1997,April,Chief Joseph,16F,34M,"Southern Gallatin Mountains, Northwest YNP",Sheep Mountain,-,1997,N/A,September ,Vehicle,"Highway 191, Western Edge of YNP",,,,Yes,Yes,
0109,109,?,b,1997,April,Chief Joseph,16F,34M,"Southern Gallatin Mountains, Northwest YNP",Sheep Mountain,-,N/A,1998,May 21,N/A, Unknown,,,,Yes,Yes,
0110,110,?,g,1997,April,Chief Joseph,16F,34M,"Southern Gallatin Mountains, Northwest YNP",Sheep Mountain,-,1997,N/A,December 16,Unknown,"Near Highway 191, Western Edge of YNP",,,,Yes,Yes,
0111,111,F,g,1997,April,Chief Joseph,16F,34M,"Southern Gallatin Mountains, Northwest YNP",Sheep Mountain,-,1998,N/A,May 21,Unknown (Disease?), Unknown,,,,Yes,Yes,
0112,112,?,g,1997,April,Chief Joseph,16F,34M,"Southern Gallatin Mountains, Northwest YNP",Sheep Mountain,-,1997,N/A,December 16,Unknown,"Near Highway 191, Western Edge of YNP",,,,Yes,Yes,
0113,113,M,g,1997,April,Chief Joseph,17F,34M,"Southern Gallatin Mountains, Northwest YNP",Agate Creek,-,2007,N/A,October ,Natural (Old Age),"Agate Creek Territory, YNP",,,,Yes,Yes,
0114,114,?,g,1997,April,Chief Joseph,17F,34M,"Southern Gallatin Mountains, Northwest YNP",Chief Joseph,-,N/A,1999,April 30,N/A, Unknown,,,,Yes,Yes,
0115,115,F,g,1997,April,Chief Joseph,17F,34M,"Southern Gallatin Mountains, Northwest YNP",Taylor Peak,-,N/A,2005,May ,N/A, Unknown,,,,Yes,Yes,
0116,116,?,g,1997,April,Chief Joseph,17F,34M,"Southern Gallatin Mountains, Northwest YNP",Chief Joseph,-,N/A,1999,April 30,N/A, Unknown,,,,Yes,Yes,
0117,117,?,g,1997,April,Chief Joseph,17F,34M,"Southern Gallatin Mountains, Northwest YNP",Chief Joseph,-,N/A,1997,December 16,N/A, Unknown,,,,Yes,Yes,
0118,118,M,b,1997,April,Crystal Creek,5F,6M,"Pelican Valley, YNP",Sheep Mountain,-,N/A,1999,April ,N/A,North of YNP,,,,Yes,Yes,
0119,119,?,b,1997,April,Crystal Creek,5F,6M,"Pelican Valley, YNP",Crystal Creek,-,N/A,1999,April ,N/A,"Pelican Valley, YNP",,,,Yes,Yes,
0120,120,M,g,1997,April,Crystal Creek,5F,6M,"Pelican Valley, YNP",Soda Butte,-,N/A,2001,May ,N/A,Southern YNP,,,,Yes,Yes,
0121,121,?,g,1997,April,Crystal Creek,5F,6M,"Pelican Valley, YNP",Crystal Creek,-,N/A,1999,April ,N/A, Unknown,,,,Yes,Yes,
0122,122,M,g,1997,April,Crystal Creek,5F,6M,"Pelican Valley, YNP",Crystal Creek,-,N/A,1999,April ,N/A, Unknown,,,,Yes,Yes,
0123,123,M,g,1997,April,Soda Butte,14F,13M,Southern YNP,None,-,1999,N/A,Unknown,Wolf (Crystal Creek),"Pelican Valley area, YNP",,,,Yes,Yes,
0124,124,M,g,1997,April,Soda Butte,14F,13M,Southern YNP,None,-,2000,N/A,unknown,Unknown,Unknown,,,,Yes,Yes,
0125,125,?,g,1997,April,Soda Butte,14F,13M,Southern YNP,None,-,N/A,1999,April ,N/A, Unknown,,,,Yes,Yes,
0126,126,F,b,1997,April,Soda Butte,14F,13M,Southern YNP,None,-,N/A,2009, ,N/A,Unknown,,,,Yes,Yes,
0127,127,?,g,1997,April,Thorofare,30F,35M,Southeastern Yellowstone National Park,Thorofare,-,1998,N/A,January 9,Natural (Avalanche),Southeastern Yellowstone National Park,,,,Yes,Yes,
0128,128,M,b,1997,April,Thorofare,30F,35M,Southeastern Yellowstone National Park,None,-,N/A,1998,May ,N/A, Unknown,,,,Yes,Yes,
0129,129,F,b,1997,April,Thorofare,30F,35M,Southeastern Yellowstone National Park,Gros Ventre,-,2000,N/A,April 30,Legally Killed,Grand Teton National Park Area,,,,Yes,Yes,
0130,130,?,b,1997,April,Thorofare,30F,35M,Southeastern Yellowstone National Park,None,-,N/A,1998,unknown,N/A, Unknown,,,,Yes,Yes,
0131,131,?,b,1997,April,Thorofare,30F,35M,Southeastern Yellowstone National Park,None,-,N/A,1998,unknown,N/A, Unknown,,,,Yes,Yes,
0132,132,M,b,1997,April,Washakie,26F,15M,"DuNoir Valley, WY",None,-,N/A,1999,Unknown,N/A, Unknown,,,,Yes,Yes,
0133,133,M,b,1997,April,Washakie,26F,15M,"DuNoir Valley, WY",Teton,-,1999,N/A,unknown,Vehicle,Near Grand Teton National Park,,,,Yes,Yes,
0134,134,?,g,1997,April,Washakie,26F,15M,"DuNoir Valley near Dubois, WY",None,-,N/A,1998,Unknown,N/A, Unknown,,,,Yes,Yes,
0135,135,?,g,1997,April,Washakie,26F,15M,"DuNoir Valley near Dubois, WY",None,-,1998,N/A,June 21,Legally Killed,"DuNoir Valley, WY",,,,Yes,Yes,
0136,136,F,b,1997,April,Crystal Creek,5F,6M,"Pelican Valley, YNP",Crystal Creek,-,N/A,1999,April ,N/A, Unknown,,,,Yes,Yes,
0137,137,F,b,1997,April,Thorofare,30F,35M,Southeastern Yellowstone National Park,Gros Ventre,-,N/A,2001,May 7,N/A, Unknown,,,,Yes,Yes,
0138,138,?,b,1997,April,Washakie,26F,15M,"DuNoir Valley, WY",None,-,N/A,1998,Unknown,N/A, Unknown,,,,Yes,Yes,
0139,139,?,b,1998,April,Druid Peak,40F,21M,"Lamar Valley, YNP",Druid Peak,-,N/A,1998,March ,N/A,"Lamar Valley, YNP",,,,Yes,Yes,
0140,140,?,?,1997,April,Rose Creek,18F,8M,"Little America, YNP",Rose Creek,-,N/A,1997,unknown,N/A, Unknown,,,,Yes,Yes,
0141,141,M,b,1998,April,Chief Joseph,33F,34M,"Southern Gallatin Mountains, Northwest YNP",Chief Joseph,-,1998,N/A,October ,Vehicle,"Highway 191, Western Edge of YNP",,,,Yes,Yes,
0142,142,F,g,1998,April,Chief Joseph,33F,34M,"Southern Gallatin Mountains, Northwest YNP",Chief Joseph,-,1998,N/A,November ,Vehicle,"Highway 191, Western Edge of YNP",,,,Yes,Yes,
0143,143,?,b,1998,April,Chief Joseph,33F,34M,"Southern Gallatin Mountains, Northwest YNP",Chief Joseph,-,N/A,1999,Unknown,N/A, Unknown,,,,Yes,Yes,
0144,144,?,b,1998,April,Chief Joseph,33F,34M,"Southern Gallatin Mountains, Northwest YNP",Chief Joseph,-,N/A,1999,Unknown,N/A, Unknown,,,,Yes,Yes,
0145,145,?,b,1998,April,Chief Joseph,33F,34M,"Southern Gallatin Mountains, Northwest YNP",Chief Joseph,-,N/A,1999,Unknown,N/A, Unknown,,,,Yes,Yes,
0146,146,?,g,1998,April,Chief Joseph,33F,34M,"Southern Gallatin Mountains, Northwest YNP",Chief Joseph,-,N/A,1999,Unknown,N/A, Unknown,,,,Yes,Yes,
0147,147,M,g,1998,April,Chief Joseph,33F,34M,"Southern Gallatin Mountains, Northwest YNP",Washakie,-,N/A,2002,Unknown,N/A, Unknown,,,,Yes,Yes,Charts list as a member of Washakie untill 2002
0148,148,F,b,1998,April,Leopold,7F,2M,"Blacktail Deer Plateau, YNP",Leopold,-,N/A,2000,Unknown,N/A, Unknown,,,,Yes,Yes,
0149,149,?,b,1998,April,Leopold,7F,2M,"Blacktail Deer Plateau, YNP",Leopold,-,N/A,1999,Unknown,N/A, Unknown,,,,Yes,Yes,
0150,150,M,b,1998,April,Leopold,7F,2M,"Blacktail Deer Plateau, YNP",None,-,N/A,2000,Unknown,N/A, Unknown,,,,Yes,Yes,
0151,151,F,g,1998,April,Leopold,7F,2M,"Blacktail Deer Plateau, YNP",Cougar Creek,-,2008,N/A,October 2,Natural (Disease),"West Central, YNP",,,,Yes,Yes,
0152,152,F,g,1998,April,Leopold,7F,2M,"Blacktail Deer Plateau, YNP",Swan Lake,-,2005,N/A,July 23,Wolf ,"Swan Lake Flat, YNP",,,,Yes,Yes,
0153,153,F,b,1998,April,Rose Creek,9F (18F?),8M,"Little America, YNP",Absaroka,-,N/A,2003,Unknown,N/A, Unknown,,,,Yes,Yes,
0154,154,F,b,1998,April,Rose Creek,9F (18F?),8M,"Little America, YNP",None,-,N/A,2000,Unknown,N/A, Unknown,,,,Yes,Yes,
0155,155,F,b,1998,April,Rose Creek,9F (18F?),8M,"Little America, YNP",Rose Creek,-,2001,N/A,March,Unknown, Unknown,,,,Yes,Yes,
0156,156,F,b,1998,April,Rose Creek,9F (18F?),8M,"Little America, YNP",Rose Creek,-,N/A,2000,Unknown,N/A, Unknown,,,,Yes,Yes,
0157,157,?,b,1998,April,Rose Creek,9F (18F?),8M,"Little America, YNP",Rose Creek,-,N/A,1999,Unknown,N/A, Unknown,,,,Yes,Yes,
0158,158,?,b,1998,April,Rose Creek,18F (9F?),8M,"Little America, YNP",Rose Creek,-,N/A,1999,Unknown,N/A, Unknown,,,,Yes,Yes,
0159,159,?,b,1998,April,Rose Creek,18F (9F?),8M,"Little America, YNP",Rose Creek,-,N/A,1999,Unknown,N/A, Unknown,,,,Yes,Yes,
0160,160,F,b,1998,April,Rose Creek,18F (9F?),8M,"Little America, YNP",Rose Creek,-,1998,N/A,unknown,Human, Unknown,,,,Yes,Yes,
0161,161,M,g,1998,April,Rose Creek,18F (9F?),8M,"Little America, YNP",Freezeout,-,N/A,2003,Unknown,N/A, Unknown,,,,Yes,Yes,
0162,162,M,g,1998,April,Rose Creek,18F (9F?),8M,"Little America, YNP",Green River,Tower,N/A,2003,Unknown,N/A, Unknown,,,,Yes,Yes,
0163,163,M,g,1998,April,Druid Peak,40F,21M,"Lamar Valley, YNP",Druid Peak,-,2000,N/A,January 12,unknown, Unknown,,,,Yes,Yes,
0164,164,M,b,1998,April,Sheep Mountain,16F,34M,"Sheep Mountain Area, North of YNP",Absaroka,-,N/A,2002,unknown,N/A, Unknown,,,,Yes,Yes,
0165,165,M,b,1997?,?,?,?,?,Location Unknown,Sheep Mountain,-,1999,N/A,unknown,Legally Killed, Unknown,,,,Yes,Yes,
0166,166,?,b,1998,April,Sheep Mountain,16F,34M,"Sheep Mountain Area, North of YNP",Sheep Mountain,-,N/A,1999,unknown,N/A, Unknown,,,,Yes,Yes,
0167,167,F,g,1998,April,Sheep Mountain,16F,34M,"Sheep Mountain Area, North of YNP",Sheep Mountain,-,1999,N/A,unknown,Legally Killed,"Sheep Mountain Area, North of YNP",,,,Yes,Yes,
0168,168,F,g,1998,April,Sheep Mountain,16F,34M,"Sheep Mountain Area, North of YNP",Sheep Mountain,-,1999,N/A,unknown,Legally Killed, Unknown,,,,Yes,Yes,
0169,169,?,?,1998,April,Sheep Mountain,16F,34M,"Sheep Mountain Area, North of YNP",Sheep Mountain,-,N/A,1998,unknown,N/A,"Sheep Mountain Area, North of YNP",,,,Yes,Yes,
0170,170,?,b,1998,April,Crystal Creek,5F,6M,"Pelican Valley, YNP",Crystal Creek,-,N/A,1999,unknown,N/A, Unknown,,,,Yes,Yes,
0171,171,?,b,1998,April,Crystal Creek,5F,6M,"Pelican Valley, YNP",Crystal Creek,-,N/A,1999,unknown,N/A, Unknown,,,,Yes,Yes,
0172,172,?,b,1998,April,Crystal Creek,5F,6M,"Pelican Valley, YNP",Crystal Creek,-,N/A,1999,unknown,N/A, Unknown,,,,Yes,Yes,
0173,173,?,b,1998,April,Crystal Creek,5F,6M,"Pelican Valley, YNP",Crystal Creek,-,N/A,1999,unknown,N/A, Unknown,,,,Yes,Yes,
0174,174,F,g,1998,April,Crystal Creek,5F,6M,"Pelican Valley, YNP",Mollie's,-,2004,N/A,December 12,Unknown,"Pelican Valley, YNP",,,,Yes,Yes,
0175,175,F,g,1998,April,Crystal Creek,5F,6M,"Pelican Valley, YNP",Mollie's,-,2003,N/A,March 7,Wolf,"Pelican Valley, YNP",,,,Yes,Yes,
0176,176,?,g,1998,April,Crystal Creek,5F,6M,"Pelican Valley, YNP",Crystal Creek,-,N/A,1999,unknown,N/A, Unknown,,,,Yes,Yes,
0177,177,?,g,1998,April,Crystal Creek,5F,6M,"Pelican Valley, YNP",Crystal Creek,-,N/A,1999,unknown,N/A, Unknown,,,,Yes,Yes,
0178,178,?,g,1998,April,Nez Perce,48F(?),29M(?),"Near Old Faithful, YNP",Nez Perce,-,N/A,1999,unknown,N/A, Unknown,,,,Yes,Yes,
0179,179,?,g,1998,April,Nez Perce,48F(?),29M(?),"Near Old Faithful, YNP",Nez Perce,-,N/A,1999,unknown,N/A, Unknown,,,,Yes,Yes,
0180,180,?,g,1998,April,Nez Perce,48F(?),29M(?),"Near Old Faithful, YNP",Nez Perce,-,N/A,1999,unknown,N/A, Unknown,,,,Yes,Yes,
0181,181,F,?,1998,April,Sheep Mountain,16F,34M,"Sheep Mountain Area, North of YNP",Sheep Mountain,-,N/A,1998,unknown,N/A, Unknown,,,,Yes,Yes,
0182,182,M,b,1999,April,Sheep Mountain,16F,165M (118M?),"Sheep Mountain Area, North of YNP",Sheep Mountain,-,1999,N/A,unknown,Legally Killed, Unknown,,,,Yes,Yes,
0183,183,F,b,1999,April,Sheep Mountain,16F,165M (118M?),"Sheep Mountain Area, North of YNP",Sheep Mountain,-,1999,N/A,unknown,Legally Killed, Unknown,,,,Yes,Yes,
0184,184,F,b,1999,April,Sheep Mountain,16F,165M (118M?),"Sheep Mountain Area, North of YNP",Sheep Mountain,-,1999,N/A,unknown,Legally Killed, Unknown,,,,Yes,Yes,
0185,185,M,g,1999,April,Chief Joseph,33F,34M,"Daly Creek Area, Northwest YNP",Chief Joseph,-,1999,N/A,unknown,Legally Killed, Unknown,,,,Yes,Yes,
0186,186,M,g,1999,April,Chief Joseph,33F,34M,"Daly Creek Area, Northwest YNP",Chief Joseph,-,1999,N/A,unknown,Legally Killed, Unknown,,,,Yes,Yes,
0187,187,F,b,1999,April,Chief Joseph,33F,34M,"Daly Creek Area, Northwest YNP",Chief Joseph,-,2000,N/A,April,Vehicle,"Roadway, Possibly Highway 191",,,,Yes,Yes,
0188,188,F,g,1999,April,Sheep Mountain,16F,165M (118M?),"Sheep Mountain Area, North of YNP",Sheep Mountain,-,2000,N/A,June 23,Legally Killed, Unknown,,,,Yes,Yes,
0189,189,M,g,1999,April,Sheep Mountain,16F,165M (118M?),"Sheep Mountain Area, North of YNP",Sheep Mountain,-,N/A,2000,unknown,N/A, Unknown,,,,Yes,Yes,
0190,190,F,b,1999,April,Rose Creek,18F (9F?),8M,"Little America, YNP",Rose Creek,-,N/A,2005,May ,N/A, Unknown,,,,Yes,Yes,
0191,191,M,g,1999,April,Nez Perce,48F,72M,"Madison-Firehole Area, YNP",None,-,2001,N/A,November 28,Legally Killed,Outside of YNP,,,,Yes,Yes,
0192,192,M,g,1997,April,Rose Creek,18F,8M,"Little America, YNP",Bechler,Tower,2009,N/A,June 3,Natural (Old Age),"Bechler Area, Southwestern YNP",,,,Yes,Yes,
0193,193,M,b,1997,April,Rose Creek,18F,8M,"Little America, YNP",Mollie's,Crystal Creek,2007,N/A,April,Natural (Mange),"Pelican Valley, YNP",,,,Yes,Yes,
0194,194,M,b,1997,April,Rose Creek,18F,8M,"Little America, YNP",Specimen Ridge,Crystal Creek,2004,N/A,October 15,Natural,"Mirror Plateau, YNP",,,,Yes,Yes,
0195,195,~,~,~,~,~,~,~,~,~,~,~,~,~,~,~,~,~,N/A,N/A,N/A,
0196,196,~,~,~,~,~,~,~,~,~,~,~,~,~,~,~,~,~,N/A,N/A,N/A,
0197,197,F,b,1999,April,Sheep Mountain,16F,165M (118M?),"Sheep Mountain Area, North of YNP",Sheep Mountain,-,2000,N/A,May 25,Human (Handling), Unknown,,,,Yes,Yes,
0198,198,~,~,~,~,~,~,~,~,~,~,~,~,~,~,~,~,~,N/A,N/A,N/A,
0199,199,M,g,1999,April,Druid Peak,40F,21M,"Lamar Valley, YNP",Druid Peak,-,2000,N/A,unknown,Vehicle, Unknown,,,,Yes,Yes,
0200,200,F,b,1999,?,Teton,24F?,133M?,Location Unknown,Teton,-,N/A,1999,unknown,N/A,Unknown,,,,No,Yes,
0201,201,F,b,1999,April,Chief Joseph,33F,34M,"Daly Creek Area, Northwest YNP",Chief Joseph,-,N/A,2001,unknown,N/A, Unknown,,,,Yes,Yes,
0202,202,M,b,2000,April,Chief Joseph,33F,34M,"Cinnabar Basin, Montana, USA",Chief Joseph,-,N/A,2001,unknown,N/A, Unknown,,,,Yes,Yes,
0203,203,M,b,2000,April,Chief Joseph,33F,34M,"Cinnabar Basin, Montana, USA",Chief Joseph,-,N/A,2001,unknown,N/A, Unknown,,,,Yes,Yes,
0204,204,M,g,1999?,?,Chief Joseph ?,?,?,Location Unknown,None,Swan Lake,2005,N/A,April 5,Wolf, Unknown,,,,Yes,Yes,Possibly 114 or 116
0205,205,M,g,2000,April,Chief Joseph ?,?,?,"Swan Lake, Sepulcher Area, YNP",Swan Lake,-,N/A,2004,unknown,N/A, Unknown,,,,Yes,Yes,
0206,206,M,g,1999?,?,Chief Joseph ?,?,?,Location Unknown,None,Swan Lake,2004,N/A,March 24,Wolf, Unknown,,,,Yes,Yes,Possibly 114 or 116
0207,207,M,b,1999,April,Leopold,7F,2M,"Little America, YNP",Rose Creek,-,2003,N/A,September 2,Unknown, Unknown,,,,Yes,Yes,
0208,208,M,b,1999,April,Rose Creek,18F (9F?),8M,"Little America, YNP",Tower,-,2003,N/A,April 12,Unknown, Unknown,,,,Yes,Yes,
0209,209,F,b,2000,April,Leopold,7F,2M,"Blacktail Deer Plateau, YNP",Leopold,-,N/A,2008,unknown,N/A, Unknown,,,,Yes,Yes,
0210,210,M,b,2000,April,Leopold,7F,2M,"Blacktail Deer Plateau, YNP",Leopold,-,N/A,2002,unknown,N/A, Unknown,,,,Yes,Yes,
0211,211,M,g,2000,April,Leopold,7F,2M,"Blacktail Deer Plateau, YNP",Leopold,-,2003,N/A,January 21,Wolf, Unknown,,,,Yes,Yes,
0212,212,F,g,1999,April,Nez Perce,48F,72M,"Near Old Faithful, YNP",Nez Perce,-,2001,N/A,January 17,Human (Handling), Unknown,,,,Yes,Yes,
0213,213,F,g,2000,April,Nez Perce,48F,72M,"Madison-Firehole Area, YNP",None,-,N/A,2003,unknown,N/A, Unknown,,,,Yes,Yes,
0214,214,F,g,2000,April,Nez Perce,48F,72M,"Madison-Firehole Area, YNP",None,-,2004,N/A,January 23,Legally Killed,"Near Pinedale, Wyoming",,,,Yes,Yes,
0215,215,M,g,2000,April,Nez Perce,48F,72M,"Madison-Firehole Area, YNP",None,-,2004,N/A,January 22,Illegally Killed, Unknown,,,,Yes,Yes,
0216,216,F,b,2000,April,Druid Peak,42F,21M,"Amethyst Creek Area, Lamar Valley, YNP",Druid Peak,-,N/A,2001,March ,N/A,"Lamar Valley, YNP",,,,Yes,Yes,
0217,217,F,g,2000,April,Druid Peak,40F,21M,"Amethyst Creek Area, Lamar Valley, YNP",Slough Creek,-,2004,N/A,January 10,Wolf, Unknown,,,,Yes,Yes,
0218,218,F,g,2000,April,Druid Peak,42F,21M,"Amethyst Creek Area, Lamar Valley, YNP",Geode Creek,"Agate Creek, Buffalo Fork",2002,N/A,unknown,Natural (Elk),"Geode Creek Area, YNP",,,,Yes,Yes,
0219,219,M,g,2000,April,Druid Peak,106F,21M,"Lamar Valley, YNP",Casey Lake,Sheep Mountain,2005,N/A,June 8,Natural (Mange),"Sheep Mountain Area, North of YNP",,,,Yes,Yes,
0220,220,F,g,2000,April,Leopold,7F,2M,"Blacktail Deer Plateau, YNP",Leopold,-,2003,N/A,August 7,Natural (Elk), Unknown,,,,Yes,Yes,
0221,221,M,b,1999,April,Druid Peak,40F,21M,"Lamar Valley, YNP",Druid Peak,-,N/A,2001,unknown,N/A, Unknown,,,,Yes,Yes,
0222,222,M,g,2000,April,Druid Peak,106F,21M,"Lamar Valley, YNP",Druid Peak,-,N/A,2001,March ,N/A,"Lamar Valley, YNP",,,,Yes,Yes,
0223,223,F,g,2000,April,Druid Peak,40F (42F? or 106F?),21M,"Lamar Valley, YNP",Druid Peak,-,N/A,2001,unknown,N/A, Unknown,,,,Yes,Yes,
0224,224,M,b,2000,April,Druid Peak,106F,21M,"Lamar Valley, YNP",Druid Peak,-,N/A,2001,March ,N/A,"Lamar Valley, YNP",,,,Yes,Yes,
0225,225,M,g,2000,April,Soda Butte,14F,120M,Southern YNP,Yellowstone Delta,-,N/A,2003,unknown,N/A, Unknown,,,,Yes,Yes,
0226,226,M,g,2000,April,Soda Butte,14F,120M,Southern YNP,Yellowstone Delta,-,N/A,2003,unknown,N/A, Unknown,,,,Yes,Yes,
0227,227,M,g,2000,April,Soda Butte,14F,120M,Southern YNP,Geode Creek,Yellowstone Delta,2005,N/A,March 27,Wolf (Leopold),"Geode Creek Area, YNP",,,,Yes,Yes,
0228,228,F,b,1999,?,Teton,24F?,133M?,Location Unknown,Teton,-,N/A,2003,unknown,N/A,Unknown,,,,No,Yes,
0229,229,M,b,1999,?,Teton,24F?,133M?,Location Unknown,Teton,-,N/A,2002,unknown,N/A,Unknown,,,,No,Yes,
0230,230,F,g,1999,April,Gros Ventre,137F,29M,Southeast Grand Teton National Park,Gros Ventre,-,2000,N/A,unknown,Legally Killed,Grand Teton National Park Area,,,,Yes,Yes,
0231,231,M,b,2000,?,Sunlight Basin,41F,52M,Location Unknown,Sunlight Basin,-,N/A,2003,unknown,N/A,Unknown,,,,No,Yes,
0232,232,~,~,~,~,~,~,~,~,~,~,~,~,~,~,~,~,~,N/A,N/A,N/A,
0233,233,F,b,2000?,?,Washakie,?,?,Location Unknown,Washakie,-,N/A,2005,unknown,N/A,Unknown,,,,No,Yes,
0234,234,M,g,2001?,?,Sentinel,?,?,Location Unknown,Sentinel,-,N/A,2003,unknown,N/A,Unknown,,,,No,Yes,
0235,235,M,g,2001,?,Freezeout,153F,164M,Location Unknown,Freezeout,-,N/A,2001,unknown,N/A,Unknown,,,,No,Yes,Parents most likely incorrect
0236,236,M,b,2001?,?,Absaroka,?,?,Location Unknown,Absaroka,-,N/A,2003,unknown,N/A,Unknown,,,,No,Yes,
0237,237,~,~,~,~,~,~,~,~,~,~,~,~,~,~,~,~,~,N/A,N/A,N/A,
0238,238,F,g,2000,?,Taylor Peak,115F,Y250M,Location Unknown,Taylor Peak,-,N/A,2000,unknown,N/A,Unknown,,,,No,Yes,
0239,239,M,b,2002,?,Washakie,?,?,Location Unknown,Washakie,-,N/A,2002,unknown,N/A,Unknown,,,,No,Yes,
0240,240,M,b,2001,?,Absaroka,153F,164M,Location Unknown,Absaroka,-,N/A,2003,unknown,N/A,Unknown,,,,No,Yes,
0241,241,M,g,2001,?,Sheep Mountain,?,?,Location Unknown,Sheep Mountain,-,N/A,2003,unknown,N/A,Unknown,,,,No,Yes,
0242,242,F,g,2003?,?,Sheep Mountain,?,?,Location Unknown,Moccasin Lake,-,N/A,2005,unknown,N/A,Unknown,,,,No,Yes,
0243,243,M,b,2000?,?,?,?,?,Location Unknown,Yellowstone Delta,-,N/A,2003,unknown,N/A,"Thorofare, Southeastern YNP",,,,Yes,Yes,
0244,244,M,g,2000?,?,?,?,?,Location Unknown,Yellowstone Delta,-,N/A,2003,unknown,N/A,"Thorofare, Southeastern YNP",,,,Yes,Yes,
0245,245,M,b,2001,April,Yellowstone Delta,126F,?,"Thorofare, Southeastern YNP",Yellowstone Delta,-,N/A,2003,unknown,N/A, Unknown,,,,Yes,Yes,
0246,246,M,g,2001,April,Yellowstone Delta,126F,?,"Thorofare, Southeastern YNP",Yellowstone Delta,-,N/A,2003,unknown,N/A, Unknown,,,,Yes,Yes,
0247,247,M,g,2001,April,Yellowstone Delta,126F,?,"Thorofare, Southeastern YNP",Yellowstone Delta,-,N/A,2003,unknown,N/A, Unknown,,,,Yes,Yes,
0248,248,M,g,2001,April,Chief Joseph,33F,34M,"Southern Gallatin Mountains, Northwest YNP",Chief Joseph,-,N/A,2002,unknown,N/A, Unknown,,,,Yes,Yes,
0249,249,M,g,2000,April,Nez Perce,48F,72M,"Madison-Firehole Area, YNP",None,-,2004,N/A,March 12,Unknown,"Near Ennis, Montana",,,,Yes,Yes,
0250,0250,~,~,~,~,~,~,~,~,~,~,~,~,~,~,~,~,~,N/A,N/A,N/A,
0251,251,F,b,2000,April,Druid Peak,40F,21M,"Lamar Valley, YNP",Agate Creek,-,2004,N/A,June 17,Natural, Unknown,,,,Yes,Yes,
0252,252,M,g,2000,April,Druid Peak,42F (40F? or 106F?),21M,"Amethyst Creek Area, Lamar Valley, YNP",Nez Perce,-,N/A,2002,unknown,N/A,"Firehole River Area, YNP",,,,Yes,Yes,
0253,253,M,b,2000,April,Druid Peak,42F (40F? or 106F?),21M,"Amethyst Creek Area, Lamar Valley, YNP",Elk Refuge,-,2008,N/A,March 28,Legally Killed,"Near Daniel, Wyoming",Limpy,,,Yes,Yes,
0254,254,M,b,2000,April,Druid Peak,42F,21M,"Amethyst Creek Area, Lamar Valley, YNP",None,-,2002,N/A,March ,Natural,"Timothy Creek, Upper Lamar River, YNP",,,,Yes,Yes,
0255,255,F,b,2001,April,Druid Peak,103F,21M,"Lamar Valley, YNP",Druid Peak,-,2005,N/A,November 4,Natural (Distemper?),"Calfee Creek, Upper Lamar River Area, YNP",,,,Yes,Yes,
0256,256,M,b,2000,April,?,?,?,Location Unknown,Cougar Creek,-,N/A,2003,unknown,N/A, Unknown,,,,Yes,Yes,
0257,257,M,g,2000,April,?,?,?,Location Unknown,Gibbon Meadows,Cougar Creek,2005,N/A,October 1,Unknown, Unknown,,,,Yes,Yes,
0258,258,M,b,2000,April,?,?,?,Location Unknown,Gibbon Meadows,Cougar Creek,N/A,2010,unknown,N/A, Unknown,,,,Yes,Yes,
0259,259,F,b,2000,April,Leopold,7F,2M,"Blacktail Deer Plateau, YNP",Leopold,-,2003,N/A,April 21,Unknown, Unknown,,,,Yes,Yes,
0260,260,F,b,2001,April,Rose Creek,18F,?,"Hellroaring to Crevice Creek area, YNP",Rose Creek,-,2003,N/A,July 29,Unknown, Unknown,,,,Yes,Yes,
0261,261,M,g,2001,April,Mollie's,174F,193M,"Pelican Valley, YNP",Slough Creek,-,2004,N/A,June 8,Unknown, Unknown,,,,Yes,Yes,
0262,262,M,b,2001,April,Mollie's,174F,193M,"Pelican Valley, YNP",None,-,N/A,2002,unknown,N/A, Unknown,,,,Yes,Yes,
0263,263,M,b,2001?,?,Sunlight Basin,41F,52M,Location Unknown,Sunlight Basin,-,N/A,2003,unknown,N/A, Unknown,,,,No,Yes,
0264,264,~,~,~,~,~,~,~,~,~,~,~,~,~,~,~,~,~,N/A,N/A,N/A,
0265,265,~,~,~,~,~,~,~,~,~,~,~,~,~,~,~,~,~,N/A,N/A,N/A,
0266,266,~,~,~,~,~,~,~,~,~,~,~,~,~,~,~,~,~,N/A,N/A,N/A,
0267,267,M,b,2001?,?,Teton,?,?,Location Unknown,Teton,-,N/A,2001,unknown,N/A,Unknown,,,,No,Yes,
0268,268,F,b,2001?,?,Teton,?,?,Location Unknown,Teton,-,N/A,2001,unknown,N/A,Unknown,,,,No,Yes,
0269,269,M,g,2001?,?,Teton,?,?,Location Unknown,Teton,-,N/A,2001,unknown,N/A,Unknown,,,,No,Yes,
0270,270,M,g,2001?,?,Teton,?,?,Location Unknown,Teton,-,N/A,2001,unknown,N/A,Unknown,,,,No,Yes,
0271,271,F,g,2001?,?,?,?,?,Location Unknown,Mill Creek,-,N/A,2005,unknown,N/A,Unknown,,,,No,Yes,
0272,272,~,~,~,~,~,~,~,~,~,~,~,~,~,~,~,~,~,N/A,N/A,N/A,
0273,273,~,~,~,~,~,~,~,~,~,~,~,~,~,~,~,~,~,N/A,N/A,N/A,
0274,274,M,g,2001,?,Graybull,?,?,Location Unknown,Graybull,-,N/A,2003,unknown,N/A,Unknown,,,,No,Yes,
0275,275,M,g,2001?,?,?,?,?,Location Unknown,Carter Mountain,Graybull,N/A,2004,unknown,N/A,Unknown,,,,No,Yes,
0276,276,M,b,2001?,?,Washakie?,?,?,Location Unknown,Yellowstone Delta,-,N/A,2004,unknown,N/A,Unknown,,,,No,Yes,
0277,277,M,g,2003?,?,?,?,?,Location Unknown,Geode Creek,-,N/A,2005,unknown,N/A,Unknown,,,,No,Yes,
0278,278,~,~,~,~,~,~,~,~,~,~,~,~,~,~,~,~,~,N/A,N/A,N/A,
0279,279,F,b,2001?,?,Teton,?,?,Location Unknown,Teton,-,N/A,2003,unknown,N/A,Unknown,,,,No,Yes,
0280,280,M,b,2001?,?,Absaroka,?,?,Location Unknown,Absaroka,-,N/A,2003,unknown,N/A,Unknown,,,,No,Yes,
0281,281,~,~,~,~,~,~,~,~,~,~,~,~,~,~,~,~,~,N/A,N/A,N/A,
0282,282,M,b,2001?,?,?,?,?,Location Unknown,Washakie,-,N/A,2004,unknown,N/A,Unknown,,,,No,Yes,
0283,283,F,g,2002?,?,Lone Bear,?,?,Location Unknown,Lone Bear,-,N/A,2004,unknown,N/A,Unknown,,,,No,Yes,
0284,284,F,g,2002?,?,Lone Bear,?,?,Location Unknown,Lone Bear,-,N/A,2004,unknown,N/A,Unknown,,,,No,Yes,
0285,285,M,g,2001?,?,Lone Bear,?,?,Location Unknown,Lone Bear,-,N/A,2003,unknown,N/A,Unknown,,,,No,Yes,
0286,286,F,b,2002,April,Druid Peak,Half Black?,215M,"Lamar Valley, YNP",Druid Peak,-,N/A,2005,unknown,N/A, Unknown,,,,Yes,Yes,
0287,287,M,b,2001,April,Leopold,7F,2M,"Blacktail Deer Plateau, YNP",Hellroaring,-,2007,N/A,February 14,Wolf, Unknown,,,,Yes,Yes,
0288,288,F,g,2001,April,Leopold,7F,2M,"Blacktail Deer Plateau, YNP",Leopold,-,2006,N/A,January 1,Unknown, Unknown,,,,Yes,Yes,
0289,289,M,b,2001,April,Leopold,7F,2M,"Blacktail Deer Plateau, YNP",Leopold,-,N/A,2003,unknown,N/A, Unknown,,,,Yes,Yes,
0290,290,F,g,2002,April,Leopold,7F,2M,"Blacktail Deer Plateau, YNP",Wedge,-,N/A,2005,unknown,N/A, Unknown,,,,Yes,Yes,probaly removed in 2006 for livestock depredation
0291,291,M,g,2002,April,Cougar Creek,151F,303M,"Madison Valley Area, YNP",Cougar Creek,-,N/A,2004,unknown,N/A, Unknown,,,,Yes,Yes,
0292,292,M,g,2001,April,Swan Lake,152F,206M,"Swan Lake Flat, YNP",Swan Lake,-,N/A,2003,unknown,N/A, Unknown,,,,Yes,Yes,
0293,293,F,g,2002,April,Swan Lake,152F,204M,"Gardner's Hole/Swan Lake Flat Area, YNP",Swan Lake,-,2004,N/A,June 1,Vehicle, Unknown,,,,Yes,Yes,
0294,294,M,g,1999?,?,?,?,?,Location Unknown,Geode Creek,-,2003,N/A,April 28,Natural (Elk),"Geode Creek Area, YNP",,,,Yes,Yes,
0295,295,M,g,2002,April,Agate Creek,103F,113M,"Antelope Creek Area, YNP",Swan Lake,-,N/A,2007,unknown,N/A,"Swan Lake Flats, YNP",,,,Yes,Yes,
0296,296,M,g,2001,April,Druid Peak,103F,21M,"Lamar Valley, YNP",Druid Peak,-,2003,N/A,March 8,Natural (Disease), Unknown,,,,Yes,Yes,
0297,297,~,~,~,~,~,~,~,~,~,~,~,~,~,~,~,~,~,N/A,N/A,N/A,
0298,298,~,~,~,~,~,~,~,~,~,~,~,~,~,~,~,~,~,N/A,N/A,N/A,
0299,299,~,~,~,~,~,~,~,~,~,~,~,~,~,~,~,~,~,N/A,N/A,N/A,
0300,300,M,b,2002?,?,Druid Peak?,?,?,Location Unknown,Geode Creek,-,N/A,2003,unknown,N/A, Unknown,,,,No,Yes,
0301,301,M,b,2001,April,Leopold,7F,2M,"Blacktail Deer Plateau, YNP",None,-,N/A,2003,unknown,N/A, Unknown,,,,Yes,Yes,
0302,302,M,b,2000,April,Leopold,7F,2M,"Blacktail Deer Plateau, YNP",Blacktail,Druid Peak,2009,N/A,October 8,Wolf (Quadrant),"Western Blacktail Deer Plateau Area, NYP",,,,Yes,Yes,
0303,303,M,b,2001?,?,?,?,?,Location Unknown,Cougar Creek,-,N/A,2008,unknown,N/A, Unknown,,,,Yes,Yes,
0304,304,M,b,2001?,?,Cougar Creek,151F,256M,Location Unknown,Gibbon Meadows,-,N/A,2005,unknown,N/A, Unknown,,,,Yes,Yes,
0305,305,M,g,2002,April,Nez Perce,48F,72M,"Near Old Faithful, YNP",Nez Perce,-,N/A,2006,unknown,N/A, Unknown,,,,Yes,Yes,
0306,306,F,g,2002,April,Nez Perce,48F,72M,"Near Old Faithful, YNP",Nez Perce,-,N/A,2006,unknown,N/A, Unknown,,,,Yes,Yes,
0307,307,~,~,~,~,~,~,~,~,~,~,~,~,~,~,~,~,~,N/A,N/A,N/A,
0308,308,~,~,~,~,~,~,~,~,~,~,~,~,~,~,~,~,~,N/A,N/A,N/A,
0309,309,F,g,2002,?,?,?,?,Location Unknown,?,-,2003,N/A,February 4,Wolf,"Near Old Faithful, YNP",,,,No,Yes,
0310,310,~,~,~,~,~,~,~,~,~,~,~,~,~,~,~,~,~,N/A,N/A,N/A,
0311,311,~,~,~,~,~,~,~,~,~,~,~,~,~,~,~,~,~,N/A,N/A,N/A,
0312,312,~,~,~,~,~,~,~,~,~,~,~,~,~,~,~,~,~,N/A,N/A,N/A,
0313,313,~,~,~,~,~,~,~,~,~,~,~,~,~,~,~,~,~,N/A,N/A,N/A,
0314,314,~,~,~,~,~,~,~,~,~,~,~,~,~,~,~,~,~,N/A,N/A,N/A,
0315,315,~,~,~,~,~,~,~,~,~,~,~,~,~,~,~,~,~,N/A,N/A,N/A,
0316,316,~,~,~,~,~,~,~,~,~,~,~,~,~,~,~,~,~,N/A,N/A,N/A,
0317,317,~,~,~,~,~,~,~,~,~,~,~,~,~,~,~,~,~,N/A,N/A,N/A,
0318,318,M,g,2002?,?,?,?,?,Location Unknown,Owl Creek,-,N/A,2004,unknown,N/A,Unknown,,,,No,Yes,
0319,319,~,~,~,~,~,~,~,~,~,~,~,~,~,~,~,~,~,N/A,N/A,N/A,
0320,320,~,~,~,~,~,~,~,~,~,~,~,~,~,~,~,~,~,N/A,N/A,N/A,
0321,321,~,~,~,~,~,~,~,~,~,~,~,~,~,~,~,~,~,N/A,N/A,N/A,
0322,322,~,~,~,~,~,~,~,~,~,~,~,~,~,~,~,~,~,N/A,N/A,N/A,
0323,323,F,g,2002?,?,?,?,?,Location Unknown,Sheep Mountain Subgroup,-,N/A,2004,unknown,N/A,Unknown,,,,No,Yes,
0324,324,~,~,~,~,~,~,~,~,~,~,~,~,~,~,~,~,~,N/A,N/A,N/A,
0325,325,~,~,~,~,~,~,~,~,~,~,~,~,~,~,~,~,~,N/A,N/A,N/A,
0326,326,F,g,2002?,?,?,?,?,Location Unknown,?,-,N/A,2004,unknown,N/A,Moccasin Lake,,,,No,Yes,
0327,327,F,g,2002?,?,?,?,?,Location Unknown,Chief Joseph,-,2005,N/A,Feburary 7,Natural (Mange),Unknown,,,,No,Yes,
0328,328,~,~,~,~,~,~,~,~,~,~,~,~,~,~,~,~,~,N/A,N/A,N/A,
0329,329,F,g,2002?,?,?,?,?,Location Unknown,Daniel,-,N/A,2004,unknown,N/A,Unknown,,,,No,Yes,
0330,330,~,~,~,~,~,~,~,~,~,~,~,~,~,~,~,~,~,N/A,N/A,N/A,
0331,331,M,g,2002?,?,?,?,?,Location Unknown,Daniel,-,N/A,2004,unknown,N/A,Unknown,,,,No,Yes,
0332,332,M?,g,2002?,?,?,?,?,Location Unknown,Sheep Mountain,-,2004,N/A,September 10,Legally Killed,Unknown,,,,No,Yes,Records confused as to sex
0333,333,~,~,~,~,~,~,~,~,~,~,~,~,~,~,~,~,~,N/A,N/A,N/A,
0334,334,~,~,~,~,~,~,~,~,~,~,~,~,~,~,~,~,~,N/A,N/A,N/A,
0335,335,~,~,~,~,~,~,~,~,~,~,~,~,~,~,~,~,~,N/A,N/A,N/A,
0336,336,~,~,~,~,~,~,~,~,~,~,~,~,~,~,~,~,~,N/A,N/A,N/A,
0337,337,~,~,~,~,~,~,~,~,~,~,~,~,~,~,~,~,~,N/A,N/A,N/A,
0338,338,~,~,~,~,~,~,~,~,~,~,~,~,~,~,~,~,~,N/A,N/A,N/A,
0339,339,~,~,~,~,~,~,~,~,~,~,~,~,~,~,~,~,~,N/A,N/A,N/A,
0340,340,F,g,2000,April,Nez Perce,48F,72M,"Madison-Firehole Area, YNP",Biscuit Basin,-,N/A,2007,unknown,N/A, Unknown,,,,Yes,Yes,
0341,341,F,g,2002,April,Nez Perce,48F,72M,"Near Old Faithful, YNP",Nez Perce,-,N/A,2005,unknown,N/A, Unknown,,,,Yes,Yes,
0342,342,F,g,2003,April,Nez Perce,48F,72M,"Firehole River Area, YNP",Nez Perce,-,2004,N/A,May 19,Unknown, Unknown,,,,Yes,Yes,
0343,343,M,b,2003,April,Mollie's,174F,193M,"Pelican Valley, YNP",Mollie's,-,2005,N/A,January 8,Unknown, Unknown,,,,Yes,Yes,
0344,344,F,b,2002,April,Leopold,7F,2M,"Blacktail Deer Plateau, YNP",Leopold,-,N/A,2003,unknown,N/A, Unknown,,,,Yes,Yes,
0345,345,F,g,2002,April,Leopold,7F,2M,"Blacktail Deer Plateau, YNP",Leopold,-,N/A,2006,unknown,N/A, Unknown,,,,Yes,Yes,
0346,346,?,g,2003,April,Druid Peak,42F,21M,"Lamar Valley, YNP",Druid Peak,-,2003,N/A,July 27,Unknown,"Lamar Valley, YNP",,,,Yes,Yes,
0347,347,M,g,2002,April,Swan Lake,152F,206M,"Gardner's Hole/Swan Lake Flat Area, YNP",Swan Lake,-,2003,N/A,November 15,Wolf, Unknown,,,,Yes,Yes,
0348,348,M,g,2003,April,Druid Peak,42F,21M,"Lamar Valley, YNP",None,-,2007,N/A,May 8,Unknown, Unknown,,,,Yes,Yes,
0349,349,M,b,2003,April,Druid Peak,255F,302M,"Lamar Valley, YNP",None,-,2005,N/A,January 26,Human, Unknown,,,,Yes,Yes,
0350,350,M,b,2003,April,Druid Peak,42F,21M,"Lamar Valley, YNP",None,-,N/A,2004,March ,N/A,"Lamar Valley Area, YNP",,,,Yes,Yes,
0351,351,M,g,2003,April,Geode Creek,106F,294M,"Geode Creek Area, Northern YNP",Geode Creek,-,2004,N/A,February 4,Human, Unknown,,,,Yes,Yes,
0352,352,M,g,2001,April,Druid Peak,106F,21M,"Lamar Valley, YNP",None,Geode Creek,2005,N/A,November 1,Natural (Mange),"Moccasin, Judith Basin, Montana",,,,Yes,Yes,
0353,353,F,b,2001,April,Druid Peak,106F,21M,"Lamar Valley, YNP",Hellroaring,Geode Creek,N/A,2007,unknown,N/A,"Hellroaring Creek Area, YNP",,,,Yes,Yes,
0354,354,M,g,2001,April,Swan Lake,152F,206M,"Swan Lake Flat, YNP",Swan Lake,-,N/A,2005,unknown,N/A, Unknown,,,,Yes,Yes,
0355,355,F,g,2002,April,Swan Lake,152F,206M,"Gardner's Hole/Swan Lake Flat Area, YNP",Swan Lake,-,2005,N/A,July 26,Unknown,"Gardner's Hole/Swan Lake Flat Area, YNP",,,,Yes,Yes,
0356,356,M,g,2002,April,Swan Lake,152F,204M,"Gardner's Hole/Swan Lake Flat Area, YNP",None,-,2005,N/A,January 8,Wolf (Leopold?), Unknown,,,,Yes,Yes,
0357,357,~,~,~,~,~,~,~,~,~,~,~,~,~,~,~,~,~,N/A,N/A,N/A,
0358,358,~,~,~,~,~,~,~,~,~,~,~,~,~,~,~,~,~,N/A,N/A,N/A,
0359,359,F,g,2002?,?,?,?,?,Location Unknown,Carter Mountain,-,N/A,2005,unknown,N/A, Unknown,,,,No,Yes,
0360,360,F,b,2002?,?,Sunlight Basin,41F,52M,Location Unknown,Sunlight Basin,-,N/A,2005,unknown,N/A, Unknown,,,,No,Yes,
0361,361,M,b,2003,April,Druid Peak,255F,302M,"Lamar Valley, YNP",Druid Peak,-,2003,N/A,December 9,Wolf, Unknown,,,,Yes,Yes,
0362,362,~,~,~,~,~,~,~,~,~,~,~,~,~,~,~,~,~,N/A,N/A,N/A,
0363,363,?,g,2003,April,Swan Lake,152F,206M,"Gardner's Hole/Swan Lake Flat Area, YNP",Swan Lake,-,2003,N/A,December 6,Unknown,"Gardner's Hole/Swan Lake Flat Area, YNP",,,,Yes,Yes,
0364,364,~,~,~,~,~,~,~,~,~,~,~,~,~,~,~,~,~,N/A,N/A,N/A,
0365,365,~,~,~,~,~,~,~,~,~,~,~,~,~,~,~,~,~,N/A,N/A,N/A,
0366,366,~,~,~,~,~,~,~,~,~,~,~,~,~,~,~,~,~,N/A,N/A,N/A,
0367,367,~,~,~,~,~,~,~,~,~,~,~,~,~,~,~,~,~,N/A,N/A,N/A,
0368,368,~,~,~,~,~,~,~,~,~,~,~,~,~,~,~,~,~,N/A,N/A,N/A,
0369,369,~,~,~,~,~,~,~,~,~,~,~,~,~,~,~,~,~,N/A,N/A,N/A,
0370,370,F,b,2002?,?,Sunlight Basin,41F,52M,Location Unknown,Sunlight Basin,-,N/A,2005,unknown,N/A, Unknown,,,,No,Yes,
0371,371,F,b,2002?,?,Sunlight Basin,41F,52M,Location Unknown,Sunlight Basin,-,N/A,2005,unknown,N/A, Unknown,,,,No,Yes,
0372,372,F,b,2002?,?,Sunlight Basin,41F,52M,Location Unknown,Owl Creek,-,N/A,2005,unknown,N/A, Unknown,,,,No,Yes,
0373,373,M,g,2003,April,Druid Peak,42F,21M,"Lamar Valley, YNP",None,-,N/A,2004,March ,N/A,"Lamar Valley Area, YNP",,,,Yes,Yes,
0374,374,M,b,2003,April,Druid Peak,?,302M,"Lamar Valley, YNP",Geode Creek,-,N/A,2005,unknown,N/A, Unknown,,,,Yes,Yes,
0375,375,F,b,2003,April,Druid Peak,?,302M,"Lamar Valley, YNP",Druid Peak,-,2005,N/A,February 10,Wolf (Slough Creek),"Lamar Valley, YNP",,,,Yes,Yes,
0376,376,F,g,2002,April,Druid Peak,42F,21M,"Lamar Valley, YNP",None,-,N/A,2004,March ,N/A,"Lamar Valley, YNP",,,,Yes,Yes,
0377,377,M,g,2002?,?,?,?,?,Location Unknown,Slough Creek,-,2006,N/A,April 28,Wolf (Unknown),"Slough Creek, YNP",,,,Yes,Yes,Unknown was the name given to a pack of wolves with unknown origins that attacked the Slough Creek pack in 2006
0378,378,M,g,2001,April,Druid Peak or Mollie's,?,?,Location Unknown,Mollie's,Slough Creek,N/A,2006,unknown,N/A, Unknown,,,,Yes,Yes,
0379,379,M,b,2000,April,Druid Peak or Mollie's,?,?,"Pelican Valley, YNP",Mollie's,Slough Creek,2005,N/A,November 2,Natural (Elk/Bison),"Pelican Valley, YNP",,,,Yes,Yes,
0380,380,F,b,2003,April,Slough Creek,Black Female,261M,"Slough Creek Area, YNP",Slough Creek,-,2008,N/A,September 6,Wolf?, Unknown,,,,Yes,Yes,
0381,381,M,b,2002,April,Leopold,7F,2M,"Blacktail Deer Plateau, YNP",Leopold,-,2005,N/A,July 17,Unknown, Unknown,,,,Yes,Yes,
0382,382,F,g,2003,April,Leopold,220F,?,"Blacktail Deer Plateau, YNP",Leopold,-,N/A,2005,unknown,N/A, Unknown,,,,Yes,Yes,
0383,383,M,g,2003,April,Agate Creek,?,113M,"Specimen Ridge, YNP",Slough Creek,-,2010,N/A,March 10,Natural (Malnutrition), Unknown,,,,Yes,Yes,
0384,384,F,g,2003,April,Agate Creek,472F,113M,"Tower Junction Area, YNP",Agate Creek,-,N/A,2004,unknown,N/A, Unknown,,,,Yes,Yes,
0385,385,M,g,2003,April,Agate Creek,472F,113M,"Tower Junction Area, YNP",Agate Creek,-,N/A,2005,unknown,N/A, Unknown,,,,Yes,Yes,
0386,386,F,b,2002?,?,Druid Peak,?,?,Location Unknown,Druid Peak?,-,2004,N/A,Feburary 1,Wolf,Unknown,,,,No,Yes,
0387,387,~,~,~,~,~,~,~,~,~,~,~,~,~,~,~,~,~,N/A,N/A,N/A,
0388,388,F,g,2002,April,Cougar Creek,151F,303M,"Madison Valley Area, YNP",None,-,2005,N/A,July 20,Unknown, Unknown,,,,Yes,Yes,
0389,389,M,b,2002,April,Cougar Creek,151F,303M,"Madison Valley Area, YNP",Cougar Creek,-,N/A,2004,unknown,N/A, Unknown,,,,Yes,Yes,
0390,390,F,b,2003,April,Cougar Creek,151F,303M,"Madison Valley Area, YNP",Cougar Creek,-,N/A,2004,unknown,N/A, Unknown,,,,Yes,Yes,
0391,391,F,g,2001,April,Druid Peak,106F,21M,"Lamar Valley, YNP",None,Geode Creek,N/A,2005,unknown,N/A,"Geode Creek Area, YNP",,,,Yes,Yes,
0392,392,M,g,2002,April,Geode Creek,106F,294M,"Geode Creek Area, Northern YNP",Geode Creek,-,N/A,2004,unknown,N/A,"Geode Creek Area, YNP",,,,Yes,Yes,
0393,393,M,g,2002?,?,?,?,?,Location Unknown,Chief Joseph,-,2004,N/A,March 16,Human,Unknown,,,,No,Yes,
0394,394,M,g,2002?,?,?,?,?,Location Unknown,Chief Joseph,-,N/A,2005,unknown,N/A, Unknown,,,,No,Yes,
0395,395,F,g,2001,April,Yellowstone Delta,126F,?,"Thorofare, Southeastern YNP",Yellowstone Delta,-,N/A,2004,unknown,N/A, Unknown,,,,Yes,Yes,
0396,396,F,b,2001,April,Yellowstone Delta,126F,?,"Thorofare, Southeastern YNP",Yellowstone Delta,-,N/A,2004,unknown,N/A, Unknown,,,,Yes,Yes,
0397,397,F,b,2002,April,Yellowstone Delta,126F,?,Southeastern Yellowstone National Park,Yellowstone Delta,-,N/A,2004,unknown,N/A, Unknown,,,,Yes,Yes,
0398,398,M,g,2002,April,Yellowstone Delta,126F,?,Southeastern Yellowstone National Park,Yellowstone Delta,-,N/A,2004,unknown,N/A, Unknown,,,,Yes,Yes,
0399,399,F,b,2002,April,Yellowstone Delta,126F,?,Southeastern Yellowstone National Park,Yellowstone Delta,-,N/A,2004,unknown,N/A, Unknown,,,,Yes,Yes,
0400,400,F,b,2002,April,Yellowstone Delta,126F,?,Southeastern Yellowstone National Park,Yellowstone Delta,-,N/A,2004,unknown,N/A, Unknown,,,,Yes,Yes,
0401,401,F,b,2002?,?,?,?,?,Location Unknown,Greybull River,-,N/A,2005,unknown,N/A, Unknown,,,,No,Yes,
0402,402,F,g,2002?,?,?,?,?,Location Unknown,Greybull River,-,N/A,2005,unknown,N/A, Unknown,,,,No,Yes,
0403,403,~,~,~,~,~,~,~,~,~,~,~,~,~,~,~,~,~,N/A,N/A,N/A,
0404,404,~,~,~,~,~,~,~,~,~,~,~,~,~,~,~,~,~,N/A,N/A,N/A,
0405,405,M,b,2002?,?,?,?,?,Location Unknown,Washakie,-,N/A,2005,unknown,N/A, Unknown,,,,No,Yes,
0406,406,M,b,2002?,?,?,?,?,Location Unknown,Washakie,-,N/A,2004,unknown,N/A, Unknown,,,,No,Yes,
0407,407,M,g,2002?,?,?,?,?,Location Unknown,Washakie,-,N/A,2004,unknown,N/A, Unknown,,,,No,Yes,
0408,408,M,b,2003,April,Bechler,Black and Silver Aplha Female,192M,"Bechler Area, Southwestern YNP",Bechler,-,N/A,2005,unknown,N/A, Unknown,,,,Yes,Yes,
0409,409,F,b,2003,April,Bechler,Black and Silver Aplha Female,192M,"Bechler Area, Southwestern YNP",Bechler,-,N/A,2004,unknown,N/A, Unknown,,,,Yes,Yes,
0410,410,F,g,2003,April,Bechler,Black and Silver Aplha Female,192M,"Bechler Area, Southwestern YNP",Bechler,-,N/A,2004,unknown,N/A, Unknown,,,,Yes,Yes,
0411,411,~,~,~,~,~,~,~,~,~,~,~,~,~,~,~,~,~,N/A,N/A,N/A,
0412,412,~,~,~,~,~,~,~,~,~,~,~,~,~,~,~,~,~,N/A,N/A,N/A,
0413,413,~,~,~,~,~,~,~,~,~,~,~,~,~,~,~,~,~,N/A,N/A,N/A,
0414,414,~,~,~,~,~,~,~,~,~,~,~,~,~,~,~,~,~,N/A,N/A,N/A,
0415,415,~,~,~,~,~,~,~,~,~,~,~,~,~,~,~,~,~,N/A,N/A,N/A,
0416,416,~,~,~,~,~,~,~,~,~,~,~,~,~,~,~,~,~,N/A,N/A,N/A,
0417,417,~,~,~,~,~,~,~,~,~,~,~,~,~,~,~,~,~,N/A,N/A,N/A,
0418,418,~,~,~,~,~,~,~,~,~,~,~,~,~,~,~,~,~,N/A,N/A,N/A,
0419,419,~,~,~,~,~,~,~,~,~,~,~,~,~,~,~,~,~,N/A,N/A,N/A,
0420,420,~,~,~,~,~,~,~,~,~,~,~,~,~,~,~,~,~,N/A,N/A,N/A,
0421,421,~,~,~,~,~,~,~,~,~,~,~,~,~,~,~,~,~,N/A,N/A,N/A,
0422,422,F?,b,2004,?,?,?,?,Location Unknown,?,-,2004,N/A,March 18,Unknown,Northern Range,,,,No,Yes,gender uncertain
0423,423,M,g,2001?,?,?,?,?,Location Unknown,Bear Creek,-,N/A,2004,unknown,N/A, Unknown,,,,No,Yes,
0424,424,M,?,2003?,?,?,42F,21M,Location Unknown,Sunlight Basin,-,N/A,2005,unknown,N/A, Unknown,,,,No,Yes,
0425,425,~,~,~,~,~,~,~,~,~,~,~,~,~,~,~,~,~,N/A,N/A,N/A,
0426,426,~,~,~,~,~,~,~,~,~,~,~,~,~,~,~,~,~,N/A,N/A,N/A,
0427,427,F,b,2001,April,Druid Peak,42F(?),21M(?),"Lamar Valley, YNP",Specimen Ridge,-,N/A,2005,unknown,N/A,"Little America, YNP",U-Black,,,Yes,Yes,
0428,428,~,~,~,~,~,~,~,~,~,~,~,~,~,~,~,~,~,N/A,N/A,N/A,
0429,429,~,~,~,~,~,~,~,~,~,~,~,~,~,~,~,~,~,N/A,N/A,N/A,
0430,430,~,~,~,~,~,~,~,~,~,~,~,~,~,~,~,~,~,N/A,N/A,N/A,
0431,431,~,~,~,~,~,~,~,~,~,~,~,~,~,~,~,~,~,N/A,N/A,N/A,
0432,432,~,~,~,~,~,~,~,~,~,~,~,~,~,~,~,~,~,N/A,N/A,N/A,
0433,433,~,~,~,~,~,~,~,~,~,~,~,~,~,~,~,~,~,N/A,N/A,N/A,
0434,434,F,b,2002,April,Cougar Creek,151F,303M,"Madison Valley Area, YNP",Cougar Creek,-,2004,N/A,August 11,Vehicle, Unknown,,,,Yes,Yes,
0435,435,?,g,2004,April,Druid Peak,286F,21M,"Lamar Valley, YNP",Druid Peak,-,2004,N/A,July 23,Unknown,"Lamar Valley, YNP",,,,Yes,Yes,
0436,436,~,~,~,~,~,~,~,~,~,~,~,~,~,~,~,~,~,N/A,N/A,N/A,
0437,437,~,~,~,~,~,~,~,~,~,~,~,~,~,~,~,~,~,N/A,N/A,N/A,
0438,438,~,~,~,~,~,~,~,~,~,~,~,~,~,~,~,~,~,N/A,N/A,N/A,
0439,439,~,~,~,~,~,~,~,~,~,~,~,~,~,~,~,~,~,N/A,N/A,N/A,
0440,440,~,~,~,~,~,~,~,~,~,~,~,~,~,~,~,~,~,N/A,N/A,N/A,
0441,441,~,~,~,~,~,~,~,~,~,~,~,~,~,~,~,~,~,N/A,N/A,N/A,
0442,442,~,~,~,~,~,~,~,~,~,~,~,~,~,~,~,~,~,N/A,N/A,N/A,
0443,443,~,~,~,~,~,~,~,~,~,~,~,~,~,~,~,~,~,N/A,N/A,N/A,
0444,444,M,b,2003?,?,?,?,?,Location Unknown,Absaroka,-,N/A,2005,unknown,N/A, Unknown,,,,No,Yes,
0445,445,~,~,~,~,~,~,~,~,~,~,~,~,~,~,~,~,~,N/A,N/A,N/A,
0446,446,~,~,~,~,~,~,~,~,~,~,~,~,~,~,~,~,~,N/A,N/A,N/A,
0447,447,F,g,2004,?,Phantom Lake (05),?,?,Location Unknown,Phantom Lake (05),-,N/A,2005,unknown,N/A, Unknown,,,,No,Yes,
0448,448,~,~,~,~,~,~,~,~,~,~,~,~,~,~,~,~,~,N/A,N/A,N/A,
0449,449,M,b,2000?,?,?,?,?,Location Unknown,Green River,-,N/A,2003,unknown,N/A, Unknown,,,,No,Yes,
0450,450,~,~,~,~,~,~,~,~,~,~,~,~,~,~,~,~,~,N/A,N/A,N/A,
0451,451,F,g,2004,April,Gibbon Meadows,537F,304M,"Gibbon Meadows, YNP",Gibbon Meadows,-,2004,N/A,September 24,Vehicle, Unknown,,,,Yes,Yes,
0452,452,~,~,~,~,~,~,~,~,~,~,~,~,~,~,~,~,~,N/A,N/A,N/A,
0453,453,?,g,2003?,?,?,?,?,Location Unknown,None,Slough Creek,2006,N/A,June 11,Legally Killed,Unknown,,,,No,Yes,
0454,454,~,~,~,~,~,~,~,~,~,~,~,~,~,~,~,~,~,N/A,N/A,N/A,
0455,455,~,~,~,~,~,~,~,~,~,~,~,~,~,~,~,~,~,N/A,N/A,N/A,
0456,456,~,~,~,~,~,~,~,~,~,~,~,~,~,~,~,~,~,N/A,N/A,N/A,
0457,457,~,~,~,~,~,~,~,~,~,~,~,~,~,~,~,~,~,N/A,N/A,N/A,
0458,458,~,~,~,~,~,~,~,~,~,~,~,~,~,~,~,~,~,N/A,N/A,N/A,
0459,459,~,~,~,~,~,~,~,~,~,~,~,~,~,~,~,~,~,N/A,N/A,N/A,
0460,460,~,~,~,~,~,~,~,~,~,~,~,~,~,~,~,~,~,N/A,N/A,N/A,
0461,461,~,~,~,~,~,~,~,~,~,~,~,~,~,~,~,~,~,N/A,N/A,N/A,
0462,462,~,~,~,~,~,~,~,~,~,~,~,~,~,~,~,~,~,N/A,N/A,N/A,
0463,463,~,~,~,~,~,~,~,~,~,~,~,~,~,~,~,~,~,N/A,N/A,N/A,
0464,464,~,~,~,~,~,~,~,~,~,~,~,~,~,~,~,~,~,N/A,N/A,N/A,
0465,465,~,~,~,~,~,~,~,~,~,~,~,~,~,~,~,~,~,N/A,N/A,N/A,
0466,466,?,g,2002?,?,?,?,?,Location Unknown,?,-,2004,N/A,December 12,Natural,Unknown,,,,No,Yes,
0467,467,M,g,2003,April,Nez Perce,48F,72M,"Firehole River Area, YNP",Nez Perce,-,2004,N/A,December 1,Unknown, Unknown,,,,Yes,Yes,
0468,468,M,g,2002,April,Leopold,7F,2M,"Blacktail Deer Plateau, YNP",Hellroaring,-,N/A,2006,unknown,N/A, Unknown,,,,Yes,Yes,
0469,469,F,g,2003,April,Leopold,220F,?,"Blacktail Deer Plateau, YNP",Quadrant Mountain,-,2012,N/A,March 18,Wolf (Blacktail),"Quadrant Mountain Area, YNP",,,,Yes,Yes,
0470,470,F,b,2004,April,Leopold,209F,534M,"Blacktail Deer Plateau, YNP",None,Oxbow Creek,N/A,2010,December ,N/A, Unknown,,,,Yes,Yes,
0471,471,F,g,2003,April,Agate Creek,472F,113M,"Tower Junction Area, YNP",Agate Creek,Lava Creek,2012,N/A,April 10,Wolf (Mollie's), Unknown,,,,Yes,Yes,
0472,472,F,b,2000,April,Druid Peak,40F,21M,"Lamar Valley, YNP",Agate Creek,-,2010,N/A,December 1,Wolf (possibly Blacktail),"Lamar River & Slough Creek Confluence, Little America, YNP",,,,Yes,Yes,
0473,473,M,g,2004,April,Swan Lake,152F,205M,"Gardner's Hole/Swan Lake Flat Area, YNP",Swan Lake,-,N/A,2005,unknown,N/A, Unknown,,,,Yes,Yes,
0474,474,M,b,2004,April,Biscuit Basin,340F,?,"Madison-Firehole Area, YNP",None,-,2006,N/A,December 3,Illegally Killed (possibly),"Tobacco Root, MT",,,,Yes,Yes,
0475,475,F,g,2004,April,Biscuit Basin,340F,?,"Madison-Firehole Area, YNP",Biscuit Basin,-,2005,N/A,January 31,Wolf, Unknown,,,,Yes,Yes,
0476,476,F,g,2003,April,Nez Perce,48F(?),72M(?),"Firehole River Area, YNP",Biscuit Basin,-,2005,N/A,May 5,Illegally Killed (possibly), Unknown,,,,Yes,Yes,
0477,477,M,b,2003,April,Cougar Creek,151F,303M,"Madison Valley Area, YNP",Cougar Creek,-,N/A,2005,unknown,N/A, Unknown,,,,Yes,Yes,
0478,478,F,b,2003,April,Cougar Creek,151F,303M,"Madison Valley Area, YNP",Cougar Creek,-,2015,N/A,November ,Unknown,"Madison Valley Area, YNP",,,,Yes,Yes,
0479,479,M,g,2002,April,Cougar Creek,151F,303M,"Madison Valley Area, YNP",Cougar Creek,-,N/A,2005,unknown,N/A, Unknown,,,,Yes,Yes,
0480,480,M,b,2003,April,Leopold,7F,2M,"Blacktail Deer Plateau, YNP",None,Druid Peak,2010,N/A,March 1,Unknown,"Hellroaring Creek Drainage, YNP",,,,Yes,Yes,
0481,481,M,b,2004,April,Gibbon Meadows,537F,304M,"Gibbon Meadows, YNP",Gibbon Meadows,-,N/A,2005,unknown,N/A, Unknown,,,,Yes,Yes,
0482,482,M,b,2000,April,?,?,?,Location Unknown,Gibbon Meadows,Cougar Creek,2010,N/A,February 27,Unknown, Unknown,,,,Yes,Yes,
0483,483,F,g,2002,April,Geode Creek,106F,294M,"Geode Creek Area, Northern YNP",None,-,2005,N/A,June 27,Natural (Elk?),"Geode Creek Area, Northern YNP",,,,Yes,Yes,
0484,484,M,g,2004,April,Nez Perce,48F,70M,"Firehole River Area, YNP",Nez Perce,-,2005,N/A,August 7,Unknown, Unknown,,,,Yes,Yes,
0485,485,F,g,2004,April,Nez Perce,48F,72M,"Firehole River Area, YNP",None,-,N/A,2008,unknown,N/A,West of YNP,,,,Yes,Yes,
0486,486,F,g,2004,April,Nez Perce,48F,72M,"Firehole River Area, YNP",Mollie's,-,N/A,2011,unknown,N/A,"Pelican Valley, YNP",,,,Yes,Yes,
0487,487,M,g,2002?,?,?,?,?,Location Unknown,None,Yellowstone Delta,2006,N/A,April 21,Unknown, Unknown,,,,Yes,Yes,
0488,488,M,g,2004,April,Geode Creek,106F,227M,"Geode Creek Area, Northern YNP",None,-,2005,N/A,August 8,Natural (Malnutrition),"Geode Creek Area, Northern YNP",,,,Yes,Yes,
0489,489,M,b,2004,April,Geode Creek,106F,227M,"Geode Creek Area, Northern YNP",Slough Creek,-,2006,N/A,April 4,Wolf (Unknown),"Slough Creek Area, YNP",,,,Yes,Yes,Unknown was the name given to a pack of wolves with unknown origins that attacked the Slough Creek pack in 2006
0490,490,M,b,2003?,?,Druid Peak or Mollie's,?,?,Location Unknown,Slough Creek,-,2006,N/A,December 29,Unknown (Possibly Unknown pack),"Northern Boundary of Slough Creek, YNP",,,,Yes,Yes,Unknown was the name given to a pack of wolves with unknown origins that attacked the Slough Creek pack in 2007
0491,491,M,g,2004,April,Slough Creek,Black Female SC,261M,"Slough Creek, YNP",None,-,N/A,2006,unknown,N/A, Unknown,,,,Yes,Yes,
0492,492,F,g,2004,April,Yellowstone Delta,126F,487M,"Thorofare, Southeastern YNP",Yellowstone Delta,-,N/A,2006,unknown,N/A, Unknown,,,,Yes,Yes,
0493,493,M,b,2004,April,Yellowstone Delta,126F,487M,"Thorofare, Southeastern YNP",Yellowstone Delta,-,2006,N/A,February 20,Unknown, Unknown,,,,Yes,Yes,
0494,494,~,~,~,~,~,~,~,~,~,~,~,~,~,~,~,~,~,N/A,N/A,N/A,
0495,495,M,b,2004,March,Mollie's,174F,193M,"Pelican Valley, YNP",Mollie's,-,2011,N/A,August 24,Natural (Bison),"Pelican Valley, YNP",,,,Yes,Yes,
0496,496,F,b,2004,April,Mollie's,174F,193M,"Pelican Valley, YNP",Mollie's,-,2005,N/A,June 4,Wolf (Hayden Valley), Unknown,,,,Yes,Yes,
0497,497,M,b,2004,April,Mollie's,174F,193M,"Pelican Valley, YNP",Mollie's,-,2007,N/A,May 6,Vehicle, Unknown,,,,Yes,Yes,
0498,498,~,~,~,~,~,~,~,~,~,~,~,~,~,~,~,~,~,N/A,N/A,N/A,
0499,499,~,~,~,~,~,~,~,~,~,~,~,~,~,~,~,~,~,N/A,N/A,N/A,
0500,500,~,~,~,~,~,~,~,~,~,~,~,~,~,~,~,~,~,N/A,N/A,N/A,
0501,501,~,~,~,~,~,~,~,~,~,~,~,~,~,~,~,~,~,N/A,N/A,N/A,
0502,502,~,~,~,~,~,~,~,~,~,~,~,~,~,~,~,~,~,N/A,N/A,N/A,
0503,503,~,~,~,~,~,~,~,~,~,~,~,~,~,~,~,~,~,N/A,N/A,N/A,
0504,504,~,~,~,~,~,~,~,~,~,~,~,~,~,~,~,~,~,N/A,N/A,N/A,
0505,505,~,~,~,~,~,~,~,~,~,~,~,~,~,~,~,~,~,N/A,N/A,N/A,
0506,506,~,~,~,~,~,~,~,~,~,~,~,~,~,~,~,~,~,N/A,N/A,N/A,
0507,507,~,~,~,~,~,~,~,~,~,~,~,~,~,~,~,~,~,N/A,N/A,N/A,
0508,508,~,~,~,~,~,~,~,~,~,~,~,~,~,~,~,~,~,N/A,N/A,N/A,
0509,509,~,~,~,~,~,~,~,~,~,~,~,~,~,~,~,~,~,N/A,N/A,N/A,
0510,510,~,~,~,~,~,~,~,~,~,~,~,~,~,~,~,~,~,N/A,N/A,N/A,
0511,511,~,~,~,~,~,~,~,~,~,~,~,~,~,~,~,~,~,N/A,N/A,N/A,
0512,512,~,~,~,~,~,~,~,~,~,~,~,~,~,~,~,~,~,N/A,N/A,N/A,
0513,513,~,~,~,~,~,~,~,~,~,~,~,~,~,~,~,~,~,N/A,N/A,N/A,
0514,514,~,~,~,~,~,~,~,~,~,~,~,~,~,~,~,~,~,N/A,N/A,N/A,
0515,515,~,~,~,~,~,~,~,~,~,~,~,~,~,~,~,~,~,N/A,N/A,N/A,
0516,516,~,~,~,~,~,~,~,~,~,~,~,~,~,~,~,~,~,N/A,N/A,N/A,
0517,517,~,~,~,~,~,~,~,~,~,~,~,~,~,~,~,~,~,N/A,N/A,N/A,
0518,518,~,~,~,~,~,~,~,~,~,~,~,~,~,~,~,~,~,N/A,N/A,N/A,
0519,519,~,~,~,~,~,~,~,~,~,~,~,~,~,~,~,~,~,N/A,N/A,N/A,
0520,520,~,~,~,~,~,~,~,~,~,~,~,~,~,~,~,~,~,N/A,N/A,N/A,
0521,521,~,~,~,~,~,~,~,~,~,~,~,~,~,~,~,~,~,N/A,N/A,N/A,
0522,522,~,~,~,~,~,~,~,~,~,~,~,~,~,~,~,~,~,N/A,N/A,N/A,
0523,523,~,~,~,~,~,~,~,~,~,~,~,~,~,~,~,~,~,N/A,N/A,N/A,
0524,524,F,g,2005,April,Agate Creek,472F,113M,"Antelope Creek, YNP",Agate Creek,-,2007,N/A,July 4,Wolf, Unknown,,,,Yes,Yes,
0525,525,F,b,2003,April,Agate Creek,472F,113M,"Tower Junction Area, YNP",Hoodoo Creek,-,N/A,2011,unknown,N/A, Unknown,,,,Yes,Yes,
0526,526,F,b,2004,April,Slough Creek,Black Female,261M,"Slough Creek Area, YNP",Slough Creek,-,2008,N/A,September 3,Wolf, Unknown,,,,Yes,Yes,
0527,527,F,b,2002,April,Druid Peak,42F,21M,"Lamar Valley, YNP",Cottonwood Creek,Slough Creek,2009,N/A,October 3,Legally Killed,North of YNP Boundary,,,,Yes,Yes,
0528,528,M,g,2003?,?,?,?,?,Location Unknown,Hellroaring,-,2006,N/A,February 11,Wolf (Agate Creek?), Unknown,,,,Yes,Yes,
0529,529,F,b,2004,April,Druid Peak,286F,21M,"Lamar Valley, YNP",Druid Peak,-,N/A,2006,unknown,N/A, Unknown,,,,Yes,Yes,
0530,530,~,~,~,~,~,~,~,~,~,~,~,~,~,~,~,~,~,N/A,N/A,N/A,
0531,531,~,~,~,~,~,~,~,~,~,~,~,~,~,~,~,~,~,N/A,N/A,N/A,
0532,532,~,~,~,~,~,~,~,~,~,~,~,~,~,~,~,~,~,N/A,N/A,N/A,
0533,533,~,~,~,~,~,~,~,~,~,~,~,~,~,~,~,~,~,N/A,N/A,N/A,
0534,534,M,g,2000,April,Nez Perce,48F,72M,"Madison-Firehole Rivers Area, YNP",Leopold,-,2008,N/A,September 13,Wolf (Mount Everts),"Blacktail Deer Plateau, YNP",,,,Yes,Yes,
0535,535,M,b,2002,April,Leopold,7F,2M,"Blacktail Deer Plateau, YNP",Leopold,-,N/A,2006,unknown,N/A, Unknown,,,,Yes,Yes,
0536,536,F,g,2003,April,Leopold,220F,534M,"Blacktail Deer Plateau, YNP",None,Oxbow Creek,2009,N/A,November 5,Natural (Malnutrition), Unknown,,,,Yes,Yes,
0537,537,F,g,2002,?,?,?,?,Location Unknown,Gibbon Meadows,-,N/A,2009,unknown,N/A, Unknown,,,,Yes,Yes,
0538,538,M,g,2004?,?,?,?,?,Location Unknown,Gibbon Meadows,-,N/A,2006,unknown,N/A, Unknown,,,,Yes,Yes,
0539,539,F,g,2005,April,Gibbon Meadows,537F,257M,"Gibbon Meadows, YNP",Gibbon Meadows,-,N/A,2006,unknown,N/A, Unknown,,,,Yes,Yes,
0540,540,F,g,2000,April,Nez Perce,48F,72M,"Madison-Firehole Area, YNP",Hayden Valley,-,2007,N/A,October 30,Wolf (Mollie's),"Hayden Valley Area, YNP",,,,Yes,Yes,
0541,541,M,g,2001,April,Swan Lake,152F,206M,"Swan Lake Flats, YNP",Hayden Valley,-,2007,N/A,October 27,Wolf (Mollie's),"Hayden Valley Area, YNP",,,,Yes,Yes,
0542,542,F,g,2003?,?,Yellowstone Delta,126F,?,Location Unknown,Yellowstone Delta,-,2006,N/A,April 9,Wolf (Mollie's), Unknown,,,,Yes,Yes,
0543,543,M,b,2005,April,Bechler,Black and Silver Aplha Female,192M,"Bechler Area, Southwestern YNP",Bechler,-,N/A,2006,unknown,N/A, Unknown,,,,Yes,Yes,
0544,544,M,b,2005,April,Bechler,Black and Silver Aplha Female,192M,"Bechler Area, Southwestern YNP",Bechler,-,2008,N/A,January 2,Unknown, Unknown,,,,Yes,Yes,
0545,545,F,b,2005,April,Bechler,Black and Silver Aplha Female,192M,"Bechler Area, Southwestern YNP",Bechler,-,N/A,2013,unknown,N/A, Unknown,,,,Yes,Yes,
0546,546,M,g,2004,April,Cougar Creek,151F,257M,"Madison Valley Area, YNP",Cougar Creek,-,N/A,2006,unknown,N/A, Unknown,,,,Yes,Yes,
0547,547,~,~,~,~,~,~,~,~,~,~,~,~,~,~,~,~,~,N/A,N/A,N/A,
0548,548,~,~,~,~,~,~,~,~,~,~,~,~,~,~,~,~,~,N/A,N/A,N/A,
0549,549,~,~,~,~,~,~,~,~,~,~,~,~,~,~,~,~,~,N/A,N/A,N/A,
0550,550,~,~,~,~,~,~,~,~,~,~,~,~,~,~,~,~,~,N/A,N/A,N/A,
0551,551,~,~,~,~,~,~,~,~,~,~,~,~,~,~,~,~,~,N/A,N/A,N/A,
0552,552,~,~,~,~,~,~,~,~,~,~,~,~,~,~,~,~,~,N/A,N/A,N/A,
0553,553,~,~,~,~,~,~,~,~,~,~,~,~,~,~,~,~,~,N/A,N/A,N/A,
0554,554,~,~,~,~,~,~,~,~,~,~,~,~,~,~,~,~,~,N/A,N/A,N/A,
0555,555,~,~,~,~,~,~,~,~,~,~,~,~,~,~,~,~,~,N/A,N/A,N/A,
0556,556,~,~,~,~,~,~,~,~,~,~,~,~,~,~,~,~,~,N/A,N/A,N/A,
0557,557,~,~,~,~,~,~,~,~,~,~,~,~,~,~,~,~,~,N/A,N/A,N/A,
0558,558,~,~,~,~,~,~,~,~,~,~,~,~,~,~,~,~,~,N/A,N/A,N/A,
0559,559,~,~,~,~,~,~,~,~,~,~,~,~,~,~,~,~,~,N/A,N/A,N/A,
0560,560,~,~,~,~,~,~,~,~,~,~,~,~,~,~,~,~,~,N/A,N/A,N/A,
0561,561,~,~,~,~,~,~,~,~,~,~,~,~,~,~,~,~,~,N/A,N/A,N/A,
0562,562,~,~,~,~,~,~,~,~,~,~,~,~,~,~,~,~,~,N/A,N/A,N/A,
0563,563,~,~,~,~,~,~,~,~,~,~,~,~,~,~,~,~,~,N/A,N/A,N/A,
0564,564,~,~,~,~,~,~,~,~,~,~,~,~,~,~,~,~,~,N/A,N/A,N/A,
0565,565,~,~,~,~,~,~,~,~,~,~,~,~,~,~,~,~,~,N/A,N/A,N/A,
0566,566,~,~,~,~,~,~,~,~,~,~,~,~,~,~,~,~,~,N/A,N/A,N/A,
0567,567,~,~,~,~,~,~,~,~,~,~,~,~,~,~,~,~,~,N/A,N/A,N/A,
0568,568,~,~,~,~,~,~,~,~,~,~,~,~,~,~,~,~,~,N/A,N/A,N/A,
0569,569,F,g,2004,April,Druid Peak,286F,21M,"Lamar Valley, YNP",Druid Peak,-,2009,N/A,October 15,Wolf (Hoodoo Creek),"Upper Lamar River Area, YNP",,,,Yes,Yes,
0570,570,M,g,2006,April,Druid Peak,529F (569F?),480M (302M?),"Round Prairie Area, Northeast YNP",Druid Peak,-,N/A,2007,unknown,N/A, Unknown,,,,Yes,Yes,
0571,571,F,g,2006,April,Druid Peak,529F (569F?),480M (302M?),"Round Prairie Area, Northeast YNP",Druid Peak,-,N/A,2009,unknown,N/A, Unknown,,,,Yes,Yes,
0572,572,F,b,2004?,?,Yellowstone Delta,126F,487M,"Thorofare, Southeastern YNP",Yellowstone Delta,-,N/A,2007,unknown,N/A, Unknown,,,,Yes,Yes,
0573,573,M,g,2006,April,Yellowstone Delta,126F,487M,"Thorofare, Southeastern YNP",Yellowstone Delta,-,N/A,2007,unknown,N/A, Unknown,,,,Yes,Yes,
0574,574,F,b,2006,April,Yellowstone Delta,126F,487M,"Thorofare, Southeastern YNP",Yellowstone Delta,-,N/A,2007,unknown,N/A, Unknown,,,,Yes,Yes,
0575,575,F,g,2004,April,Yellowstone Delta,126F,487M,"Thorofare, Southeastern YNP",Yellowstone Delta,-,N/A,2010,unknown,N/A, Unknown,,,,Yes,Yes,
0576,576,F,g,2004?,?,Yellowstone Delta,126F,?,"Thorofare, Southeastern YNP",Yellowstone Delta,-,N/A,2007,unknown,N/A, Unknown,,,,Yes,Yes,
0577,577,M,g,2006,April,Gibbon Meadows,537F,258M,"Gibbon Meadows, YNP",Gibbon Meadows,-,N/A,2007,unknown,N/A, Unknown,,,,Yes,Yes,
0578,578,F,b,2006,April,Gibbon Meadows,537F,258M,"Gibbon Meadows, YNP",None,-,N/A,2011,unknown,N/A, Unknown,,,,Yes,Yes,
0579,579,~,~,~,~,~,~,~,~,~,~,~,~,~,~,~,~,~,N/A,N/A,N/A,
0580,580,~,~,~,~,~,~,~,~,~,~,~,~,~,~,~,~,~,N/A,N/A,N/A,
0581,581,~,~,~,~,~,~,~,~,~,~,~,~,~,~,~,~,~,N/A,N/A,N/A,
0582,582,~,~,~,~,~,~,~,~,~,~,~,~,~,~,~,~,~,N/A,N/A,N/A,
0583,583,~,~,~,~,~,~,~,~,~,~,~,~,~,~,~,~,~,N/A,N/A,N/A,
0584,584,~,~,~,~,~,~,~,~,~,~,~,~,~,~,~,~,~,N/A,N/A,N/A,
0585,585,~,~,~,~,~,~,~,~,~,~,~,~,~,~,~,~,~,N/A,N/A,N/A,
0586,586,M,g,2002,April,Mollie's,174F,193M,"Pelican Valley, YNP",Agate Creek,-,2011,N/A,October 25,Wolf (Mollie's), Unknown,,,,Yes,Yes,
0587,587,M,g,2002,April,Mollie's,174F,193M,"Pelican Valley, YNP",None,Canyon,N/A,2011,unknown,N/A,"Craig's Pass, YNP",,,,Yes,Yes,
0588,588,F,b,2006,April,Oxbow Creek,536F,470M,"Geode Creek Area, Northern YNP",Oxbow Creek,-,2008,N/A,December 5,Natural (Malnutrition), Unknown,,,,Yes,Yes,
0589,589,F,g,2006,April,Oxbow Creek,536F,470M,"Geode Creek Area, Northern YNP",Oxbow Creek,-,2008,N/A,September 19,Wolf (Agate Creek), Unknown,,,,Yes,Yes,
0590,590,M,b,2006,April,Agate Creek,472F,113M,"Antelope Creek Area, YNP",None,-,N/A,2008,unknown,N/A, Unknown,,,,Yes,Yes,
0591,591,F,g,2006,April,Leopold,209F,534M,"Blacktail Deer Plateau, YNP",Leopold,-,2008,N/A,August 12,Wolf (Oxbow Creek or Mount Everts), Unknown,,,,Yes,Yes,
0592,592,F,g,2004,April,Leopold,209F,534M,"Blacktail Deer Plateau, YNP",None,-,2008,N/A,April 14,Wolf, Unknown,,,,Yes,Yes,
0593,593,F,g,2006,April,Leopold,209F,534M,"Blacktail Deer Plateau, YNP",Leopold,-,N/A,2008,unknown,N/A, Unknown,,,,Yes,Yes,
0594,594,~,~,~,~,~,~,~,~,~,~,~,~,~,~,~,~,~,N/A,N/A,N/A,
0595,595,~,~,~,~,~,~,~,~,~,~,~,~,~,~,~,~,~,N/A,N/A,N/A,
0596,596,~,~,~,~,~,~,~,~,~,~,~,~,~,~,~,~,~,N/A,N/A,N/A,
0597,597,~,~,~,~,~,~,~,~,~,~,~,~,~,~,~,~,~,N/A,N/A,N/A,
0598,598,~,~,~,~,~,~,~,~,~,~,~,~,~,~,~,~,~,N/A,N/A,N/A,
0599,599,~,~,~,~,~,~,~,~,~,~,~,~,~,~,~,~,~,N/A,N/A,N/A,
0600,600,~,~,~,~,~,~,~,~,~,~,~,~,~,~,~,~,~,N/A,N/A,N/A,
0601,601,~,~,~,~,~,~,~,~,~,~,~,~,~,~,~,~,~,N/A,N/A,N/A,
0602,602,~,~,~,~,~,~,~,~,~,~,~,~,~,~,~,~,~,N/A,N/A,N/A,
0603,603,~,~,~,~,~,~,~,~,~,~,~,~,~,~,~,~,~,N/A,N/A,N/A,
0604,604,~,~,~,~,~,~,~,~,~,~,~,~,~,~,~,~,~,N/A,N/A,N/A,
0605,605,~,~,~,~,~,~,~,~,~,~,~,~,~,~,~,~,~,N/A,N/A,N/A,
0606,606,~,~,~,~,~,~,~,~,~,~,~,~,~,~,~,~,~,N/A,N/A,N/A,
0607,607,~,~,~,~,~,~,~,~,~,~,~,~,~,~,~,~,~,N/A,N/A,N/A,
0608,608,~,~,~,~,~,~,~,~,~,~,~,~,~,~,~,~,~,N/A,N/A,N/A,
0609,609,~,~,~,~,~,~,~,~,~,~,~,~,~,~,~,~,~,N/A,N/A,N/A,
0610,610,~,~,~,~,~,~,~,~,~,~,~,~,~,~,~,~,~,N/A,N/A,N/A,
0611,611,~,~,~,~,~,~,~,~,~,~,~,~,~,~,~,~,~,N/A,N/A,N/A,
0612,612,~,~,~,~,~,~,~,~,~,~,~,~,~,~,~,~,~,N/A,N/A,N/A,
0613,613,~,~,~,~,~,~,~,~,~,~,~,~,~,~,~,~,~,N/A,N/A,N/A,
0614,614,~,~,~,~,~,~,~,~,~,~,~,~,~,~,~,~,~,N/A,N/A,N/A,
0615,615,~,~,~,~,~,~,~,~,~,~,~,~,~,~,~,~,~,N/A,N/A,N/A,
0616,616,~,~,~,~,~,~,~,~,~,~,~,~,~,~,~,~,~,N/A,N/A,N/A,
0617,617,~,~,~,~,~,~,~,~,~,~,~,~,~,~,~,~,~,N/A,N/A,N/A,
0618,618,~,~,~,~,~,~,~,~,~,~,~,~,~,~,~,~,~,N/A,N/A,N/A,
0619,619,~,~,~,~,~,~,~,~,~,~,~,~,~,~,~,~,~,N/A,N/A,N/A,
0620,620,~,~,~,~,~,~,~,~,~,~,~,~,~,~,~,~,~,N/A,N/A,N/A,
0621,621,~,~,~,~,~,~,~,~,~,~,~,~,~,~,~,~,~,N/A,N/A,N/A,
0622,622,~,~,~,~,~,~,~,~,~,~,~,~,~,~,~,~,~,N/A,N/A,N/A,
0623,623,M,g,2007,April,Leopold,209F,534M,"Blacktail Deer Plateau, YNP",Leopold,-,2008,N/A,November 14,Natural (Disease/ Malnutrition), Unknown,,,,Yes,Yes,
0624,624,F,b,2007,April,Leopold,209F,534M,"Blacktail Deer Plateau, YNP",Leopold,-,N/A,2008,unknown,N/A, Unknown,,,,Yes,Yes,
0625,625,F,g,2006,April,Leopold,209F,534M,"Blacktail Deer Plateau, YNP",None,-,2009,N/A,March 12,Legally Killed, Unknown,,,,Yes,Yes,
0626,626,F,g,2008,April,Oxbow Creek,536F,627M,"Geode Creek Area, Northern YNP",Oxbow Creek,-,2008,N/A,September 24,Unknown, Unknown,,,,Yes,Yes,
0627,627,M,g,2004?,?,?,?,?,Location Unknown,None,-,N/A,2008,unknown,N/A, Unknown,,,,Yes,Yes,
0628,628,M,g,2006,April,Oxbow Creek,536F,470M,"Geode Creek Area, Northern YNP",Oxbow Creek,-,2008,N/A,October 9,Natural (Disease), Unknown,,,,Yes,Yes,
0629,629,M,b,2006,April,Agate Creek,472F,113M,Location Unknown,None,Slough Creek,2007,N/A,July 28,Natural (Disease), Unknown,,,,Yes,Yes,
0630,630,F,g,2007,April,Slough Creek,380F,?,"Slough Creek Area, YNP",Slough Creek,-,2008,N/A,November 18,Wolf, Unknown,,,,Yes,Yes,
0631,631,F,b,2007,April,Slough Creek,380F,?,"Slough Creek Area, YNP",Slough Creek,-,2008,N/A,October 27,Wolf, Unknown,,,,Yes,Yes,
0632,632,F,g,2004,April,Cougar Creek,151F,257M,"Madison Valley Area, YNP",Grayling Creek,-,2009,N/A,November 5,Unknown, Unknown,Tripod,,,Yes,Yes,
0633,633,F,b,2007,April,Yellowstone Delta,126F,?,"Thorofare, Southeastern YNP",Yellowstone Delta,-,N/A,2013,unknown,N/A, Unknown,,,,Yes,Yes,
0634,634,F,b,2006,April,Yellowstone Delta,126F,487M,"Thorofare, Southeastern YNP",Yellowstone Delta,-,N/A,2008,unknown,N/A, Unknown,,,,Yes,Yes,
0635,635,F,g,2006,April,Yellowstone Delta,126F,487M,"Thorofare, Southeastern YNP",Yellowstone Delta,-,N/A,2008,unknown,N/A, Unknown,,,,Yes,Yes,
0636,636,M,g,2007,April,Cougar Creek,151F,303M,"Madison Valley Area, YNP",Mary Mountain,-,2011,N/A,December 1,Wolf (Mollie's), Unknown,,,,Yes,Yes,
0637,637,~,~,~,~,~,~,~,~,~,~,~,~,~,~,~,~,~,N/A,N/A,N/A,
0638,638,M,b,2007,April,Hayden Valley,Canyon Alpha Female,?,"Hayden Valley Area, YNP",None,-,N/A,2008,unknown,N/A, Unknown,,,,Yes,Yes,
0639,639,M,g,2006,April,Hayden Valley,540F,541M,"Hayden Valley Area, YNP",None,-,N/A,2008,unknown,N/A, Unknown,,,,Yes,Yes,
0640,640,F,g,2007,April,Mollie's,486F,193M,"Pelican Valley, YNP",Mollie's,-,N/A,2009,unknown,N/A, Unknown,,,,Yes,Yes,
0641,641,M,g,2007,April,Mollie's,486F,193M,"Pelican Valley, YNP",Agate Creek,-,2011,N/A,December 17,Wolf (Mollie's), Unknown,,,,Yes,Yes,
0642,642,F,b,2007,April,Agate Creek,472F,383M,"Antelope Creek Area, YNP",None,Blacktail,2011,N/A,October 5,Legally Killed, Unknown,,,,Yes,Yes,
0643,643,F,g,2007,April,Agate Creek,472F,383M,"Antelope Creek Area, YNP",Agate Creek,-,2008,N/A,August 4,Wolf (Druid Peak), Unknown,,,,Yes,Yes,
0644,644,F,g,2007,April,Agate Creek,472F,383M,"Antelope Creek Area, YNP",Agate Creek,-,2008,N/A,October 26,Wolf (Druid Peak), Unknown,,,,Yes,Yes,
0645,645,F,g,2007,April,Druid Peak,569F,480M,"Cache Creek Area, Upper Lamar Valley YNP",None,-,N/A,2009,unknown,N/A, Unknown,,,,Yes,Yes,
0646,646,F,g,2007,April,Gibbon Meadows,537F,258M,"Gibbon Meadows, YNP",Gibbon Meadows,-,2011,N/A,April 26,Unknown, Unknown,,,,Yes,Yes,
0647,647,M,g,2007,April,Gibbon Meadows,537F,258M,"Gibbon Meadows, YNP",Grayling Creek,-,2011,N/A,March 14,Vehicle, Unknown,,,,Yes,Yes,
0648,648,~,~,~,~,~,~,~,~,~,~,~,~,~,~,~,~,~,N/A,N/A,N/A,
0649,649,~,~,~,~,~,~,~,~,~,~,~,~,~,~,~,~,~,N/A,N/A,N/A,
0650,650,~,~,~,~,~,~,~,~,~,~,~,~,~,~,~,~,~,N/A,N/A,N/A,
0651,651,~,~,~,~,~,~,~,~,~,~,~,~,~,~,~,~,~,N/A,N/A,N/A,
0652,652,~,~,~,~,~,~,~,~,~,~,~,~,~,~,~,~,~,N/A,N/A,N/A,
0653,653,~,~,~,~,~,~,~,~,~,~,~,~,~,~,~,~,~,N/A,N/A,N/A,
0654,654,~,~,~,~,~,~,~,~,~,~,~,~,~,~,~,~,~,N/A,N/A,N/A,
0655,655,~,~,~,~,~,~,~,~,~,~,~,~,~,~,~,~,~,N/A,N/A,N/A,
0656,656,~,~,~,~,~,~,~,~,~,~,~,~,~,~,~,~,~,N/A,N/A,N/A,
0657,657,~,~,~,~,~,~,~,~,~,~,~,~,~,~,~,~,~,N/A,N/A,N/A,
0658,658,~,~,~,~,~,~,~,~,~,~,~,~,~,~,~,~,~,N/A,N/A,N/A,
0659,659,~,~,~,~,~,~,~,~,~,~,~,~,~,~,~,~,~,N/A,N/A,N/A,
0660,660,~,~,~,~,~,~,~,~,~,~,~,~,~,~,~,~,~,N/A,N/A,N/A,
0661,661,M,b,2007?,?,South Forks,?,?,Location Unknown,Yellowstone Delta,-,N/A,2013,unknown,N/A, Unknown,,,,Yes,Yes,
0662,662,~,~,~,~,~,~,~,~,~,~,~,~,~,~,~,~,~,N/A,N/A,N/A,
0663,663,M,g,2006?,?,?,?,?,Location Unknown,None,-,N/A,2008,April16,N/A, Unknown,,,,Yes,Yes,
0664,664,~,~,~,~,~,~,~,~,~,~,~,~,~,~,~,~,~,N/A,N/A,N/A,
0665,665,~,~,~,~,~,~,~,~,~,~,~,~,~,~,~,~,~,N/A,N/A,N/A,
0666,666,~,~,~,~,~,~,~,~,~,~,~,~,~,~,~,~,~,N/A,N/A,N/A,
0667,667,~,~,~,~,~,~,~,~,~,~,~,~,~,~,~,~,~,N/A,N/A,N/A,
0668,668,~,~,~,~,~,~,~,~,~,~,~,~,~,~,~,~,~,N/A,N/A,N/A,
0669,669,~,~,~,~,~,~,~,~,~,~,~,~,~,~,~,~,~,N/A,N/A,N/A,
0670,670,~,~,~,~,~,~,~,~,~,~,~,~,~,~,~,~,~,N/A,N/A,N/A,
0671,671,~,~,~,~,~,~,~,~,~,~,~,~,~,~,~,~,~,N/A,N/A,N/A,
0672,672,~,~,~,~,~,~,~,~,~,~,~,~,~,~,~,~,~,N/A,N/A,N/A,
0673,673,~,~,~,~,~,~,~,~,~,~,~,~,~,~,~,~,~,N/A,N/A,N/A,
0674,674,~,~,~,~,~,~,~,~,~,~,~,~,~,~,~,~,~,N/A,N/A,N/A,
0675,675,~,~,~,~,~,~,~,~,~,~,~,~,~,~,~,~,~,N/A,N/A,N/A,
0676,676,~,~,~,~,~,~,~,~,~,~,~,~,~,~,~,~,~,N/A,N/A,N/A,
0677,677,~,~,~,~,~,~,~,~,~,~,~,~,~,~,~,~,~,N/A,N/A,N/A,
0678,678,~,~,~,~,~,~,~,~,~,~,~,~,~,~,~,~,~,N/A,N/A,N/A,
0679,679,~,~,~,~,~,~,~,~,~,~,~,~,~,~,~,~,~,N/A,N/A,N/A,
0680,680,~,~,~,~,~,~,~,~,~,~,~,~,~,~,~,~,~,N/A,N/A,N/A,
0681,681,~,~,~,~,~,~,~,~,~,~,~,~,~,~,~,~,~,N/A,N/A,N/A,
0682,682,M,b,2006?,?,?,?,?,Location Unknown,None,Hoodoo Creek,N/A,2009,unknown,N/A, Unknown,,,,Yes,Yes,
0683,683,~,~,~,~,~,~,~,~,~,~,~,~,~,~,~,~,~,N/A,N/A,N/A,
0684,684,M,b,2008,April,Mount Everts,?,685M,"Mount Everts, YNP",None,-,N/A,2011,unknown,N/A, Unknown,,,,Yes,Yes,
0685,685,M,g,2003,April,Nez Perce,48F,72M,"Madison-Firehole Area, YNP",None,Mount Everts,N/A,2011,unknown,N/A, Unknown,,,,Yes,Yes,
0686,686,F,g,2007,April,Mollie's,486F,193M,"Pelican Valley, YNP",None,-,2013,N/A,September 15,Wolf, Unknown,,,,Yes,Yes,
0687,687,M,b,2008,April,Gibbon Meadows,537F,258M,"Gibbon Meadows, YNP",Grayling Creek,-,N/A,2009,unknown,N/A, Unknown,,,,Yes,Yes,
0688,688,M,g,2008,April,Gibbon Meadows,537F,258M,"Gibbon Meadows, YNP",Gibbon Meadows,-,N/A,2010,unknown,N/A, Unknown,,,,Yes,Yes,
0689,689,M,b,2006?,?,Gibbon Meadows,537F,?,Location Unknown,Cougar Creek,-,2014,N/A,November 5,Legally Killed, Unknown,,,,Yes,Yes,
0690,690,F,b,2008,April,Druid Peak,569F,480M,"Lamar Valley, YNP",Druid Peak,-,N/A,2009,unknown,N/A, Unknown,,,,Yes,Yes,
0691,691,F,g,2006,April,Druid Peak,529F,480M,"Round Prairie Area, Northeast YNP",None,-,2010,N/A,January 23,Wolf (Silver),Lamar Buffalo Ranch,,,,Yes,Yes,
0692,692,F,b,2006,April,Agate Creek,472F,113M,"Antelope Creek Area, YNP",None,"Blacktail, Lava Creek",2011,N/A,November 5,Illegally Killed, Unknown,,,,Yes,Yes,
0693,693,F,g,2006,April,Agate Creek,472F,113M,"Antelope Creek Area, YNP",Blacktail,-,2013,N/A,October 31,Unknown, Unknown,,,,Yes,Yes,
0694,694,F,g,2004,April,Druid Peak,286F,21M,"Lamar Valley, YNP",None,-,2009,N/A,April 14,Wolf (Cottonwood Creek),"Slough Creek, YNP",,,,Yes,Yes,
0695,695,M,b,2006?,?,?,?,?,Location Unknown,Quadrant Mountain,-,2011,N/A,November 27,Natural (Malnutrition), Unknown,,,,Yes,Yes,
0696,696,?,?,?,?,?,?,?,Location Unknown,?,-,?,?,?,?,?,,,,No,Yes,"numbered after death, death date unknown"
0697,697,M,b,2007?,?,?,?,?,Location Unknown,None,Hoodoo Creek,2009,N/A,December 29,Wolf (Mollie's),"Cache Creek Area, Upper Lamar YNP",,,,Yes,Yes,
0698,698,~,~,~,~,~,~,~,~,~,~,~,~,~,~,~,~,~,N/A,N/A,N/A,
0699,699,~,~,~,~,~,~,~,~,~,~,~,~,~,~,~,~,~,N/A,N/A,N/A,
0700,700,~,~,~,~,~,~,~,~,~,~,~,~,~,~,~,~,~,N/A,N/A,N/A,
0701,701,~,~,~,~,~,~,~,~,~,~,~,~,~,~,~,~,~,N/A,N/A,N/A,
0702,702,~,~,~,~,~,~,~,~,~,~,~,~,~,~,~,~,~,N/A,N/A,N/A,
0703,703,~,~,~,~,~,~,~,~,~,~,~,~,~,~,~,~,~,N/A,N/A,N/A,
0704,704,~,~,~,~,~,~,~,~,~,~,~,~,~,~,~,~,~,N/A,N/A,N/A,
0705,705,~,~,~,~,~,~,~,~,~,~,~,~,~,~,~,~,~,N/A,N/A,N/A,
0706,706,~,~,~,~,~,~,~,~,~,~,~,~,~,~,~,~,~,N/A,N/A,N/A,
0707,707,~,~,~,~,~,~,~,~,~,~,~,~,~,~,~,~,~,N/A,N/A,N/A,
0708,708,~,~,~,~,~,~,~,~,~,~,~,~,~,~,~,~,~,N/A,N/A,N/A,
0709,709,~,~,~,~,~,~,~,~,~,~,~,~,~,~,~,~,~,N/A,N/A,N/A,
0710,710,~,~,~,~,~,~,~,~,~,~,~,~,~,~,~,~,~,N/A,N/A,N/A,
0711,711,~,~,~,~,~,~,~,~,~,~,~,~,~,~,~,~,~,N/A,N/A,N/A,
0712,712,M,b,2006,April,Mollie's,486F,193M,"Pelican Valley, YNP",Canyon,-,N/A,2017,January ,N/A,"Mammoth Hot Springs, YNP",,,,Yes,Yes,
0713,713,F,b,2007,April,Yellowstone Delta,126F,?,"Thorofare, Southeastern YNP",Yellowstone Delta,-,N/A,2009,unknown,N/A, Unknown,,,,Yes,Yes,
0714,714,F,b,2007,April,Yellowstone Delta,126F,?,"Thorofare, Southeastern YNP",Yellowstone Delta,-,N/A,2009,unknown,N/A, Unknown,,,,Yes,Yes,
0715,715,F,g,2007,April,Agate Creek,472F,383M,"Antelope Creek Area, YNP",Agate Creek,-,2011,N/A,November 25,Wolf, Unknown,,,,Yes,Yes,
0716,716,F,b,2005,April,Slough Creek,Black Female,490M,"Slough Creek Area, YNP",None,Cottonwood,2009,N/A,September 24,Legally Killed,Outside of YNP,,,,Yes,Yes,
0717,717,~,~,~,~,~,~,~,~,~,~,~,~,~,~,~,~,~,N/A,N/A,N/A,
0718,718,~,~,~,~,~,~,~,~,~,~,~,~,~,~,~,~,~,N/A,N/A,N/A,
0719,719,~,~,~,~,~,~,~,~,~,~,~,~,~,~,~,~,~,N/A,N/A,N/A,
0720,720,~,~,~,~,~,~,~,~,~,~,~,~,~,~,~,~,~,N/A,N/A,N/A,
0721,721,~,~,~,~,~,~,~,~,~,~,~,~,~,~,~,~,~,N/A,N/A,N/A,
0722,722,~,~,~,~,~,~,~,~,~,~,~,~,~,~,~,~,~,N/A,N/A,N/A,
0723,723,~,~,~,~,~,~,~,~,~,~,~,~,~,~,~,~,~,N/A,N/A,N/A,
0724,724,~,~,~,~,~,~,~,~,~,~,~,~,~,~,~,~,~,N/A,N/A,N/A,
0725,725,~,~,~,~,~,~,~,~,~,~,~,~,~,~,~,~,~,N/A,N/A,N/A,
0726,726,~,~,~,~,~,~,~,~,~,~,~,~,~,~,~,~,~,N/A,N/A,N/A,
0727,727,~,~,~,~,~,~,~,~,~,~,~,~,~,~,~,~,~,N/A,N/A,N/A,
0728,728,~,~,~,~,~,~,~,~,~,~,~,~,~,~,~,~,~,N/A,N/A,N/A,
0729,729,~,~,~,~,~,~,~,~,~,~,~,~,~,~,~,~,~,N/A,N/A,N/A,
0730,730,~,~,~,~,~,~,~,~,~,~,~,~,~,~,~,~,~,N/A,N/A,N/A,
0731,731,~,~,~,~,~,~,~,~,~,~,~,~,~,~,~,~,~,N/A,N/A,N/A,
0732,732,~,~,~,~,~,~,~,~,~,~,~,~,~,~,~,~,~,N/A,N/A,N/A,
0733,733,~,~,~,~,~,~,~,~,~,~,~,~,~,~,~,~,~,N/A,N/A,N/A,
0734,734,~,~,~,~,~,~,~,~,~,~,~,~,~,~,~,~,~,N/A,N/A,N/A,
0735,735,~,~,~,~,~,~,~,~,~,~,~,~,~,~,~,~,~,N/A,N/A,N/A,
0736,736,~,~,~,~,~,~,~,~,~,~,~,~,~,~,~,~,~,N/A,N/A,N/A,
0737,737,~,~,~,~,~,~,~,~,~,~,~,~,~,~,~,~,~,N/A,N/A,N/A,
0738,738,~,~,~,~,~,~,~,~,~,~,~,~,~,~,~,~,~,N/A,N/A,N/A,
0739,739,~,~,~,~,~,~,~,~,~,~,~,~,~,~,~,~,~,N/A,N/A,N/A,
0740,740,~,~,~,~,~,~,~,~,~,~,~,~,~,~,~,~,~,N/A,N/A,N/A,
0741,741,~,~,~,~,~,~,~,~,~,~,~,~,~,~,~,~,~,N/A,N/A,N/A,
0742,742,~,~,~,~,~,~,~,~,~,~,~,~,~,~,~,~,~,N/A,N/A,N/A,
0743,743,~,~,~,~,~,~,~,~,~,~,~,~,~,~,~,~,~,N/A,N/A,N/A,
0744,744,~,~,~,~,~,~,~,~,~,~,~,~,~,~,~,~,~,N/A,N/A,N/A,
0745,745,~,~,~,~,~,~,~,~,~,~,~,~,~,~,~,~,~,N/A,N/A,N/A,
0746,746,~,~,~,~,~,~,~,~,~,~,~,~,~,~,~,~,~,N/A,N/A,N/A,
0747,747,~,~,~,~,~,~,~,~,~,~,~,~,~,~,~,~,~,N/A,N/A,N/A,
0748,748,~,~,~,~,~,~,~,~,~,~,~,~,~,~,~,~,~,N/A,N/A,N/A,
0749,749,~,~,~,~,~,~,~,~,~,~,~,~,~,~,~,~,~,N/A,N/A,N/A,
0750,750,~,~,~,~,~,~,~,~,~,~,~,~,~,~,~,~,~,N/A,N/A,N/A,
0751,751,~,~,~,~,~,~,~,~,~,~,~,~,~,~,~,~,~,N/A,N/A,N/A,
0752,752,F,b,2009,April,Blacktail,693F,302M,"Blacktail Deer Plateau, YNP",None,-,N/A,2011,unknown,N/A, Unknown,,,,Yes,Yes,
0753,753,F,g,2009,April,Silver,Silver Alpha Female,Silver Alpha Male,Location Unknown,Silver,-,2010,N/A,August 26,Natural (Bison), Unknown,,,,Yes,Yes,
0754,754,M,b,2008,?,?,485F,Black Male,Location Unknown,Lamar Canyon,-,2012,N/A,November 11,Legally Killed,"Crandall Creek Area, WY",,,,Yes,Yes,
0755,755,M,b,2008,?,?,485F,Black Male,Location Unknown,None,"Lamar Canyon, Wapiti Lake, Beartooth",N/A,2017,April ,N/A,"Last Seen Near East Entrance, YNP",,,,Yes,Yes,
0756,756,F,b,2007,April,Druid Peak,569F,480M,"Cache Creek Area, Upper Lamar Valley YNP",None,-,2010,N/A,February 12,Wolf, Unknown,,,,Yes,Yes,
0757,757,F,b,2009,April,Cougar Creek,478F,689M,"Madison Valley Area, YNP",None,-,N/A,2013,July ,N/A, Unknown,,,,Yes,Yes,
0758,758,M,b,2009,April,Mollie's,486F,495M,"Pelican Valley, YNP",None,Mary Mountain,2013,N/A,March 21,Wolf, Unknown,,,,Yes,Yes,
0759,759,F,g,2009,April,Mollie's,486F,495M,"Pelican Valley area, YNP",None,Junction Butte,2013,N/A,March 14,Wolf (Lamar Canyon), Unknown,,,,Yes,Yes,
0760,760,M,g,2007,April,South Forks,?,?,"South Fork Area, Wyoming",Yellowstone Delta,-,N/A,2015,unknown,N/A,"Yellowstone Delta, Thorofare Area",,,,Yes,Yes,
0761,761,F,b,2007,April,Druid Peak,569F,480M,"Cache Creek Area, Upper Lamar Valley YNP",None,-,2010,N/A,February 21,Unknown, Unknown,,,,Yes,Yes,
0762,762,M,b,2008?,?,?,?,?,Location Unknown,Madison,-,N/A,2012,unknown,N/A, Unknown,,,,Yes,Yes,
0763,763,F,g,2008,April,?,?,?,Location Unknown,Madison,-,N/A,2012,unknown,N/A, Unknown,,,,Yes,Yes,
0764,764,~,~,~,~,~,~,~,~,~,~,~,~,~,~,~,~,~,N/A,N/A,N/A,
0765,765,~,~,~,~,~,~,~,~,~,~,~,~,~,~,~,~,~,N/A,N/A,N/A,
0766,766,~,~,~,~,~,~,~,~,~,~,~,~,~,~,~,~,~,N/A,N/A,N/A,
0767,767,~,~,~,~,~,~,~,~,~,~,~,~,~,~,~,~,~,N/A,N/A,N/A,
0768,768,F,g,2009,April,Gibbon Meadows,537F,258M,"Gibbon Meadows, YNP",Gibbon Meadows,-,N/A,2010,unknown,N/A, Unknown,,,,Yes,Yes,
0769,769,M,g,2008,April,Gibbon Meadows,537F,258M,"Gibbon Meadows, YNP",Gibbon Meadows,-,N/A,2010,unknown,N/A, Unknown,,,,Yes,Yes,
0770,770,~,~,~,~,~,~,~,~,~,~,~,~,~,~,~,~,~,N/A,N/A,N/A,
0771,771,~,~,~,~,~,~,~,~,~,~,~,~,~,~,~,~,~,N/A,N/A,N/A,
0772,772,~,~,~,~,~,~,~,~,~,~,~,~,~,~,~,~,~,N/A,N/A,N/A,
0773,773,~,~,~,~,~,~,~,~,~,~,~,~,~,~,~,~,~,N/A,N/A,N/A,
0774,774,~,~,~,~,~,~,~,~,~,~,~,~,~,~,~,~,~,N/A,N/A,N/A,
0775,775,M,g,2010,April,Agate Creek,472F,641M,"Antelope Creek Area, YNP",Agate Creek,-,2011,N/A,December 22,Wolf, Unknown,,,,Yes,Yes,
0776,776,F,g,2010,April,Lamar Canyon,832F,755M (754M?),"Slough Creek, YNP",Lamar Canyon,-,N/A,2013,unknown,N/A,Unknown,,,,Yes,Yes,
0777,777,M,g,2010,April,Blacktail,693F (642F? or 692F?),778M,"Blacktail Deer Plateau, YNP",Junction Butte,Agate Creek,2012,N/A,August 11,Wolf (Mollie's), Unknown,,,,Yes,Yes,
0778,778,M,g,2007,April,Druid Peak,569F,480M (302M?),"Lamar Valley, YNP",Slip and Slide,Blacktail,2016,N/A,November ,Legally Killed,North of Yellowstone National Park,Big Brown,,,Yes,Yes,
0779,779,F,b,2010,April,Mollie's,486F,495M,"Pelican Valley, YNP",Mollie's,-,2018,N/A,April ,Unknown,"Lamar River, Lamar Valley, YNP",,,,Yes,Yes,
0780,780,M,g,2010,April,Yellowstone Delta,575F,760M,"Thorofare, Southeastern YNP",Yellowstone Delta,-,N/A,2011,unknown,N/A, Unknown,,,,Yes,Yes,
0781,781,~,~,~,~,~,~,~,~,~,~,~,~,~,~,~,~,~,N/A,N/A,N/A,
0782,782,~,~,~,~,~,~,~,~,~,~,~,~,~,~,~,~,~,N/A,N/A,N/A,
0783,783,~,~,~,~,~,~,~,~,~,~,~,~,~,~,~,~,~,N/A,N/A,N/A,
0784,784,~,~,~,~,~,~,~,~,~,~,~,~,~,~,~,~,~,N/A,N/A,N/A,
0785,785,~,~,~,~,~,~,~,~,~,~,~,~,~,~,~,~,~,N/A,N/A,N/A,
0786,786,~,~,~,~,~,~,~,~,~,~,~,~,~,~,~,~,~,N/A,N/A,N/A,
0787,787,~,~,~,~,~,~,~,~,~,~,~,~,~,~,~,~,~,N/A,N/A,N/A,
0788,788,~,~,~,~,~,~,~,~,~,~,~,~,~,~,~,~,~,N/A,N/A,N/A,
0789,789,~,~,~,~,~,~,~,~,~,~,~,~,~,~,~,~,~,N/A,N/A,N/A,
0790,790,~,~,~,~,~,~,~,~,~,~,~,~,~,~,~,~,~,N/A,N/A,N/A,
0791,791,~,~,~,~,~,~,~,~,~,~,~,~,~,~,~,~,~,N/A,N/A,N/A,
0792,792,~,~,~,~,~,~,~,~,~,~,~,~,~,~,~,~,~,N/A,N/A,N/A,
0793,793,M,?,2010?,?,?,?,?,Location Unknown,Snake River,-,2012,N/A,October,Legally Killed, Unknown,,,,No,Yes,
0794,794,F,b,2008,?,Gibbon Meadows,537F,258M,"Gibbon Meadows, YNP",Mary Mountain,-,2012,N/A,May 22,Unknown, Unknown,,,,Yes,Yes,
0795,795,~,~,~,~,~,~,~,~,~,~,~,~,~,~,~,~,~,N/A,N/A,N/A,
0796,796,~,~,~,~,~,~,~,~,~,~,~,~,~,~,~,~,~,N/A,N/A,N/A,
0797,797,~,~,~,~,~,~,~,~,~,~,~,~,~,~,~,~,~,N/A,N/A,N/A,
0798,798,~,~,~,~,~,~,~,~,~,~,~,~,~,~,~,~,~,N/A,N/A,N/A,
0799,799,~,~,~,~,~,~,~,~,~,~,~,~,~,~,~,~,~,N/A,N/A,N/A,
0800,800,~,~,~,~,~,~,~,~,~,~,~,~,~,~,~,~,~,N/A,N/A,N/A,
0801,801,~,~,~,~,~,~,~,~,~,~,~,~,~,~,~,~,~,N/A,N/A,N/A,
0802,802,~,~,~,~,~,~,~,~,~,~,~,~,~,~,~,~,~,N/A,N/A,N/A,
0803,803,~,~,~,~,~,~,~,~,~,~,~,~,~,~,~,~,~,N/A,N/A,N/A,
0804,804,~,~,~,~,~,~,~,~,~,~,~,~,~,~,~,~,~,N/A,N/A,N/A,
0805,805,~,~,~,~,~,~,~,~,~,~,~,~,~,~,~,~,~,N/A,N/A,N/A,
0806,806,~,~,~,~,~,~,~,~,~,~,~,~,~,~,~,~,~,N/A,N/A,N/A,
0807,807,~,~,~,~,~,~,~,~,~,~,~,~,~,~,~,~,~,N/A,N/A,N/A,
0808,808,~,~,~,~,~,~,~,~,~,~,~,~,~,~,~,~,~,N/A,N/A,N/A,
0809,809,~,~,~,~,~,~,~,~,~,~,~,~,~,~,~,~,~,N/A,N/A,N/A,
0810,810,~,~,~,~,~,~,~,~,~,~,~,~,~,~,~,~,~,N/A,N/A,N/A,
0811,811,~,~,~,~,~,~,~,~,~,~,~,~,~,~,~,~,~,N/A,N/A,N/A,
0812,812,~,~,~,~,~,~,~,~,~,~,~,~,~,~,~,~,~,N/A,N/A,N/A,
0813,813,~,~,~,~,~,~,~,~,~,~,~,~,~,~,~,~,~,N/A,N/A,N/A,
0814,814,~,~,~,~,~,~,~,~,~,~,~,~,~,~,~,~,~,N/A,N/A,N/A,
0815,815,~,~,~,~,~,~,~,~,~,~,~,~,~,~,~,~,~,N/A,N/A,N/A,
0816,816,~,~,~,~,~,~,~,~,~,~,~,~,~,~,~,~,~,N/A,N/A,N/A,
0817,817,~,~,~,~,~,~,~,~,~,~,~,~,~,~,~,~,~,N/A,N/A,N/A,
0818,818,F,g,2011,April,Mary Mountain,794F,636M,"Gibbon Meadows, YNP",Mary Mountain,-,2012,N/A,April 11,Wolf, Unknown,,,,Yes,Yes,
0819,819,F,g,2010,April,Mary Mountain,794F,636M,"Gibbon Meadows, YNP",Mary Mountain,-,2012,N/A,April 13,Wolf, Unknown,,,,Yes,Yes,
0820,820,F,g,2011,April,Lamar Canyon,832F,755M,"Lamar Valley, YNP",None,-,2013,N/A,August 24,Legally Killed,Northwest and Outside of YNP,,,,Yes,Yes,
0821,821,F,g,2009,April,Quadrant Mountain,469F,695M,"Gardner's Hole/Swan Lake Flat Area, YNP",Prospect Peak,8-Mile,2017,N/A,May 1,Wolf (Junction Butte),"Northwestern Little America Area, YNP",,,,Yes,Yes,
0822,822,F,b,2009?,?,Mollie's,486F,193M? or 495M?,"Pelican Valley, YNP",Mollie's,-,2012,N/A,August 3,Wolf (Lamar Canyon), Unknown,,,,Yes,Yes,
0823,823,F,g,2011,April,Mollie's,486F,495M,"Pelican Valley, YNP",Mollie's,-,2012,N/A,November 13,Legally Killed, Unknown,,,,Yes,Yes,
0824,824,M,g,2011,April,Mollie's,486F,495M,"Pelican Valley, YNP",Mollie's,-,2012,N/A,October 30,Legally Killed, Unknown,,,,Yes,Yes,
0825,825,F,b,2011,April,Cougar Creek,478F,689M,"Madison Valley Area, YNP",Cougar Creek,-,N/A,2013,unknown,N/A, Unknown,,,,Yes,Yes,
0826,826,F,g,2011,April,Mary Mountain,794F,636M,"Gibbon Meadows, YNP",None,-,N/A,2012,unknown,N/A, Unknown,,,,Yes,Yes,
0827,827,M,g,2010,April,Yellowstone Delta,575F,760M,"Thorofare, Southeastern YNP",None,-,2012,N/A,May 14,Vehicle,Southwest South Dakota,,,,Yes,Yes,
0828,828,M,g,2011,April,Yellowstone Delta,575F,760M,"Thorofare, Southeastern YNP",None,-,2013,N/A,September 8,Vehicle,"Highway 191, Northwest Edge of YNP",,,,Yes,Yes,
0829,829,F,b,2011,April,Blacktail,693F,778M,"Blacktail Deer Plateau, YNP",Blacktail,-,2012,N/A,November 1,Legally Killed, Unknown,,,,Yes,Yes,
0830,830,F,b,2009,April,Blacktail,693F,302M,"Blacktail Deer Plateau, YNP",Blacktail,-,2012,N/A,March 23,Wolf (Mollie's),Unknown,,,,Yes,Yes,
0831,831,F,b,2011,April,Canyon,Canyon Alpha Female,712M,"Hayden Valley Area, YNP",Canyon,-,2013,N/A,May 5,Legally Killed,Northwest and Outside of YNP,Daddy's Girl,,,Yes,Yes,
0832,832,F,g,2006,April,Agate Creek,472F,113M,"Antelope Creek, YNP",Lamar Canyon,Lava Creek,2012,N/A,December 6,Legally Killed,"Crandall Creek , Wyoming",06 Female,,,Yes,Yes,
0833,833,~,~,~,~,~,~,~,~,~,~,~,~,~,~,~,~,~,N/A,N/A,N/A,
0834,834,~,~,~,~,~,~,~,~,~,~,~,~,~,~,~,~,~,N/A,N/A,N/A,
0835,835,~,~,~,~,~,~,~,~,~,~,~,~,~,~,~,~,~,N/A,N/A,N/A,
0836,836,~,~,~,~,~,~,~,~,~,~,~,~,~,~,~,~,~,N/A,N/A,N/A,
0837,837,~,~,~,~,~,~,~,~,~,~,~,~,~,~,~,~,~,N/A,N/A,N/A,
0838,838,M,b,2007,April,Druid Peak,569F,480M,"Lamar Valley, YNP",Junction Butte,"Blacktail, Agate Creek",2012,N/A,June 1,Wolf (Mollie's),"Little America Area, North Central YNP",Big Blaze,,,Yes,Yes,
0839,839,~,~,~,~,~,~,~,~,~,~,~,~,~,~,~,~,~,N/A,N/A,N/A,
0840,840,~,~,~,~,~,~,~,~,~,~,~,~,~,~,~,~,~,N/A,N/A,N/A,
0841,841,~,~,~,~,~,~,~,~,~,~,~,~,~,~,~,~,~,N/A,N/A,N/A,
0842,842,~,~,~,~,~,~,~,~,~,~,~,~,~,~,~,~,~,N/A,N/A,N/A,
0843,843,~,~,~,~,~,~,~,~,~,~,~,~,~,~,~,~,~,N/A,N/A,N/A,
0844,844,~,~,~,~,~,~,~,~,~,~,~,~,~,~,~,~,~,N/A,N/A,N/A,
0845,845,~,~,~,~,~,~,~,~,~,~,~,~,~,~,~,~,~,N/A,N/A,N/A,
0846,846,~,~,~,~,~,~,~,~,~,~,~,~,~,~,~,~,~,N/A,N/A,N/A,
0847,847,~,~,~,~,~,~,~,~,~,~,~,~,~,~,~,~,~,N/A,N/A,N/A,
0848,848,~,~,~,~,~,~,~,~,~,~,~,~,~,~,~,~,~,N/A,N/A,N/A,
0849,849,~,~,~,~,~,~,~,~,~,~,~,~,~,~,~,~,~,N/A,N/A,N/A,
0850,850,~,~,~,~,~,~,~,~,~,~,~,~,~,~,~,~,~,N/A,N/A,N/A,
0851,851,~,~,~,~,~,~,~,~,~,~,~,~,~,~,~,~,~,N/A,N/A,N/A,
0852,852,~,~,~,~,~,~,~,~,~,~,~,~,~,~,~,~,~,N/A,N/A,N/A,
0853,853,~,~,~,~,~,~,~,~,~,~,~,~,~,~,~,~,~,N/A,N/A,N/A,
0854,854,~,~,~,~,~,~,~,~,~,~,~,~,~,~,~,~,~,N/A,N/A,N/A,
0855,855,~,~,~,~,~,~,~,~,~,~,~,~,~,~,~,~,~,N/A,N/A,N/A,
0856,856,M,g,2011?,?,?,?,?,Location Unknown,None,Lamar Canyon,N/A,2013,December,N/A,Wyoming,,,,No,Yes,
0857,857,~,~,~,~,~,~,~,~,~,~,~,~,~,~,~,~,~,N/A,N/A,N/A,
0858,858,~,~,~,~,~,~,~,~,~,~,~,~,~,~,~,~,~,N/A,N/A,N/A,
0859,859,M,b,2011?,?,?,?,?,Location Unknown,None,Lamar Canyon,N/A,2013,December,N/A,Wyoming,,,,No,Yes,
0860,860,~,~,~,~,~,~,~,~,~,~,~,~,~,~,~,~,~,N/A,N/A,N/A,
0861,861,~,~,~,~,~,~,~,~,~,~,~,~,~,~,~,~,~,N/A,N/A,N/A,
0862,862,~,~,~,~,~,~,~,~,~,~,~,~,~,~,~,~,~,N/A,N/A,N/A,
0863,863,~,~,~,~,~,~,~,~,~,~,~,~,~,~,~,~,~,N/A,N/A,N/A,
0864,864,~,~,~,~,~,~,~,~,~,~,~,~,~,~,~,~,~,N/A,N/A,N/A,
0865,865,~,~,~,~,~,~,~,~,~,~,~,~,~,~,~,~,~,N/A,N/A,N/A,
0866,866,~,~,~,~,~,~,~,~,~,~,~,~,~,~,~,~,~,N/A,N/A,N/A,
0867,867,~,~,~,~,~,~,~,~,~,~,~,~,~,~,~,~,~,N/A,N/A,N/A,
0868,868,~,~,~,~,~,~,~,~,~,~,~,~,~,~,~,~,~,N/A,N/A,N/A,
0869,869,M,g,2012,April,None,Ragged Tail,?,"Antelope Basin, YNP",Junction Butte,-,N/A,2014,unknown,N/A, Unknown,,,,Yes,Yes,
0870,870,F,g,2011,April,Mollie's,486F,495M,"Pelican Valley, YNP",None,Junction Butte,2015,N/A,March 18,Natural (Malnutrition),"Tower Junction, YNP",,,,Yes,Yes,
0871,871,M,b,2011?,?,?,?,?,Location Unknown,8-Mile,-,2014,N/A,October 31,Wolf (Cougar Creek), Unknown,,,,Yes,Yes,
0872,872,F,g,2011,April,Yellowstone Delta,575F,760M,"Thorofare, Southeastern YNP",Yellowstone Delta,-,N/A,2015,unknown,N/A, unknown,,,,Yes,Yes,
0873,873,~,~,~,~,~,~,~,~,~,~,~,~,~,~,~,~,~,N/A,N/A,N/A,
0874,874,~,~,~,~,~,~,~,~,~,~,~,~,~,~,~,~,~,N/A,N/A,N/A,
0875,875,~,~,~,~,~,~,~,~,~,~,~,~,~,~,~,~,~,N/A,N/A,N/A,
0876,876,~,~,~,~,~,~,~,~,~,~,~,~,~,~,~,~,~,N/A,N/A,N/A,
0877,877,~,~,~,~,~,~,~,~,~,~,~,~,~,~,~,~,~,N/A,N/A,N/A,
0878,878,~,~,~,~,~,~,~,~,~,~,~,~,~,~,~,~,~,N/A,N/A,N/A,
0879,879,~,~,~,~,~,~,~,~,~,~,~,~,~,~,~,~,~,N/A,N/A,N/A,
0880,880,~,~,~,~,~,~,~,~,~,~,~,~,~,~,~,~,~,N/A,N/A,N/A,
0881,881,~,~,~,~,~,~,~,~,~,~,~,~,~,~,~,~,~,N/A,N/A,N/A,
0882,882,~,~,~,~,~,~,~,~,~,~,~,~,~,~,~,~,~,N/A,N/A,N/A,
0883,883,~,~,~,~,~,~,~,~,~,~,~,~,~,~,~,~,~,N/A,N/A,N/A,
0884,884,~,~,~,~,~,~,~,~,~,~,~,~,~,~,~,~,~,N/A,N/A,N/A,
0885,885,~,~,~,~,~,~,~,~,~,~,~,~,~,~,~,~,~,N/A,N/A,N/A,
0886,886,~,~,~,~,~,~,~,~,~,~,~,~,~,~,~,~,~,N/A,N/A,N/A,
0887,887,~,~,~,~,~,~,~,~,~,~,~,~,~,~,~,~,~,N/A,N/A,N/A,
0888,888,~,~,~,~,~,~,~,~,~,~,~,~,~,~,~,~,~,N/A,N/A,N/A,
0889,889,F,b,2011,April,Mollie's,495F,486M,"Pelican Valley, YNP",None,Junction Butte,2014,N/A,November 5,Legally Killed,Montana,,,,Yes,Yes,
0890,890,M,b,2011,April,Blacktail,693F,778M,"Blacktail Deer Plateau, YNP",Mollie's,Junction Butte,N/A,2021,Augest,N/A,Unknown,Patch,,,Yes,Yes,Possibly died of old age
0891,891,~,~,~,~,~,~,~,~,~,~,~,~,~,~,~,~,~,N/A,N/A,N/A,
0892,892,~,~,~,~,~,~,~,~,~,~,~,~,~,~,~,~,~,N/A,N/A,N/A,
0893,893,~,~,~,~,~,~,~,~,~,~,~,~,~,~,~,~,~,N/A,N/A,N/A,
0894,894,~,~,~,~,~,~,~,~,~,~,~,~,~,~,~,~,~,N/A,N/A,N/A,
0895,895,~,~,~,~,~,~,~,~,~,~,~,~,~,~,~,~,~,N/A,N/A,N/A,
0896,896,~,~,~,~,~,~,~,~,~,~,~,~,~,~,~,~,~,N/A,N/A,N/A,
0897,897,~,~,~,~,~,~,~,~,~,~,~,~,~,~,~,~,~,N/A,N/A,N/A,
0898,898,~,~,~,~,~,~,~,~,~,~,~,~,~,~,~,~,~,N/A,N/A,N/A,
0899,899,~,~,~,~,~,~,~,~,~,~,~,~,~,~,~,~,~,N/A,N/A,N/A,
0900,900,~,~,~,~,~,~,~,~,~,~,~,~,~,~,~,~,~,N/A,N/A,N/A,
0901,901,~,~,~,~,~,~,~,~,~,~,~,~,~,~,~,~,~,N/A,N/A,N/A,
0902,902,~,~,~,~,~,~,~,~,~,~,~,~,~,~,~,~,~,N/A,N/A,N/A,
0903,903,~,~,~,~,~,~,~,~,~,~,~,~,~,~,~,~,~,N/A,N/A,N/A,
0904,904,~,~,~,~,~,~,~,~,~,~,~,~,~,~,~,~,~,N/A,N/A,N/A,
0905,905,~,~,~,~,~,~,~,~,~,~,~,~,~,~,~,~,~,N/A,N/A,N/A,
0906,906,M,b,2012,April,None,Ragged Tail,?,"Antelope Basin, YNP",Junction Butte,-,N/A,2014,unknown,N/A, Unknown,,,,Yes,Yes,
0907,907,F,g,2013,April,Junction Butte,Ragged Tail,911M,"Little America, YNP",Junction Butte,-,2024,N/A,December 25,Wolf (Rescue Creek)," Slough Creek Area, YNP",,,x,Yes,Yes,
0908,908,F,b,2013,April,8-Mile,909F,871M,"Quadrant Mountain Area, YNP",8-Mile,-,2014,N/A,February 14,Natural (Avalanche),"Sepulcher Mountain, YNP",,,,Yes,Yes,
0909,909,F,g,2009,April,Quadrant Mountain,469F,695M,"Quadrant Mountain Area, YNP",8-Mile,-,2017,N/A,April 11,Natural (Elk),"Little America, YNP",,,,Yes,Yes,
0910,910,M,b,2009,April,Cougar Creek,478F,689M,"Madison Valley Area, YNP",Cinnabar,8-Mile,N/A,2017,May 7,N/A,Unknown,,,,Yes,Yes,
0911,911,M,g,2010,April,Blacktail,693F,778M(?),"Blacktail Deer Plateau, YNP",Junction Butte,-,2016,N/A,September 15,Wolf (Prospect Peak),"Lamar Valley, YNP",Puff,,,Yes,Yes,
0912,912,~,~,~,~,~,~,~,~,~,~,~,~,~,~,~,~,~,N/A,N/A,N/A,
0913,913,~,~,~,~,~,~,~,~,~,~,~,~,~,~,~,~,~,N/A,N/A,N/A,
0914,914,~,~,~,~,~,~,~,~,~,~,~,~,~,~,~,~,~,N/A,N/A,N/A,
0915,915,~,~,~,~,~,~,~,~,~,~,~,~,~,~,~,~,~,N/A,N/A,N/A,
0916,916,M,?,2011?,?,?,?,?,Location Unknown,Willow Creek,Pahaska,2022,N/A,Fall,unknown,Unknown,,,,No,No,"From Wyoming, only information from 2022 Wolf Report"
0917,917,~,~,~,~,~,~,~,~,~,~,~,~,~,~,~,~,~,N/A,N/A,N/A,
0918,918,~,~,~,~,~,~,~,~,~,~,~,~,~,~,~,~,~,N/A,N/A,N/A,
0919,919,~,~,~,~,~,~,~,~,~,~,~,~,~,~,~,~,~,N/A,N/A,N/A,
0920,920,~,~,~,~,~,~,~,~,~,~,~,~,~,~,~,~,~,N/A,N/A,N/A,
0921,921,~,~,~,~,~,~,~,~,~,~,~,~,~,~,~,~,~,N/A,N/A,N/A,
0922,922,~,~,~,~,~,~,~,~,~,~,~,~,~,~,~,~,~,N/A,N/A,N/A,
0923,923,~,~,~,~,~,~,~,~,~,~,~,~,~,~,~,~,~,N/A,N/A,N/A,
0924,924,F,b,2013,April,Mollie's,779F,980M,"Pelican Valley, YNP",Mollie's,-,2014,N/A,January 17,Human (Handling), Unknown,,,,Yes,Yes,
0925,925,M,g,2011?,?,Pahaska,?,?,Location Unknown,Lamar Canyon,-,2015,N/A,March 8,Wolf (Prospect Peak),"Slough Creek, YNP",Big Gray,,,Yes,Yes,
0926,926,F,b,2011,April,Lamar Canyon,832F,755M,"Lamar Valley, YNP",Lamar Canyon,-,2018,N/A,November 24,Legally Killed,"Silver Gate, Montana",,,,Yes,Yes,
0927,927,~,~,~,~,~,~,~,~,~,~,~,~,~,~,~,~,~,N/A,N/A,N/A,
0928,928,~,~,~,~,~,~,~,~,~,~,~,~,~,~,~,~,~,N/A,N/A,N/A,
0929,929,~,~,~,~,~,~,~,~,~,~,~,~,~,~,~,~,~,N/A,N/A,N/A,
0930,930,~,~,~,~,~,~,~,~,~,~,~,~,~,~,~,~,~,N/A,N/A,N/A,
0931,931,~,~,~,~,~,~,~,~,~,~,~,~,~,~,~,~,~,N/A,N/A,N/A,
0932,932,M,g,2012?,?,?,?,?,Location Unknown,Snake River,-,N/A,2015,unknown,N/A, Unknown,,,,Yes,Yes,
0933,933,M,b,2016,April,Snake River,?,?,Southcentral YNP,Snake River,-,N/A,2015,unknown,N/A, Unknown,,,,Yes,Yes,
0934,934,F,g,2013,April,Snake River,?,?,Southcentral YNP,Snake River,-,N/A,2015,unknown,N/A, Unknown,,,,Yes,Yes,
0935,935,~,~,~,~,~,~,~,~,~,~,~,~,~,~,~,~,~,N/A,N/A,N/A,
0936,936,~,~,~,~,~,~,~,~,~,~,~,~,~,~,~,~,~,N/A,N/A,N/A,
0937,937,~,~,~,~,~,~,~,~,~,~,~,~,~,~,~,~,~,N/A,N/A,N/A,
0938,938,~,~,~,~,~,~,~,~,~,~,~,~,~,~,~,~,~,N/A,N/A,N/A,
0939,939,~,~,~,~,~,~,~,~,~,~,~,~,~,~,~,~,~,N/A,N/A,N/A,
0940,940,~,~,~,~,~,~,~,~,~,~,~,~,~,~,~,~,~,N/A,N/A,N/A,
0941,941,~,~,~,~,~,~,~,~,~,~,~,~,~,~,~,~,~,N/A,N/A,N/A,
0942,942,~,~,~,~,~,~,~,~,~,~,~,~,~,~,~,~,~,N/A,N/A,N/A,
0943,943,~,~,~,~,~,~,~,~,~,~,~,~,~,~,~,~,~,N/A,N/A,N/A,
0944,944,~,~,~,~,~,~,~,~,~,~,~,~,~,~,~,~,~,N/A,N/A,N/A,
0945,945,~,~,~,~,~,~,~,~,~,~,~,~,~,~,~,~,~,N/A,N/A,N/A,
0946,946,~,~,~,~,~,~,~,~,~,~,~,~,~,~,~,~,~,N/A,N/A,N/A,
0947,947,~,~,~,~,~,~,~,~,~,~,~,~,~,~,~,~,~,N/A,N/A,N/A,
0948,948,~,~,~,~,~,~,~,~,~,~,~,~,~,~,~,~,~,N/A,N/A,N/A,
0949,949,M,b,2011,April,?,?,?,Location Unknown,Lamar Canyon,Beartooth,2017,N/A,August 24,Natural (Distemper),"The Confluence in Lamar Valley, YNP",,,,Yes,Yes,
0950,950,~,~,~,~,~,~,~,~,~,~,~,~,~,~,~,~,~,N/A,N/A,N/A,
0951,951,~,~,~,~,~,~,~,~,~,~,~,~,~,~,~,~,~,N/A,N/A,N/A,
0952,952,~,~,~,~,~,~,~,~,~,~,~,~,~,~,~,~,~,N/A,N/A,N/A,
0953,953,1204,1204,1204,1204,1204,1204,1204,1204,1204,1204,1204,1204,1204,1204,1204,1204,1204,,1204,1204,
0954,954,~,~,~,~,~,~,~,~,~,~,~,~,~,~,~,~,~,N/A,N/A,N/A,
0955,955,~,~,~,~,~,~,~,~,~,~,~,~,~,~,~,~,~,N/A,N/A,N/A,
0956,956,~,~,~,~,~,~,~,~,~,~,~,~,~,~,~,~,~,N/A,N/A,N/A,
0957,957,~,~,~,~,~,~,~,~,~,~,~,~,~,~,~,~,~,N/A,N/A,N/A,
0958,958,~,~,~,~,~,~,~,~,~,~,~,~,~,~,~,~,~,N/A,N/A,N/A,
0959,959,~,~,~,~,~,~,~,~,~,~,~,~,~,~,~,~,~,N/A,N/A,N/A,
0960,960,~,~,~,~,~,~,~,~,~,~,~,~,~,~,~,~,~,N/A,N/A,N/A,
0961,961,~,~,~,~,~,~,~,~,~,~,~,~,~,~,~,~,~,N/A,N/A,N/A,
0962,962,M,b,2011,April,Cougar Creek,478F,689M,"Madison Valley Area, YNP",8-Mile,-,2019,N/A,January,Legally Killed,"Jardine, Montana",,,,Yes,Yes,
0963,963,F,g,2014,April,8-Mile,909F,871M,"Quadrant Mountain Area, YNP",None,-,N/A,2018,unknown,N/A, Unknown,,,,Yes,Yes,
0964,964,M,g,2014,April,8-Mile,909F,871M,"Blacktail Deer Plateau, YNP",Prospect Peak,-,N/A,2018,unknown,N/A, Unknown,,,,Yes,Yes,
0965,965,M,g,2012?,?,8-Mile?,?,?,Location Unknown,None,"Prospect Peak, Lamar Canyon",2016,N/A,December ,Legally Killed,North of YNP,,,,Yes,Yes,
0966,966,M,g,2014,April,8-Mile,909F,871M,"Quadrant Mountain Area, YNP",Prospect Peak,-,2017,N/A,October ,Legally Killed,North of YNP,,,,Yes,Yes,
0967,967,M,b,2014,April,Lamar Canyon,926F,925M,"Lamar Valley, YNP",None,-,2015,N/A,April ,Natural (Exposure/ Mange),Outside of YNP,,,,Yes,Yes,
0968,968,F,b,2014,April,Junction Butte,870F,890M,"Little America, YNP",None,-,2015,N/A,December 1,Legally Killed, unknown,,,,Yes,Yes,
0969,969,F,g,2013,April,Junction Butte,Ragged Tail,911M,"Little America, YNP",None,-,2020,N/A,January 10,Wolf (Junction Butte),"Slough Creek, YNP",,,,Yes,Yes,
0970,970,F,b,2011,April,Mollie's,486F,495M,"Pelican Valley, YNP",Junction Butte,-,2016,N/A,April ,Unknown,"Slough Creek, YNP",,,,Yes,Yes,
0971,971,~,~,~,~,~,~,~,~,~,~,~,~,~,~,~,~,~,N/A,N/A,N/A,
0972,972,~,~,~,~,~,~,~,~,~,~,~,~,~,~,~,~,~,N/A,N/A,N/A,
0973,973,~,~,~,~,~,~,~,~,~,~,~,~,~,~,~,~,~,N/A,N/A,N/A,
0974,974,~,~,~,~,~,~,~,~,~,~,~,~,~,~,~,~,~,N/A,N/A,N/A,
0975,975,~,~,~,~,~,~,~,~,~,~,~,~,~,~,~,~,~,N/A,N/A,N/A,
0976,976,~,~,~,~,~,~,~,~,~,~,~,~,~,~,~,~,~,N/A,N/A,N/A,
0977,977,~,~,~,~,~,~,~,~,~,~,~,~,~,~,~,~,~,N/A,N/A,N/A,
0978,978,F,g,2013,April,Mollie's,779F,980M,"Pelican Valley, YNP",None,-,N/A,2020,February ,N/A, Unknown,,,,Yes,Yes,
0979,979,F,g,2014,April,Mollie's,779F,980M,"Pelican Valley, YNP",Mollie's,-,N/A,2016,unknown,N/A, Unknown,,,,Yes,Yes,
0980,980,M,g,2010?,?,?,?,?,Location Unknown,Mollie's,-,2015,N/A,August 22,Natural (Elk),Yellowstone National Park,,,,Yes,Yes,
0981,981,~,~,~,~,~,~,~,~,~,~,~,~,~,~,~,~,~,N/A,N/A,N/A,
0982,982,~,~,~,~,~,~,~,~,~,~,~,~,~,~,~,~,~,N/A,N/A,N/A,
0983,983,~,~,~,~,~,~,~,~,~,~,~,~,~,~,~,~,~,N/A,N/A,N/A,
0984,984,~,~,~,~,~,~,~,~,~,~,~,~,~,~,~,~,~,N/A,N/A,N/A,
0985,985,~,~,~,~,~,~,~,~,~,~,~,~,~,~,~,~,~,N/A,N/A,N/A,
0986,986,~,~,~,~,~,~,~,~,~,~,~,~,~,~,~,~,~,N/A,N/A,N/A,
0987,987,~,~,~,~,~,~,~,~,~,~,~,~,~,~,~,~,~,N/A,N/A,N/A,
0988,988,~,~,~,~,~,~,~,~,~,~,~,~,~,~,~,~,~,N/A,N/A,N/A,
0989,989,~,~,~,~,~,~,~,~,~,~,~,~,~,~,~,~,~,N/A,N/A,N/A,
0990,990,~,~,~,~,~,~,~,~,~,~,~,~,~,~,~,~,~,N/A,N/A,N/A,
0991,991,~,~,~,~,~,~,~,~,~,~,~,~,~,~,~,~,~,N/A,N/A,N/A,
0992,992,M,b,2009?,?,8-Mile?,?,?,"Paradise Valley, Montana",Lamar Canyon,Prospect Peak,N/A,2016,March ,N/A,"Lamar Valley, YNP",Twin,,,Yes,Yes,
0993,993,M,b,2012,April,8-Mile,909F,871M,"Quadrant Mountain Area, YNP",Lamar Canyon,Prospect Peak,2016,N/A,June 26,Natural (Elk),"Lamar Valley, YNP",Dark Black,,,Yes,Yes,
0994,994,M,g,2015,April,Junction Butte,970F,911M,"Specimen Ridge Area, YNP",Junction Butte,-,N/A,2016,unknown,N/A, Unknown,,,,Yes,Yes,
0995,995,F,g,2014,April,Junction Butte,870F,890M,"Specimen Ridge Area, YNP",Junction Butte,-,N/A,2016,unknown,N/A, Unknown,,,,Yes,Yes,
0996,996,M,b,2015,April,Prospect Peak,821F,sw763M,"Blacktail Deer Plateau, YNP",None,Junction Butte,N/A,2021,unknown,N/A, Unknown,,,,Yes,Yes,
0997,997,~,~,~,~,~,~,~,~,~,~,~,~,~,~,~,~,~,N/A,N/A,N/A,
0998,998,~,~,~,~,~,~,~,~,~,~,~,~,~,~,~,~,~,N/A,N/A,N/A,
0999,999,~,~,~,~,~,~,~,~,~,~,~,~,~,~,~,~,~,N/A,N/A,N/A,
1000,1000,~,~,~,~,~,~,~,~,~,~,~,~,~,~,~,~,~,N/A,N/A,N/A,
1001,1001,~,~,~,~,~,~,~,~,~,~,~,~,~,~,~,~,~,N/A,N/A,N/A,
1002,1002,~,~,~,~,~,~,~,~,~,~,~,~,~,~,~,~,~,N/A,N/A,N/A,
1003,1003,~,~,~,~,~,~,~,~,~,~,~,~,~,~,~,~,~,N/A,N/A,N/A,
1004,1004,~,~,~,~,~,~,~,~,~,~,~,~,~,~,~,~,~,N/A,N/A,N/A,
1005,1005,F,b,2015,April,8-Mile,909F,BAM CC,"Quadrant Mountain Area, YNP",Carnelian Creek,Phantom Lake,2021,N/A,July 19,Unknown,unknown,,,,Yes,Yes,
1006,1006,~,~,~,~,~,~,~,~,~,~,~,~,~,~,~,~,~,N/A,N/A,N/A,
1007,1007,~,~,~,~,~,~,~,~,~,~,~,~,~,~,~,~,~,N/A,N/A,N/A,
1008,1008,~,~,~,~,~,~,~,~,~,~,~,~,~,~,~,~,~,N/A,N/A,N/A,
1009,1009,~,~,~,~,~,~,~,~,~,~,~,~,~,~,~,~,~,N/A,N/A,N/A,
1010,1010,~,~,~,~,~,~,~,~,~,~,~,~,~,~,~,~,~,N/A,N/A,N/A,
1011,1011,~,~,~,~,~,~,~,~,~,~,~,~,~,~,~,~,~,N/A,N/A,N/A,
1012,1012,M,g,2015,April,Prospect Peak,821F,sw763M,"Blacktail Deer Plateau, YNP",Prospect Peak,-,N/A,2016,unknown,N/A, Unknown,,,,Yes,Yes,
1013,1013,M,g,2015,April,Mollie's,779F,980M,"Pelican Valley, YNP",Mollie's,-,N/A,2017,May 7,N/A, Unknown,,,,Yes,Yes,
1014,1014,M,b,2013,April,Mollie's,779F,980M,"Pelican Valley, YNP",Wapiti Lake,-,2021,N/A,December,Natural,"Hayden Valley Area, YNP",,,,Yes,No,"Body not found, most likely died of natural causes"
1015,1015,M,b,2014,April,Mollie's,779F,980M,"Pelican Valley, YNP",8-Mile,Wapiti Lake,2020,N/A,unknown,Illegally Killed,unknown,,,,Yes,Yes,
1016,1016,~,~,~,~,~,~,~,~,~,~,~,~,~,~,~,~,~,N/A,N/A,N/A,
1017,1017,~,~,~,~,~,~,~,~,~,~,~,~,~,~,~,~,~,N/A,N/A,N/A,
1018,1018,~,~,~,~,~,~,~,~,~,~,~,~,~,~,~,~,~,N/A,N/A,N/A,
1019,1019,~,~,~,~,~,~,~,~,~,~,~,~,~,~,~,~,~,N/A,N/A,N/A,
1020,1020,~,~,~,~,~,~,~,~,~,~,~,~,~,~,~,~,~,N/A,N/A,N/A,
1021,1021,~,~,~,~,~,~,~,~,~,~,~,~,~,~,~,~,~,N/A,N/A,N/A,
1022,1022,~,~,~,~,~,~,~,~,~,~,~,~,~,~,~,~,~,N/A,N/A,N/A,
1023,1023,~,~,~,~,~,~,~,~,~,~,~,~,~,~,~,~,~,N/A,N/A,N/A,
1024,1024,~,~,~,~,~,~,~,~,~,~,~,~,~,~,~,~,~,N/A,N/A,N/A,
1025,1025,~,~,~,~,~,~,~,~,~,~,~,~,~,~,~,~,~,N/A,N/A,N/A,
1026,1026,~,~,~,~,~,~,~,~,~,~,~,~,~,~,~,~,~,N/A,N/A,N/A,
1027,1027,~,~,~,~,~,~,~,~,~,~,~,~,~,~,~,~,~,N/A,N/A,N/A,
1028,1028,~,~,~,~,~,~,~,~,~,~,~,~,~,~,~,~,~,N/A,N/A,N/A,
1029,1029,~,~,~,~,~,~,~,~,~,~,~,~,~,~,~,~,~,N/A,N/A,N/A,
1030,1030,~,~,~,~,~,~,~,~,~,~,~,~,~,~,~,~,~,N/A,N/A,N/A,
1031,1031,~,~,~,~,~,~,~,~,~,~,~,~,~,~,~,~,~,N/A,N/A,N/A,
1032,1032,~,~,~,~,~,~,~,~,~,~,~,~,~,~,~,~,~,N/A,N/A,N/A,
1033,1033,~,~,~,~,~,~,~,~,~,~,~,~,~,~,~,~,~,N/A,N/A,N/A,
1034,1034,~,~,~,~,~,~,~,~,~,~,~,~,~,~,~,~,~,N/A,N/A,N/A,
1035,1035,~,~,~,~,~,~,~,~,~,~,~,~,~,~,~,~,~,N/A,N/A,N/A,
1036,1036,~,~,~,~,~,~,~,~,~,~,~,~,~,~,~,~,~,N/A,N/A,N/A,
1037,1037,~,~,~,~,~,~,~,~,~,~,~,~,~,~,~,~,~,N/A,N/A,N/A,
1038,1038,~,~,~,~,~,~,~,~,~,~,~,~,~,~,~,~,~,N/A,N/A,N/A,
1039,1039,~,~,~,~,~,~,~,~,~,~,~,~,~,~,~,~,~,N/A,N/A,N/A,
1040,1040,~,~,~,~,~,~,~,~,~,~,~,~,~,~,~,~,~,N/A,N/A,N/A,
1041,1041,~,~,~,~,~,~,~,~,~,~,~,~,~,~,~,~,~,N/A,N/A,N/A,
1042,1042,~,~,~,~,~,~,~,~,~,~,~,~,~,~,~,~,~,N/A,N/A,N/A,
1043,1043,~,~,~,~,~,~,~,~,~,~,~,~,~,~,~,~,~,N/A,N/A,N/A,
1044,1044,~,~,~,~,~,~,~,~,~,~,~,~,~,~,~,~,~,N/A,N/A,N/A,
1045,1045,~,~,~,~,~,~,~,~,~,~,~,~,~,~,~,~,~,N/A,N/A,N/A,
1046,1046,~,~,~,~,~,~,~,~,~,~,~,~,~,~,~,~,~,N/A,N/A,N/A,
1047,1047,M,b,2014,April,8-Mile,909F,871M,"Blacktail Deer Plateau, YNP",Junction Butte,Prospect Peak,2021,N/A,March 21,Wolf (8-Mile),"Blacktail Deer Plateau, YNP",,,,Yes,Yes,
1048,1048,M,b,2015,April,Prospect Peak,821F,sw763M,"Blacktail Deer Plateau, YNP",Mollie's,"Junction Butte, Rescue Creek",Living,Living,Living,Living,Living,,,x,Yes,Yes,
1049,1049,F,b,2016,April,8-Mile,909F,BAM CC,"Gardner's Hole, YNP",Carnelian Creek,Phantom Lake,2020,N/A,May ,Wolf,"Black Canyon of the Yellowstone, YNP",,,,Yes,Yes,
1050,1050,F,b,2016,April,Cougar Creek,Cougar Alpha Female,?,"Madison Valley Area, YNP",Cougar Creek,-,N/A,2021,unknown,N/A, Unknown,,,,Yes,Yes,"The Cougar Creek pack is hard to track, so it's hard to say when a spcific wolf goes missing"
1051,1051,M,b,2016,April,Cougar Creek,Cougar Alpha Female,?,"Madison Valley Area, YNP",Cougar Creek,-,N/A,2021,unknown,N/A, Unknown,,,,Yes,No,"The Cougar Creek pack is hard to track, so it's hard to say when a spcific wolf goes missing"
1052,1052,~,~,~,~,~,~,~,~,~,~,~,~,~,~,~,~,~,N/A,N/A,N/A,
1053,1053,~,~,~,~,~,~,~,~,~,~,~,~,~,~,~,~,~,N/A,N/A,N/A,
1054,1054,~,~,~,~,~,~,~,~,~,~,~,~,~,~,~,~,~,N/A,N/A,N/A,
1055,1055,~,~,~,~,~,~,~,~,~,~,~,~,~,~,~,~,~,N/A,N/A,N/A,
1056,1056,~,~,~,~,~,~,~,~,~,~,~,~,~,~,~,~,~,N/A,N/A,N/A,
1057,1057,~,~,~,~,~,~,~,~,~,~,~,~,~,~,~,~,~,N/A,N/A,N/A,
1058,1058,~,~,~,~,~,~,~,~,~,~,~,~,~,~,~,~,~,N/A,N/A,N/A,
1059,1059,~,~,~,~,~,~,~,~,~,~,~,~,~,~,~,~,~,N/A,N/A,N/A,
1060,1060,~,~,~,~,~,~,~,~,~,~,~,~,~,~,~,~,~,N/A,N/A,N/A,
1061,1061,~,~,~,~,~,~,~,~,~,~,~,~,~,~,~,~,~,N/A,N/A,N/A,
1062,1062,~,~,~,~,~,~,~,~,~,~,~,~,~,~,~,~,~,N/A,N/A,N/A,
1063,1063,~,~,~,~,~,~,~,~,~,~,~,~,~,~,~,~,~,N/A,N/A,N/A,
1064,1064,~,~,~,~,~,~,~,~,~,~,~,~,~,~,~,~,~,N/A,N/A,N/A,
1065,1065,~,~,~,~,~,~,~,~,~,~,~,~,~,~,~,~,~,N/A,N/A,N/A,
1066,1066,~,~,~,~,~,~,~,~,~,~,~,~,~,~,~,~,~,N/A,N/A,N/A,
1067,1067,~,~,~,~,~,~,~,~,~,~,~,~,~,~,~,~,~,N/A,N/A,N/A,
1068,1068,~,~,~,~,~,~,~,~,~,~,~,~,~,~,~,~,~,N/A,N/A,N/A,
1069,1069,~,~,~,~,~,~,~,~,~,~,~,~,~,~,~,~,~,N/A,N/A,N/A,
1070,1070,~,~,~,~,~,~,~,~,~,~,~,~,~,~,~,~,~,N/A,N/A,N/A,
1071,1071,~,~,~,~,~,~,~,~,~,~,~,~,~,~,~,~,~,N/A,N/A,N/A,
1072,1072,~,~,~,~,~,~,~,~,~,~,~,~,~,~,~,~,~,N/A,N/A,N/A,
1073,1073,~,~,~,~,~,~,~,~,~,~,~,~,~,~,~,~,~,N/A,N/A,N/A,
1074,1074,~,~,~,~,~,~,~,~,~,~,~,~,~,~,~,~,~,N/A,N/A,N/A,
1075,1075,~,~,~,~,~,~,~,~,~,~,~,~,~,~,~,~,~,N/A,N/A,N/A,
1076,1076,~,~,~,~,~,~,~,~,~,~,~,~,~,~,~,~,~,N/A,N/A,N/A,
1077,1077,~,~,~,~,~,~,~,~,~,~,~,~,~,~,~,~,~,N/A,N/A,N/A,
1078,1078,~,~,~,~,~,~,~,~,~,~,~,~,~,~,~,~,~,N/A,N/A,N/A,
1079,1079,~,~,~,~,~,~,~,~,~,~,~,~,~,~,~,~,~,N/A,N/A,N/A,
1080,1080,~,~,~,~,~,~,~,~,~,~,~,~,~,~,~,~,~,N/A,N/A,N/A,
1081,1081,~,~,~,~,~,~,~,~,~,~,~,~,~,~,~,~,~,N/A,N/A,N/A,
1082,1082,M,b,2014?,?,?,?,?,Location Unknown,Snake River,-,N/A,2018,unknown,N/A,Wyoming,,,,Yes,Yes,
1083,1083,F,b,2011,April,?,?,?,Location Unknown,Snake River,-,2017,N/A,August 21,Unknown,Southern YNP,,,,Yes,Yes,
1084,1084,F,b,2016,April,Snake River,?,?,"Southern Boundary Area, YNP",Snake River,-,N/A,2018,unknown,N/A,Wyoming,,,,Yes,Yes,
1085,1085,~,~,~,~,~,~,~,~,~,~,~,~,~,~,~,~,~,N/A,N/A,N/A,
1086,1086,~,~,~,~,~,~,~,~,~,~,~,~,~,~,~,~,~,N/A,N/A,N/A,
1087,1087,~,~,~,~,~,~,~,~,~,~,~,~,~,~,~,~,~,N/A,N/A,N/A,
1088,1088,~,~,~,~,~,~,~,~,~,~,~,~,~,~,~,~,~,N/A,N/A,N/A,
1089,1089,~,~,~,~,~,~,~,~,~,~,~,~,~,~,~,~,~,N/A,N/A,N/A,
1090,1090,F,b,2014,April,Mollie's,779F,980M,"Pelican Valley, YNP",None*,-,Living,Living,Living,Living,Living,,,x,Yes,Yes,Loner in the 2023 Wolf Report but listed as a Mollie's wolf on the 2024 Wolf Chart
1091,1091,F,g,2015,April,Wapiti Lake,Wapiti Alpha Female,755M,"Hayden Valley, YNP",Wapiti Lake,-,2018,N/A,January 3,Unknown,"Hayden Valley, YNP",Yearling Female,,,Yes,Yes,
1092,1092,~,~,~,~,~,~,~,~,~,~,~,~,~,~,~,~,~,N/A,N/A,N/A,
1093,1093,~,~,~,~,~,~,~,~,~,~,~,~,~,~,~,~,~,N/A,N/A,N/A,
1094,1094,~,~,~,~,~,~,~,~,~,~,~,~,~,~,~,~,~,N/A,N/A,N/A,
1095,1095,~,~,~,~,~,~,~,~,~,~,~,~,~,~,~,~,~,N/A,N/A,N/A,
1096,1096,~,~,~,~,~,~,~,~,~,~,~,~,~,~,~,~,~,N/A,N/A,N/A,
1097,1097,~,~,~,~,~,~,~,~,~,~,~,~,~,~,~,~,~,N/A,N/A,N/A,
1098,1098,~,~,~,~,~,~,~,~,~,~,~,~,~,~,~,~,~,N/A,N/A,N/A,
1099,1099,~,~,~,~,~,~,~,~,~,~,~,~,~,~,~,~,~,N/A,N/A,N/A,
1100,1100,~,~,~,~,~,~,~,~,~,~,~,~,~,~,~,~,~,N/A,N/A,N/A,
1101,1101,~,~,~,~,~,~,~,~,~,~,~,~,~,~,~,~,~,N/A,N/A,N/A,
1102,1102,~,~,~,~,~,~,~,~,~,~,~,~,~,~,~,~,~,N/A,N/A,N/A,
1103,1103,~,~,~,~,~,~,~,~,~,~,~,~,~,~,~,~,~,N/A,N/A,N/A,
1104,1104,F,b,2017,April,Wapiti Lake,1091F,1015M,"Hayden Valley, YNP",Heart Lake,-,N/A,2022,unknown,N/A, Unknown,,,,Yes,Yes,Monitored by Wyoming after moving out of park
1105,1105,M,g,2017,April,Wapiti Lake,Wapiti Alpha Female (1091F?),1015M,"Hayden Valley, YNP",None,8-Mile,2020,N/A,January ,Natural (Health issues),North of YNP Boundary,,,,Yes,Yes,
1106,1106,M,g,2017,April,Wapiti Lake,Wapiti Alpha Female,1015M,"Hayden Valley, YNP",Phantom Lake,8-Mile,N/A,2022,unknown,N/A,unknown,,,,Yes,Yes,
1107,1107,M,?,2015?,?,?,?,?,Location Unknown,Crevice Lake,-,2019,N/A,unknown,Legally Killed,unknown,,,,No,Yes,
1108,1108,M,?,2015?,?,?,?,?,Location Unknown,Crevice Lake,-,2019?,N/A,unknown,Unknown,unknown,,,,No,Yes,
1109,1109,F,b,2016,April,Junction Butte,970F,911M,"Specimen Ridge, YNP",None,-,2021,N/A,November ,Legally Killed,North of YNP Boundary,,,,Yes,Yes,
1110,1110,~,~,~,~,~,~,~,~,~,~,~,~,~,~,~,~,~,N/A,N/A,N/A,
1111,1111,~,~,~,~,~,~,~,~,~,~,~,~,~,~,~,~,~,N/A,N/A,N/A,
1112,1112,~,~,~,~,~,~,~,~,~,~,~,~,~,~,~,~,~,N/A,N/A,N/A,
1113,1113,~,~,~,~,~,~,~,~,~,~,~,~,~,~,~,~,~,N/A,N/A,N/A,
1114,1114,~,~,~,~,~,~,~,~,~,~,~,~,~,~,~,~,~,N/A,N/A,N/A,
1115,1115,~,~,~,~,~,~,~,~,~,~,~,~,~,~,~,~,~,N/A,N/A,N/A,
1116,1116,H,b,2012?,April?,Bechler,545F,?,Southwestern YNP,Cougar Creek,-,2018,N/A,February ,Legally Killed,Idaho,,,,Yes,Yes,'H' indicates that 1116 was a hermaphrodite with both male and female genitalia
1117,1117,M,b,2012?,April?,Bechler,545F,?,Southwestern YNP,Cougar Creek,-,N/A,2019,unknown,N/A,"Madison Valley Area, YNP",,,,Yes,Yes,
1118,1118,F,g,2014,April,Mollie's,779F,980M,"Pelican Valley, YNP",None,-,2019,N/A,September ,Unknown,"Lamar Valley, YNP",,,,Yes,Yes,
1119,1119,F,g,2016,April,8-Mile,909F,BAM CC,"Gardner's Hole, YNP",Phantom Lake,-,2020,N/A,June 1,Unknown, Unknown,,,,Yes,Yes,
1120,1120,~,~,~,~,~,~,~,~,~,~,~,~,~,~,~,~,~,N/A,N/A,N/A,
1121,1121,~,~,~,~,~,~,~,~,~,~,~,~,~,~,~,~,~,N/A,N/A,N/A,
1122,1122,~,~,~,~,~,~,~,~,~,~,~,~,~,~,~,~,~,N/A,N/A,N/A,
1123,1123,~,~,~,~,~,~,~,~,~,~,~,~,~,~,~,~,~,N/A,N/A,N/A,
1124,1124,~,~,~,~,~,~,~,~,~,~,~,~,~,~,~,~,~,N/A,N/A,N/A,
1125,1125,~,~,~,~,~,~,~,~,~,~,~,~,~,~,~,~,~,N/A,N/A,N/A,
1126,1126,~,~,~,~,~,~,~,~,~,~,~,~,~,~,~,~,~,N/A,N/A,N/A,
1127,1127,~,~,~,~,~,~,~,~,~,~,~,~,~,~,~,~,~,N/A,N/A,N/A,
1128,1128,~,~,~,~,~,~,~,~,~,~,~,~,~,~,~,~,~,N/A,N/A,N/A,
1129,1129,~,~,~,~,~,~,~,~,~,~,~,~,~,~,~,~,~,N/A,N/A,N/A,
1130,1130,~,~,~,~,~,~,~,~,~,~,~,~,~,~,~,~,~,N/A,N/A,N/A,
1131,1131,~,~,~,~,~,~,~,~,~,~,~,~,~,~,~,~,~,N/A,N/A,N/A,
1132,1132,~,~,~,~,~,~,~,~,~,~,~,~,~,~,~,~,~,N/A,N/A,N/A,
1133,1133,~,~,~,~,~,~,~,~,~,~,~,~,~,~,~,~,~,N/A,N/A,N/A,
1134,1134,~,~,~,~,~,~,~,~,~,~,~,~,~,~,~,~,~,N/A,N/A,N/A,
1135,1135,~,~,~,~,~,~,~,~,~,~,~,~,~,~,~,~,~,N/A,N/A,N/A,
1136,1136,~,~,~,~,~,~,~,~,~,~,~,~,~,~,~,~,~,N/A,N/A,N/A,
1137,1137,~,~,~,~,~,~,~,~,~,~,~,~,~,~,~,~,~,N/A,N/A,N/A,
1138,1138,~,~,~,~,~,~,~,~,~,~,~,~,~,~,~,~,~,N/A,N/A,N/A,
1139,1139,~,~,~,~,~,~,~,~,~,~,~,~,~,~,~,~,~,N/A,N/A,N/A,
1140,1140,~,~,~,~,~,~,~,~,~,~,~,~,~,~,~,~,~,N/A,N/A,N/A,
1141,1141,~,~,~,~,~,~,~,~,~,~,~,~,~,~,~,~,~,N/A,N/A,N/A,
1142,1142,~,~,~,~,~,~,~,~,~,~,~,~,~,~,~,~,~,N/A,N/A,N/A,
1143,1143,~,~,~,~,~,~,~,~,~,~,~,~,~,~,~,~,~,N/A,N/A,N/A,
1144,1144,~,~,~,~,~,~,~,~,~,~,~,~,~,~,~,~,~,N/A,N/A,N/A,
1145,1145,~,~,~,~,~,~,~,~,~,~,~,~,~,~,~,~,~,N/A,N/A,N/A,
1146,1146,~,~,~,~,~,~,~,~,~,~,~,~,~,~,~,~,~,N/A,N/A,N/A,
1147,1147,~,~,~,~,~,~,~,~,~,~,~,~,~,~,~,~,~,N/A,N/A,N/A,
1148,1148,~,~,~,~,~,~,~,~,~,~,~,~,~,~,~,~,~,N/A,N/A,N/A,
1149,1149,~,~,~,~,~,~,~,~,~,~,~,~,~,~,~,~,~,N/A,N/A,N/A,
1150,1150,~,~,~,~,~,~,~,~,~,~,~,~,~,~,~,~,~,N/A,N/A,N/A,
1151,1151,~,~,~,~,~,~,~,~,~,~,~,~,~,~,~,~,~,N/A,N/A,N/A,
1152,1152,~,~,~,~,~,~,~,~,~,~,~,~,~,~,~,~,~,N/A,N/A,N/A,
1153,1153,~,~,~,~,~,~,~,~,~,~,~,~,~,~,~,~,~,N/A,N/A,N/A,
1154,1154,F,b,2017,April,8-Mile,Brindle Alpha Female,BAM CC,"Gardner's Hole/Swan Lake Flat Area, YNP",Rescue Creek,-,2022,N/A,May 27,Wolf (8-Mile?),unknown,,,,Yes,Yes,
1155,1155,M,b,2014,April,Mollie's,779F,980M,"Pelican Valley, YNP",None,"Wapiti Lake, 8-Mile",2021,N/A,February ,Legally Killed,"Point of Rocks Ranch, Montana",,,,Yes,Yes,
1156,1156,M,b,2017,April,Wapiti Lake,Wapiti Alpha Female,1015M,"Hayden Valley, YNP",8-Mile,-,2020,N/A,March 10,Illegally Killed,Northern YNP,,,,Yes,Yes,"Body not found, Most likely illegely killed"
1157,1157,~,~,~,~,~,~,~,~,~,~,~,~,~,~,~,~,~,N/A,N/A,N/A,
1158,1158,~,~,~,~,~,~,~,~,~,~,~,~,~,~,~,~,~,N/A,N/A,N/A,
1159,1159,~,~,~,~,~,~,~,~,~,~,~,~,~,~,~,~,~,N/A,N/A,N/A,
1160,1160,~,~,~,~,~,~,~,~,~,~,~,~,~,~,~,~,~,N/A,N/A,N/A,
1161,1161,~,~,~,~,~,~,~,~,~,~,~,~,~,~,~,~,~,N/A,N/A,N/A,
1162,1162,~,~,~,~,~,~,~,~,~,~,~,~,~,~,~,~,~,N/A,N/A,N/A,
1163,1163,~,~,~,~,~,~,~,~,~,~,~,~,~,~,~,~,~,N/A,N/A,N/A,
1164,1164,~,~,~,~,~,~,~,~,~,~,~,~,~,~,~,~,~,N/A,N/A,N/A,
1165,1165,~,~,~,~,~,~,~,~,~,~,~,~,~,~,~,~,~,N/A,N/A,N/A,
1166,1166,~,~,~,~,~,~,~,~,~,~,~,~,~,~,~,~,~,N/A,N/A,N/A,
1167,1167,~,~,~,~,~,~,~,~,~,~,~,~,~,~,~,~,~,N/A,N/A,N/A,
1168,1168,~,~,~,~,~,~,~,~,~,~,~,~,~,~,~,~,~,N/A,N/A,N/A,
1169,1169,~,~,~,~,~,~,~,~,~,~,~,~,~,~,~,~,~,N/A,N/A,N/A,
1170,1170,~,~,~,~,~,~,~,~,~,~,~,~,~,~,~,~,~,N/A,N/A,N/A,
1171,1171,~,~,~,~,~,~,~,~,~,~,~,~,~,~,~,~,~,N/A,N/A,N/A,
1172,1172,~,~,~,~,~,~,~,~,~,~,~,~,~,~,~,~,~,N/A,N/A,N/A,
1173,1173,~,~,~,~,~,~,~,~,~,~,~,~,~,~,~,~,~,N/A,N/A,N/A,
1174,1174,~,~,~,~,~,~,~,~,~,~,~,~,~,~,~,~,~,N/A,N/A,N/A,
1175,1175,~,~,~,~,~,~,~,~,~,~,~,~,~,~,~,~,~,N/A,N/A,N/A,
1176,1176,~,~,~,~,~,~,~,~,~,~,~,~,~,~,~,~,~,N/A,N/A,N/A,
1177,1177,~,~,~,~,~,~,~,~,~,~,~,~,~,~,~,~,~,N/A,N/A,N/A,
1178,1178,~,~,~,~,~,~,~,~,~,~,~,~,~,~,~,~,~,N/A,N/A,N/A,
1179,1179,~,~,~,~,~,~,~,~,~,~,~,~,~,~,~,~,~,N/A,N/A,N/A,
1180,1180,~,~,~,~,~,~,~,~,~,~,~,~,~,~,~,~,~,N/A,N/A,N/A,
1181,1181,~,~,~,~,~,~,~,~,~,~,~,~,~,~,~,~,~,N/A,N/A,N/A,
1182,1182,~,~,~,~,~,~,~,~,~,~,~,~,~,~,~,~,~,N/A,N/A,N/A,
1183,1183,~,~,~,~,~,~,~,~,~,~,~,~,~,~,~,~,~,N/A,N/A,N/A,
1184,1184,~,~,~,~,~,~,~,~,~,~,~,~,~,~,~,~,~,N/A,N/A,N/A,
1185,1185,~,~,~,~,~,~,~,~,~,~,~,~,~,~,~,~,~,N/A,N/A,N/A,
1186,1186,~,~,~,~,~,~,~,~,~,~,~,~,~,~,~,~,~,N/A,N/A,N/A,
1187,1187,~,~,~,~,~,~,~,~,~,~,~,~,~,~,~,~,~,N/A,N/A,N/A,
1188,1188,~,~,~,~,~,~,~,~,~,~,~,~,~,~,~,~,~,N/A,N/A,N/A,
1189,1189,~,~,~,~,~,~,~,~,~,~,~,~,~,~,~,~,~,N/A,N/A,N/A,
1190,1190,~,~,~,~,~,~,~,~,~,~,~,~,~,~,~,~,~,N/A,N/A,N/A,
1191,1191,~,~,~,~,~,~,~,~,~,~,~,~,~,~,~,~,~,N/A,N/A,N/A,
1192,1192,~,~,~,~,~,~,~,~,~,~,~,~,~,~,~,~,~,N/A,N/A,N/A,
1193,1193,~,~,~,~,~,~,~,~,~,~,~,~,~,~,~,~,~,N/A,N/A,N/A,
1194,1194,~,~,~,~,~,~,~,~,~,~,~,~,~,~,~,~,~,N/A,N/A,N/A,
1195,1195,~,~,~,~,~,~,~,~,~,~,~,~,~,~,~,~,~,N/A,N/A,N/A,
1196,1196,~,~,~,~,~,~,~,~,~,~,~,~,~,~,~,~,~,N/A,N/A,N/A,
1197,1197,F,b,2018,April,Lamar Canyon,Little T (926F?),Small Dot,"Lamar Valley, YNP",Lamar Canyon,-,N/A,2019,unknown,N/A,unknown,,,,Yes,Yes,Most likely moved east out of the park
1198,1198,F,b,2018,April,Cougar Creek,1204F,1117M,"Madison River Valley, YNP",None,-,2022,N/A,October,Legally Killed,Montanta,,,,Yes,Yes,duplicated in tree
1199,1199,F,b,2018,April,Cougar Creek,1204F,1117M,"Madison River Valley, YNP",None,-,2021,N/A,April 15,Unknown,unknown,,,,Yes,Yes,duplicated in tree
1200,1200,M,b,2016,April,Cougar Creek,Cougar Alpha Female,?,"Madison River Valley, YNP",Carnelian Creek,-,N/A,2020,November?,N/A,unknown,,,,Yes,Yes,Most likely killed by 8-Mile pack
1201,1201,F,b,2018,April,Wapiti Lake,Wapiti Alpha Female,1015M,"Hayden Valley, YNP",None,-,2020,N/A,December 12,Legally Killed,unknown,,,,Yes,Yes,
1202,1202,~,~,~,~,~,~,~,~,~,~,~,~,~,~,~,~,~,N/A,N/A,N/A,
1203,1203,F,g,2017,April,Wapiti Lake,Wapiti Alpha Female,1015M,"Hayden Valley, YNP",Firehole River,-,Living,Living,Living,Living,Living,,,,Yes,Yes,
1204,1204,F,g,2013,April,Cougar Creek,478F,689M,"Madison Valley Area, YNP",Cougar Creek,-,N/A,2021,unknown,N/A, Unknown,,,,Yes,Yes,"duplicated in tree, The Cougar Creek pack is hard to track, so it's hard to say when a spcific wolf goes missing"
1205,1205,~,~,~,~,~,~,~,~,~,~,~,~,~,~,~,~,~,N/A,N/A,N/A,
1206,1206,~,~,~,~,~,~,~,~,~,~,~,~,~,~,~,~,~,N/A,N/A,N/A,
1207,1207,~,~,~,~,~,~,~,~,~,~,~,~,~,~,~,~,~,N/A,N/A,N/A,
1208,1208,~,~,~,~,~,~,~,~,~,~,~,~,~,~,~,~,~,N/A,N/A,N/A,
1209,1209,~,~,~,~,~,~,~,~,~,~,~,~,~,~,~,~,~,N/A,N/A,N/A,
1210,1210,~,~,~,~,~,~,~,~,~,~,~,~,~,~,~,~,~,N/A,N/A,N/A,
1211,1211,~,~,~,~,~,~,~,~,~,~,~,~,~,~,~,~,~,N/A,N/A,N/A,
1212,1212,~,~,~,~,~,~,~,~,~,~,~,~,~,~,~,~,~,N/A,N/A,N/A,
1213,1213,~,~,~,~,~,~,~,~,~,~,~,~,~,~,~,~,~,N/A,N/A,N/A,
1214,1214,~,~,~,~,~,~,~,~,~,~,~,~,~,~,~,~,~,N/A,N/A,N/A,
1215,1215,~,~,~,~,~,~,~,~,~,~,~,~,~,~,~,~,~,N/A,N/A,N/A,
1216,1216,~,~,~,~,~,~,~,~,~,~,~,~,~,~,~,~,~,N/A,N/A,N/A,
1217,1217,~,~,~,~,~,~,~,~,~,~,~,~,~,~,~,~,~,N/A,N/A,N/A,
1218,1218,~,~,~,~,~,~,~,~,~,~,~,~,~,~,~,~,~,N/A,N/A,N/A,
1219,1219,~,~,~,~,~,~,~,~,~,~,~,~,~,~,~,~,~,N/A,N/A,N/A,
1220,1220,~,~,~,~,~,~,~,~,~,~,~,~,~,~,~,~,~,N/A,N/A,N/A,
1221,1221,~,~,~,~,~,~,~,~,~,~,~,~,~,~,~,~,~,N/A,N/A,N/A,
1222,1222,~,~,~,~,~,~,~,~,~,~,~,~,~,~,~,~,~,N/A,N/A,N/A,
1223,1223,~,~,~,~,~,~,~,~,~,~,~,~,~,~,~,~,~,N/A,N/A,N/A,
1224,1224,~,~,~,~,~,~,~,~,~,~,~,~,~,~,~,~,~,N/A,N/A,N/A,
1225,1225,~,~,~,~,~,~,~,~,~,~,~,~,~,~,~,~,~,N/A,N/A,N/A,
1226,1226,~,~,~,~,~,~,~,~,~,~,~,~,~,~,~,~,~,N/A,N/A,N/A,
1227,1227,~,~,~,~,~,~,~,~,~,~,~,~,~,~,~,~,~,N/A,N/A,N/A,
1228,1228,F,g,2019,April,Junction Butte,907F,1047M,"Little America Area, North Central YNP",Shrimp Lake,-,Living,Living,Living,Living,Living,,,x,Yes,Yes,
1229,1229,F,b,2019,April,Junction Butte,1109F,1048M,"Specimen Ridge Area, YNP",Junction Butte,-,2023,N/A,January 13,Legally Killed,Montana,,,,Yes,Yes,
1230,1230,M,b,2019,April,8-Mile,Brindle Alpha Female,1015M,Location Unknown,Lower Gros Ventre,Carnelian Creek,N/A,2021,unknown,N/A,"Grand Teton National Park, WY",,,,No,Yes,left the park
1231,1231,M,g,2019,April,8-Mile,Brindle Alpha Female,1015M,Location Unknown,8-Mile,-,2020,N/A,March 10,Illegally Killed,Northern YNP,,,,No,Yes,"Body not found, Most likely illegely killed"
1232,1232,M,b,2019,April,8-Mile,Brindle Alpha Female,1015M,Location Unknown,Lupine Creek,-,Living,Living,Living,Living,Living,,,,No,Yes,
1233,1233,M,b,2019,April,8-Mile,Brindle Alpha Female,1015M,Location Unknown,8-Mile,-,2022,N/A,January 30,Legally Killed,Montana,,,,No,Yes,
1234,1234,M,b,2018,April,Wapiti Lake,Wapiti Alpha Female,1014M,Location Unknown,Wapiti Lake,-,2022,N/A,January 1,Legally Killed,Montana,,,,No,Yes,
1235,1235,F,b,2019,April,Wapiti Lake,Wapiti Alpha Female,1014M,"Hayden Valley, YNP",Firehole River,-,2023,N/A,December 1,Legally Killed,Idaho,,,,No,Yes,
1236,1236,M,b,2019,April,Wapiti Lake,Wapiti Alpha Female,1014M,"Hayden Valley, YNP",None,-,2020,N/A,October 26,Illegally Killed,"Grand Teton National Park, WY",,,,Yes,Yes,
1237,1237,M,g,2015?,?,?,?,?,Location Unknown,None,Mollie's,N/A,2022,unknown,N/A,unknown,,,,No,Yes,
1238,1238,M,b,2019,April,Mollie's,987F,890M,Location Unknown,Mollie's,-,2021,N/A,December 9,Legally Killed,Wyoming,,,,No,Yes,
1239,1239,F,g,2018,?,Mollie's,?,?,Location Unknown,Willow Creek,-,Living,Living,Living,Living,Living,,,x,No,Yes,
1240,1240,~,~,~,~,~,~,~,~,~,~,~,~,~,~,~,~,~,N/A,N/A,N/A,
1241,1241,~,~,~,~,~,~,~,~,~,~,~,~,~,~,~,~,~,N/A,N/A,N/A,
1242,1242,~,~,~,~,~,~,~,~,~,~,~,~,~,~,~,~,~,N/A,N/A,N/A,
1243,1243,~,~,~,~,~,~,~,~,~,~,~,~,~,~,~,~,~,N/A,N/A,N/A,
1244,1244,~,~,~,~,~,~,~,~,~,~,~,~,~,~,~,~,~,N/A,N/A,N/A,
1245,1245,~,~,~,~,~,~,~,~,~,~,~,~,~,~,~,~,~,N/A,N/A,N/A,
1246,1246,~,~,~,~,~,~,~,~,~,~,~,~,~,~,~,~,~,N/A,N/A,N/A,
1247,1247,~,~,~,~,~,~,~,~,~,~,~,~,~,~,~,~,~,N/A,N/A,N/A,
1248,1248,~,~,~,~,~,~,~,~,~,~,~,~,~,~,~,~,~,N/A,N/A,N/A,
1249,1249,~,~,~,~,~,~,~,~,~,~,~,~,~,~,~,~,~,N/A,N/A,N/A,
1250,1250,~,~,~,~,~,~,~,~,~,~,~,~,~,~,~,~,~,N/A,N/A,N/A,
1251,1251,~,~,~,~,~,~,~,~,~,~,~,~,~,~,~,~,~,N/A,N/A,N/A,
1252,1252,~,~,~,~,~,~,~,~,~,~,~,~,~,~,~,~,~,N/A,N/A,N/A,
1253,1253,~,~,~,~,~,~,~,~,~,~,~,~,~,~,~,~,~,N/A,N/A,N/A,
1254,1254,~,~,~,~,~,~,~,~,~,~,~,~,~,~,~,~,~,N/A,N/A,N/A,
1255,1255,~,~,~,~,~,~,~,~,~,~,~,~,~,~,~,~,~,N/A,N/A,N/A,
1256,1256,~,~,~,~,~,~,~,~,~,~,~,~,~,~,~,~,~,N/A,N/A,N/A,
1257,1257,~,~,~,~,~,~,~,~,~,~,~,~,~,~,~,~,~,N/A,N/A,N/A,
1258,1258,~,~,~,~,~,~,~,~,~,~,~,~,~,~,~,~,~,N/A,N/A,N/A,
1259,1259,~,~,~,~,~,~,~,~,~,~,~,~,~,~,~,~,~,N/A,N/A,N/A,
1260,1260,~,~,~,~,~,~,~,~,~,~,~,~,~,~,~,~,~,N/A,N/A,N/A,
1261,1261,~,~,~,~,~,~,~,~,~,~,~,~,~,~,~,~,~,N/A,N/A,N/A,
1262,1262,~,~,~,~,~,~,~,~,~,~,~,~,~,~,~,~,~,N/A,N/A,N/A,
1263,1263,~,~,~,~,~,~,~,~,~,~,~,~,~,~,~,~,~,N/A,N/A,N/A,
1264,1264,M,b,2019,April,Wapiti Lake,Wapiti Alpha Female,1014M,"Hayden Valley, YNP",Grand Teton,-,N/A,2021,unknown,N/A,"Grand Teton National Park, WY",,,,Yes,No,left park
1265,1265,F,g,2019,April,Wapiti Lake,Wapiti Alpha Female,1014M,"Hayden Valley, YNP",Firehole River,-,2022,N/A,July 18,Vehicle,Gibon River,,,,Yes,No,
1266,1266,M,b,2020,April,Wapiti Lake,Wapiti Alpha Female,1014M,"Hayden Valley, YNP",Wapiti Lake,-,2021,N/A,November 18,Illegally Killed,unknown,,,,Yes,No,
1267,1267,F,b,2020,April,Wapiti Lake,Wapiti Alpha Female,1014M,"Hayden Valley, YNP",Wapiti Lake,-,Living,Living,Living,Living,Living,,,x,Yes,No,
1268,1268,M,b,2019,April,8-Mile,Brindle Alpha Female,1015M,"Blacktail Deer Plateau, YNP",8-Mile,-,N/A,2020,unknown,N/A, Unknown,,,,Yes,No,
1269,1269,F,b,2019,April,8-Mile,Brindle Alpha Female,1015M,"Blacktail Deer Plateau, YNP",8-Mile,-,2021,N/A,April,Wolf (Rescue Creek),unknown,,,,Yes,No,
1270,1270,M,b,2020,April,8-Mile,Brindle Alpha Female,1015M,"Gardner's Hole, YNP",Wapiti Lake,-,Living,Living,Living,Living,Living,,,x,Yes,No,
1271,1271,F,b,2020,April,8-Mile,Brindle Alpha Female,1015M,"Gardner's Hole, YNP",8-Mile,-,2023,N/A,March 2,Wolf,unknown,,,,Yes,No,
1272,1272,M,g,2020,April,Junction Butte,907F (1382F? 1276F?),1047M,"Slough Creek, YNP",None,"Rescue Creek, Mollie's",2023,N/A,December 25,Legally Killed,unknown,,,,Yes,No,
1273,1273,M,b,2019,April,Junction Butte,907F (1382F? or 969F? or 1109F?),1047M (1048M?),"Slough Creek Area, YNP",Rescue Creek,-,Living,Living,Living,Living,Living,,,x,Yes,No,
1274,1274,M,b,2020,April,Junction Butte,1382F (907F? or 1276F?),1047M,"Slough Creek, YNP",Rescue Creek,-,2021,N/A,November ,Wolf (8-Mile),"Blacktail Deer Plateau, YNP",,,,Yes,No,
1275,1275,M,b,2020,April,Junction Butte,1276F (1382F? or 907F?),1048M,"Slough Creek, YNP",Rescue Creek,-,N/A,2021,unknown,N/A, Unknown,,,,Yes,No,
1276,1276,F,b,2018,April,Junction Butte,907F,1047M,"Little America Area, North Central YNP",Junction Butte,-,2023,N/A,October 6,Natural (starvation),unknown,Third Mother,,,Yes,No,Most likely died from a hoof kick
1277,1277,?,?,2020,April,Carnelian Creek,?,?,Northern YNP,Carnelian Creek,-,2020,N/A,December 12,Wolf (Junction Butte),unknown,,,,No,No,only in Report
1278,1278,M,g,2020,April,Junction Butte,907F (1382F? or 1276F?),1047M (1048M?),"Slough Creek, YNP",Rescue Creek,-,2023,N/A,Febuary 6,Legally Killed,Montana,,,,Yes,No,listed as a Rescue Creek wolf in 2022 Wolf Chart
1279,1279,M,g,2020,?,Carnelian Creek,?,?,Northern YNP,Carnelian Creek,-,N/A,2021,unknown,N/A, Unknown,,,,no,No,only in Report
1280,1280,~,~,~,~,~,~,~,~,~,~,~,~,~,~,~,~,~,N/A,N/A,N/A,
1281,1281,~,~,~,~,~,~,~,~,~,~,~,~,~,~,~,~,~,N/A,N/A,N/A,
1282,1282,~,~,~,~,~,~,~,~,~,~,~,~,~,~,~,~,~,N/A,N/A,N/A,
1283,1283,~,~,~,~,~,~,~,~,~,~,~,~,~,~,~,~,~,N/A,N/A,N/A,
1284,1284,~,~,~,~,~,~,~,~,~,~,~,~,~,~,~,~,~,N/A,N/A,N/A,
1285,1285,~,~,~,~,~,~,~,~,~,~,~,~,~,~,~,~,~,N/A,N/A,N/A,
1286,1286,~,~,~,~,~,~,~,~,~,~,~,~,~,~,~,~,~,N/A,N/A,N/A,
1287,1287,~,~,~,~,~,~,~,~,~,~,~,~,~,~,~,~,~,N/A,N/A,N/A,
1288,1288,~,~,~,~,~,~,~,~,~,~,~,~,~,~,~,~,~,N/A,N/A,N/A,
1289,1289,~,~,~,~,~,~,~,~,~,~,~,~,~,~,~,~,~,N/A,N/A,N/A,
1290,1290,~,~,~,~,~,~,~,~,~,~,~,~,~,~,~,~,~,N/A,N/A,N/A,
1291,1291,~,~,~,~,~,~,~,~,~,~,~,~,~,~,~,~,~,N/A,N/A,N/A,
1292,1292,~,~,~,~,~,~,~,~,~,~,~,~,~,~,~,~,~,N/A,N/A,N/A,
1293,1293,~,~,~,~,~,~,~,~,~,~,~,~,~,~,~,~,~,N/A,N/A,N/A,
1294,1294,~,~,~,~,~,~,~,~,~,~,~,~,~,~,~,~,~,N/A,N/A,N/A,
1295,1295,~,~,~,~,~,~,~,~,~,~,~,~,~,~,~,~,~,N/A,N/A,N/A,
1296,1296,~,~,~,~,~,~,~,~,~,~,~,~,~,~,~,~,~,N/A,N/A,N/A,
1297,1297,~,~,~,~,~,~,~,~,~,~,~,~,~,~,~,~,~,N/A,N/A,N/A,
1298,1298,~,~,~,~,~,~,~,~,~,~,~,~,~,~,~,~,~,N/A,N/A,N/A,
1299,1299,~,~,~,~,~,~,~,~,~,~,~,~,~,~,~,~,~,N/A,N/A,N/A,
1300,1300,~,~,~,~,~,~,~,~,~,~,~,~,~,~,~,~,~,N/A,N/A,N/A,
1301,1301,~,~,~,~,~,~,~,~,~,~,~,~,~,~,~,~,~,N/A,N/A,N/A,
1302,1302,~,~,~,~,~,~,~,~,~,~,~,~,~,~,~,~,~,N/A,N/A,N/A,
1303,1303,~,~,~,~,~,~,~,~,~,~,~,~,~,~,~,~,~,N/A,N/A,N/A,
1304,1304,~,~,~,~,~,~,~,~,~,~,~,~,~,~,~,~,~,N/A,N/A,N/A,
1305,1305,~,~,~,~,~,~,~,~,~,~,~,~,~,~,~,~,~,N/A,N/A,N/A,
1306,1306,~,~,~,~,~,~,~,~,~,~,~,~,~,~,~,~,~,N/A,N/A,N/A,
1307,1307,~,~,~,~,~,~,~,~,~,~,~,~,~,~,~,~,~,N/A,N/A,N/A,
1308,1308,~,~,~,~,~,~,~,~,~,~,~,~,~,~,~,~,~,N/A,N/A,N/A,
1309,1309,~,~,~,~,~,~,~,~,~,~,~,~,~,~,~,~,~,N/A,N/A,N/A,
1310,1310,~,~,~,~,~,~,~,~,~,~,~,~,~,~,~,~,~,N/A,N/A,N/A,
1311,1311,~,~,~,~,~,~,~,~,~,~,~,~,~,~,~,~,~,N/A,N/A,N/A,
1312,1312,~,~,~,~,~,~,~,~,~,~,~,~,~,~,~,~,~,N/A,N/A,N/A,
1313,1313,~,~,~,~,~,~,~,~,~,~,~,~,~,~,~,~,~,N/A,N/A,N/A,
1314,1314,~,~,~,~,~,~,~,~,~,~,~,~,~,~,~,~,~,N/A,N/A,N/A,
1315,1315,~,~,~,~,~,~,~,~,~,~,~,~,~,~,~,~,~,N/A,N/A,N/A,
1316,1316,~,~,~,~,~,~,~,~,~,~,~,~,~,~,~,~,~,N/A,N/A,N/A,
1317,1317,~,~,~,~,~,~,~,~,~,~,~,~,~,~,~,~,~,N/A,N/A,N/A,
1318,1318,~,~,~,~,~,~,~,~,~,~,~,~,~,~,~,~,~,N/A,N/A,N/A,
1319,1319,~,~,~,~,~,~,~,~,~,~,~,~,~,~,~,~,~,N/A,N/A,N/A,
1320,1320,~,~,~,~,~,~,~,~,~,~,~,~,~,~,~,~,~,N/A,N/A,N/A,
1321,1321,~,~,~,~,~,~,~,~,~,~,~,~,~,~,~,~,~,N/A,N/A,N/A,
1322,1322,~,~,~,~,~,~,~,~,~,~,~,~,~,~,~,~,~,N/A,N/A,N/A,
1323,1323,~,~,~,~,~,~,~,~,~,~,~,~,~,~,~,~,~,N/A,N/A,N/A,
1324,1324,~,~,~,~,~,~,~,~,~,~,~,~,~,~,~,~,~,N/A,N/A,N/A,
1325,1325,M,g,2020,?,8-Mile,?,?,Location Unknown,8-Mile,-,2022,N/A,December 31,Legally Killed,Montana,,,,No,No,
1326,1326,M,g,2019?,?,Wapiti Lake,?,?,Location Unknown,8-Mile,-,Living,Living,Living,Living,Living,,,x,No,No,
1327,1327,F,g,2020,?,8-Mile,?,?,Location Unknown,8-Mile,-,N/A,2021,unknown,N/A, Unknown,,,,No,No,only in Report
1328,1328,F,g,2020,?,8-Mile,?,?,Location Unknown,8-Mile,-,Living,Living,Living,Living,Living,,,x,No,No,
1329,1329,M,b,2020?,?,Wapiti Lake,?,?,Location Unknown,none,-,N/A,2022,unknown,N/A,Southern Wyoming,,,,No,No, llegally trapped
1330,1330,F,g,2021,?,Wapiti Lake,?,?,Location Unknown,None,-,Living,Living,Living,Living,Living,,,,No,No,
1331,1331,F,g,2021,?,Wapiti Lake,?,?,Location Unknown,Wapiti Lake,-,Living,Living,Living,Living,Living,,,x,No,No,
1332,1332,~,~,~,~,~,~,~,~,~,~,~,~,~,~,~,~,~,N/A,N/A,N/A,
1333,1333,~,~,~,~,~,~,~,~,~,~,~,~,~,~,~,~,~,N/A,N/A,N/A,
1334,1334,~,~,~,~,~,~,~,~,~,~,~,~,~,~,~,~,~,N/A,N/A,N/A,
1335,1335,~,~,~,~,~,~,~,~,~,~,~,~,~,~,~,~,~,N/A,N/A,N/A,
1336,1336,M,b,2021,April,Wapiti Lake,Wapiti Alpha Female,1014M,"Hayden Valley, YNP",None,"Wapiti Lake, Firehole River",Living,Living,Living,Living,Living,,,,Yes,No,
1337,1337,F,b,2021,April,Wapiti Lake,Wapiti Alpha Female,1014M,"Hayden Valley, YNP",Firehole River,-,2022,N/A,September 23,Legally Killed,Idaho,,,,Yes,No,
1338,1338,F,b,2020,?,Mollie's,1090F,1237M,Location Unknown,None,-,Living,Living,Living,Living,Living,,,,No,No,
1339,1339,M,g ,2020,?,Junction Butte,?,?,Location Unknown,Mollie's,-,Living,Living,Living,Living,Living,,,x,No,No,
1340,1340,M,g,2020,?,Junction Butte,?,?,Location Unknown,Junction Butte,-,Living,Living,Living,Living,Living,,,,No,No,
1341,1341,F,g,2020,?,Junction Butte,?,?,Location Unknown,None,-,Living,Living,Living,Living,Living,,,,No,No,
1342,1342,M,b,2019?,?,?,?,?,Location Unknown,Cougar Creek,-,Living,Living,Living,Living,Living,,,x,No,No,
1343,1343,F,b,2021,?,Cougar Creek,?,?,Location Unknown,Cougar Creek,-,Living,Living,Living,Living,Living,,,,No,No,
1344,1344,M,g,2021,?,Cougar Creek,?,?,Location Unknown,Cougar Creek,-,Living,Living,Living,Living,Living,,,x,No,No,
1345,1345,~,~,~,~,~,~,~,~,~,~,~,~,~,~,~,~,~,N/A,N/A,N/A,
1346,1346,~,~,~,~,~,~,~,~,~,~,~,~,~,~,~,~,~,N/A,N/A,N/A,
1347,1347,~,~,~,~,~,~,~,~,~,~,~,~,~,~,~,~,~,N/A,N/A,N/A,
1348,1348,~,~,~,~,~,~,~,~,~,~,~,~,~,~,~,~,~,N/A,N/A,N/A,
1349,1349,~,~,~,~,~,~,~,~,~,~,~,~,~,~,~,~,~,N/A,N/A,N/A,
1350,1350,~,~,~,~,~,~,~,~,~,~,~,~,~,~,~,~,~,N/A,N/A,N/A,
1351,1351,~,~,~,~,~,~,~,~,~,~,~,~,~,~,~,~,~,N/A,N/A,N/A,
1352,1352,~,~,~,~,~,~,~,~,~,~,~,~,~,~,~,~,~,N/A,N/A,N/A,
1353,1353,~,~,~,~,~,~,~,~,~,~,~,~,~,~,~,~,~,N/A,N/A,N/A,
1354,1354,~,~,~,~,~,~,~,~,~,~,~,~,~,~,~,~,~,N/A,N/A,N/A,
1355,1355,~,~,~,~,~,~,~,~,~,~,~,~,~,~,~,~,~,N/A,N/A,N/A,
1356,1356,~,~,~,~,~,~,~,~,~,~,~,~,~,~,~,~,~,N/A,N/A,N/A,
1357,1357,~,~,~,~,~,~,~,~,~,~,~,~,~,~,~,~,~,N/A,N/A,N/A,
1358,1358,~,~,~,~,~,~,~,~,~,~,~,~,~,~,~,~,~,N/A,N/A,N/A,
1359,1359,~,~,~,~,~,~,~,~,~,~,~,~,~,~,~,~,~,N/A,N/A,N/A,
1360,1360,~,~,~,~,~,~,~,~,~,~,~,~,~,~,~,~,~,N/A,N/A,N/A,
1361,1361,~,~,~,~,~,~,~,~,~,~,~,~,~,~,~,~,~,N/A,N/A,N/A,
1362,1362,~,~,~,~,~,~,~,~,~,~,~,~,~,~,~,~,~,N/A,N/A,N/A,
1363,1363,~,~,~,~,~,~,~,~,~,~,~,~,~,~,~,~,~,N/A,N/A,N/A,
1364,1364,~,~,~,~,~,~,~,~,~,~,~,~,~,~,~,~,~,N/A,N/A,N/A,
1365,1365,~,~,~,~,~,~,~,~,~,~,~,~,~,~,~,~,~,N/A,N/A,N/A,
1366,1366,~,~,~,~,~,~,~,~,~,~,~,~,~,~,~,~,~,N/A,N/A,N/A,
1367,1367,~,~,~,~,~,~,~,~,~,~,~,~,~,~,~,~,~,N/A,N/A,N/A,
1368,1368,~,~,~,~,~,~,~,~,~,~,~,~,~,~,~,~,~,N/A,N/A,N/A,
1369,1369,~,~,~,~,~,~,~,~,~,~,~,~,~,~,~,~,~,N/A,N/A,N/A,
1370,1370,~,~,~,~,~,~,~,~,~,~,~,~,~,~,~,~,~,N/A,N/A,N/A,
1371,1371,~,~,~,~,~,~,~,~,~,~,~,~,~,~,~,~,~,N/A,N/A,N/A,
1372,1372,~,~,~,~,~,~,~,~,~,~,~,~,~,~,~,~,~,N/A,N/A,N/A,
1373,1373,~,~,~,~,~,~,~,~,~,~,~,~,~,~,~,~,~,N/A,N/A,N/A,
1374,1374,~,~,~,~,~,~,~,~,~,~,~,~,~,~,~,~,~,N/A,N/A,N/A,
1375,1375,M,?,2021?,?,Beartooth,?,?,Location Unknown,Willow Creek,-,2023,N/A,December 3,Legally Killed,unknown,,,,No,No,
1376,1376,~,~,~,~,~,~,~,~,~,~,~,~,~,~,~,~,~,N/A,N/A,N/A,
1377,1377,~,~,~,~,~,~,~,~,~,~,~,~,~,~,~,~,~,N/A,N/A,N/A,
1378,1378,~,~,~,~,~,~,~,~,~,~,~,~,~,~,~,~,~,N/A,N/A,N/A,
1379,1379,~,~,~,~,~,~,~,~,~,~,~,~,~,~,~,~,~,N/A,N/A,N/A,
1380,1380,~,~,~,~,~,~,~,~,~,~,~,~,~,~,~,~,~,N/A,N/A,N/A,
1381,1381,~,~,~,~,~,~,~,~,~,~,~,~,~,~,~,~,~,N/A,N/A,N/A,
1382,1382,F,b,2016,April,Junction Butte,907F (969F?),890M,"Slough Creek Area, YNP",Junction Butte,-,2023,N/A,September 11,Natural (Elk or Bison),"Lamar Valley, YNP",Uncollared Black Female,,,Yes,Yes,
1383,1383,F,b,2021,?,Junction Butte,?,?,Location Unknown,Junction Butte,-,2023,N/A,July 7,Wolf,unknown,,,,No,No,
1384,1384,F,g,2021,?,Junction Butte,?,?,Location Unknown,None,-,Living,Living,Living,Living,Living,,,x,No,No,In a group with 4 others
1385,1385,F,b,2022,?,Junction Butte,?,?,Location Unknown,Junction Butte,-,Living,Living,Living,Living,Living,,,x,No,No,
1386,1386,F,b,2020?,?,Junction Butte,?,?,Location Unknown,Junction Butte,None,Living,Living,Living,Living,Living,,,x,No,No,
1387,1387,M,b,2022,?,Lupine Creek,?,?,Location Unknown,Lupine Creek,-,2023,N/A,Spring,Legally Killed,"southwest of Dillon, Montana",,,,No,No,
1388,1388,F,g,2022,?,Lupine Creek,?,?,Location Unknown,Lupine Creek,-,Living,Living,Living,Living,Living,,,,No,No,
1389,1389,F,g,2021,?,8-Mile,?,?,Location Unknown,8-Mile,-,Living,Living,Living,Living,Living,,,x,No,No,
1390,1390,M,g,2021,?,8-Mile,?,?,Location Unknown,8-Mile,-,Living,Living,Living,Living,Living,,,,No,No,
1391,1391,F,g,2022,?,Rescue Creek,?,?,Location Unknown,Rescue Creek,-,2023,N/A,March 5,Wolf,unknown,,,,No,No,
1392,1392,M,b,2022,?,Rescue Creek,?,?,Location Unknown,Rescue Creek,-,Living,Living,Living,Living,Living,,,x,No,No,
1393,1393,M,b,2020?,?,Junction Butte,?,?,Location Unknown,Rescue Creek,-,Living,Living,Living,Living,Living,,,x,No,No,
1394,1394,~,~,~,~,~,~,~,~,~,~,~,~,~,~,~,~,~,N/A,N/A,N/A,
1395,1395,~,~,~,~,~,~,~,~,~,~,~,~,~,~,~,~,~,N/A,N/A,N/A,
1396,1396,~,~,~,~,~,~,~,~,~,~,~,~,~,~,~,~,~,N/A,N/A,N/A,
1397,1397,~,~,~,~,~,~,~,~,~,~,~,~,~,~,~,~,~,N/A,N/A,N/A,
1398,1398,~,~,~,~,~,~,~,~,~,~,~,~,~,~,~,~,~,N/A,N/A,N/A,
1399,1399,~,~,~,~,~,~,~,~,~,~,~,~,~,~,~,~,~,N/A,N/A,N/A,
1400,1400,~,~,~,~,~,~,~,~,~,~,~,~,~,~,~,~,~,N/A,N/A,N/A,
1401,1401,~,~,~,~,~,~,~,~,~,~,~,~,~,~,~,~,~,N/A,N/A,N/A,
1402,1402,~,~,~,~,~,~,~,~,~,~,~,~,~,~,~,~,~,N/A,N/A,N/A,
1403,1403,~,~,~,~,~,~,~,~,~,~,~,~,~,~,~,~,~,N/A,N/A,N/A,
1404,1404,~,~,~,~,~,~,~,~,~,~,~,~,~,~,~,~,~,N/A,N/A,N/A,
1405,1405,~,~,~,~,~,~,~,~,~,~,~,~,~,~,~,~,~,N/A,N/A,N/A,
1406,1406,~,~,~,~,~,~,~,~,~,~,~,~,~,~,~,~,~,N/A,N/A,N/A,
1407,1407,M,b,2020?,?,Beartooth?,?,?,Location Unknown,None,Willow Creek,Living,Living,Living,Living,Living,,,x,No,No,
1408,1408,F,g,2022,?,Willow Creek,?,?,Location Unknown,Willow Creek,-,Living,Living,Living,Living,Living,,,x,No,No,
1409,1409,M,b,2020?,?,8-Mile,?,?,Location Unknown,Wapiti Lake,-,Living,Living,Living,Living,Living,,,x,No,No,
1410,1410,F,b,2021,?,Mollie's,?,?,Location Unknown,Mollie's,-,Living,Living,Living,Living,Living,,,x,No,No,
1411,1411,F,b,2022,?,Mollie's,1090?,?,Location Unknown,None*,-,Living,Living,Living,Living,Living,,,x,No,No,Loner in the 2023 Wolf Report but listed as a Mollie's wolf on the 2024 Wolf Chart
1412,1412,F,b,2022,?,Cougar Creek,?,?,Location Unknown,Cougar Creek,-,Living,Living,Living,Living,Living,,,,No,No,
1413,1413,M,b,2022,?,Cougar Creek,?,?,Location Unknown,Cougar Creek,-,Living,Living,Living,Living,Living,,,,No,No,
1414,1414,F,b,2022,?,Cougar Creek,?,?,Location Unknown,Cougar Creek,-,Living,Living,Living,Living,Living,,,x,No,No,
1415,1415,M,b,2022,?,Cougar Creek,?,?,Location Unknown,Cougar Creek,-,2023,N/A,June 5,Natural (Elk or Bison),unknown,,,,No,No,
1416,1416,~,~,~,~,~,~,~,~,~,~,~,~,~,~,~,~,~,N/A,N/A,N/A,
1417,1417,M,b,2020?,?,Beartooth,?,?,Location Unknown,Willow Creek,-,Living,Living,Living,Living,Living,,,x,No,No,
1418,1418,~,~,~,~,~,~,~,~,~,~,~,~,~,~,~,~,~,N/A,N/A,N/A,
1419,1419,~,~,~,~,~,~,~,~,~,~,~,~,~,~,~,~,~,N/A,N/A,N/A,
1420,1420,~,~,~,~,~,~,~,~,~,~,~,~,~,~,~,~,~,N/A,N/A,N/A,
1421,1421,~,~,~,~,~,~,~,~,~,~,~,~,~,~,~,~,~,N/A,N/A,N/A,
1422,1422,~,~,~,~,~,~,~,~,~,~,~,~,~,~,~,~,~,N/A,N/A,N/A,
1423,1423,~,~,~,~,~,~,~,~,~,~,~,~,~,~,~,~,~,N/A,N/A,N/A,
1424,1424,~,~,~,~,~,~,~,~,~,~,~,~,~,~,~,~,~,N/A,N/A,N/A,
1425,1425,~,~,~,~,~,~,~,~,~,~,~,~,~,~,~,~,~,N/A,N/A,N/A,
1426,1426,~,~,~,~,~,~,~,~,~,~,~,~,~,~,~,~,~,N/A,N/A,N/A,
1427,1427,~,~,~,~,~,~,~,~,~,~,~,~,~,~,~,~,~,N/A,N/A,N/A,
1428,1428,~,~,~,~,~,~,~,~,~,~,~,~,~,~,~,~,~,N/A,N/A,N/A,
1429,1429,~,~,~,~,~,~,~,~,~,~,~,~,~,~,~,~,~,N/A,N/A,N/A,
1430,1430,~,~,~,~,~,~,~,~,~,~,~,~,~,~,~,~,~,N/A,N/A,N/A,
1431,1431,~,~,~,~,~,~,~,~,~,~,~,~,~,~,~,~,~,N/A,N/A,N/A,
1432,1432,~,~,~,~,~,~,~,~,~,~,~,~,~,~,~,~,~,N/A,N/A,N/A,
1433,1433,~,~,~,~,~,~,~,~,~,~,~,~,~,~,~,~,~,N/A,N/A,N/A,
1434,1434,~,~,~,~,~,~,~,~,~,~,~,~,~,~,~,~,~,N/A,N/A,N/A,
1435,1435,M,g,2022,?,Hawk's Rest?,?,?,Location Unknown,?,Hawk's Rest?,Living*,Living*,Living*,Living*,Living*,,,,No,No,"temporarily part of 1386's group, possibly killed"
1436,1436,F,g,2022,?,Hawk's Rest?,?,?,Location Unknown,?,Hawk's Rest?,Living,Living,Living,Living,Living,,,,No,No,temporarily part of 1386's group
1437,1437,M,g,2020?,?,?,?,?,Location Unknown,None,Hawk's Rest,Living,Living,Living,Living,Living,,,,No,No,temporarily part of 1386's group
1438,1438,~,~,~,~,~,~,~,~,~,~,~,~,~,~,~,~,~,N/A,N/A,N/A,
1439,1439,~,~,~,~,~,~,~,~,~,~,~,~,~,~,~,~,~,N/A,N/A,N/A,
1440,1440,~,~,~,~,~,~,~,~,~,~,~,~,~,~,~,~,~,N/A,N/A,N/A,
1441,1441,M,b,2020*,?,Beartooth?,?,?,Location Unknown,Willow Creek,-,Living,Living,Living,Living,Living,,,x,No,No,
1442,1442,~,~,~,~,~,~,~,~,~,~,~,~,~,~,~,~,~,N/A,N/A,N/A,
1443,1443,~,~,~,~,~,~,~,~,~,~,~,~,~,~,~,~,~,N/A,N/A,N/A,
1444,1444,~,~,~,~,~,~,~,~,~,~,~,~,~,~,~,~,~,N/A,N/A,N/A,
1445,1445,~,~,~,~,~,~,~,~,~,~,~,~,~,~,~,~,~,N/A,N/A,N/A,
1446,1446,~,~,~,~,~,~,~,~,~,~,~,~,~,~,~,~,~,N/A,N/A,N/A,
1447,1447,~,~,~,~,~,~,~,~,~,~,~,~,~,~,~,~,~,N/A,N/A,N/A,
1448,1448,~,~,~,~,~,~,~,~,~,~,~,~,~,~,~,~,~,N/A,N/A,N/A,
1449,1449,~,~,~,~,~,~,~,~,~,~,~,~,~,~,~,~,~,N/A,N/A,N/A,
1450,1450,~,~,~,~,~,~,~,~,~,~,~,~,~,~,~,~,~,N/A,N/A,N/A,
1451,1451,~,~,~,~,~,~,~,~,~,~,~,~,~,~,~,~,~,N/A,N/A,N/A,
1452,1452,~,~,~,~,~,~,~,~,~,~,~,~,~,~,~,~,~,N/A,N/A,N/A,
1453,1453,~,~,~,~,~,~,~,~,~,~,~,~,~,~,~,~,~,N/A,N/A,N/A,
1454,1454,~,~,~,~,~,~,~,~,~,~,~,~,~,~,~,~,~,N/A,N/A,N/A,
1455,1455,~,~,~,~,~,~,~,~,~,~,~,~,~,~,~,~,~,N/A,N/A,N/A,
1456,1456,~,~,~,~,~,~,~,~,~,~,~,~,~,~,~,~,~,N/A,N/A,N/A,
1457,1457,~,~,~,~,~,~,~,~,~,~,~,~,~,~,~,~,~,N/A,N/A,N/A,
1458,1458,~,~,~,~,~,~,~,~,~,~,~,~,~,~,~,~,~,N/A,N/A,N/A,
1459,1459,~,~,~,~,~,~,~,~,~,~,~,~,~,~,~,~,~,N/A,N/A,N/A,
1460,1460,~,~,~,~,~,~,~,~,~,~,~,~,~,~,~,~,~,N/A,N/A,N/A,
1461,1461,~,~,~,~,~,~,~,~,~,~,~,~,~,~,~,~,~,N/A,N/A,N/A,
1462,1462,~,~,~,~,~,~,~,~,~,~,~,~,~,~,~,~,~,N/A,N/A,N/A,
1463,1463,~,~,~,~,~,~,~,~,~,~,~,~,~,~,~,~,~,N/A,N/A,N/A,
1464,1464,~,~,~,~,~,~,~,~,~,~,~,~,~,~,~,~,~,N/A,N/A,N/A,
1465,1465,~,~,~,~,~,~,~,~,~,~,~,~,~,~,~,~,~,N/A,N/A,N/A,
1466,1466,~,~,~,~,~,~,~,~,~,~,~,~,~,~,~,~,~,N/A,N/A,N/A,
1467,1467,~,~,~,~,~,~,~,~,~,~,~,~,~,~,~,~,~,N/A,N/A,N/A,
1468,1468,~,~,~,~,~,~,~,~,~,~,~,~,~,~,~,~,~,N/A,N/A,N/A,
1469,1469,~,~,~,~,~,~,~,~,~,~,~,~,~,~,~,~,~,N/A,N/A,N/A,
1470,1470,~,~,~,~,~,~,~,~,~,~,~,~,~,~,~,~,~,N/A,N/A,N/A,
1471,1471,~,~,~,~,~,~,~,~,~,~,~,~,~,~,~,~,~,N/A,N/A,N/A,
1472,1472,~,~,~,~,~,~,~,~,~,~,~,~,~,~,~,~,~,N/A,N/A,N/A,
1473,1473,~,~,~,~,~,~,~,~,~,~,~,~,~,~,~,~,~,N/A,N/A,N/A,
1474,1474,~,~,~,~,~,~,~,~,~,~,~,~,~,~,~,~,~,N/A,N/A,N/A,
1475,1475,~,~,~,~,~,~,~,~,~,~,~,~,~,~,~,~,~,N/A,N/A,N/A,
1476,1476,~,~,~,~,~,~,~,~,~,~,~,~,~,~,~,~,~,N/A,N/A,N/A,
1477,1477,F,b,2022*,?,Junction Butte,?,?,Location Unknown,Junction Butte,-,Living,Living,Living,Living,Living,,,x,No,No,
1478,1478,F,g,2022,April,Junction Butte,907,JAM,Location Unknown,Junction Butte,-,Living,Living,Living,Living,Living,,,x,Yes,No,
1479,1479,F,b,2023,April,Junction Butte,907,JAM,Location Unknown,Junction Butte,-,Living,Living,Living,Living,Living,,,x,Yes,No,
1480,1480,F,b,2020*,?,Cougar Creek,?,?,Location Unknown,Cougar Creek,-,Living,Living,Living,Living,Living,,,x,No,No,
1481,1481,M,b,2022?,?,Cougar Creek,?,?,Location Unknown,Cougar Creek,-,Living,Living,Living,Living,Living,,,x,No,No,
1482,1482,M,b,2021?,?,?,?,?,Location Unknown,Cougar Creek,-,Living,Living,Living,Living,Living,,,x,No,No,
1483,1483,M,g,2022*,?,Junction Butte,?,?,Location Unknown,Mollie's,-,Living,Living,Living,Living,Living,,,x,No,No,
1484,1484,M,g,2022*,?,Rescue Creek,?,?,Location Unknown,Rescue Creek,-,Living,Living,Living,Living,Living,,,x,No,No,
1485,1485,M,g,2022*,?,Junction Butte,?,?,Location Unknown,Mollie's,-,Living,Living,Living,Living,Living,,,x,No,No,
1486,1486,M,b,2023*,?,Wapiti Lake,?,?,Location Unknown,Wapiti Lake,-,Living,Living,Living,Living,Living,,,x,No,No,
1487,1487,F,b,2022,April,Shrimp Lake,    1228,?,"Lamar Valley, YNP",Shrimp Lake,-,Living,Living,Living,Living,Living,Black Female - Shrimp Lake,,x,Yes,No,
1488,1488,M,g,2019?,?,?,?,?,Location Unknown,Shrimp Lake,-,Living,Living,Living,Living,Living,Gray Alpha Male Shrimp Lake,,x,Yes,No,
1489,1489,M,b,2023*,?,Rescue Creek,?,?,Location Unknown,Rescue Creek,-,Living,Living,Living,Living,Living,,,x,No,No,
1490,1490,F,b,2020?*,?,8-Mile,?,?,Location Unknown,Rescue Creek,-,Living,Living,Living,Living,Living,,,x,No,No,Possibly Black Female Rescue Creek
1491,1491,F,b,2023*,?,8-Mile,?,?,Location Unknown,8-Mile,-,Living,Living,Living,Living,Living,,,x,No,No,
1492,1492,M,g,2023*,?,8-Mile,?,?,Location Unknown,8-Mile,-,Living,Living,Living,Living,Living,,,x,No,No,
1493,1493,M,g,2023*,?,8-Mile,?,?,Location Unknown,8-Mile,-,Living,Living,Living,Living,Living,,,x,No,No,
1494,1494,F,g,2022*,?,8-Mile,?,?,Location Unknown,8-Mile,-,Living,Living,Living,Living,Living,,,x,No,No,
1495,1495,F,g,2023*,?,8-Mile,?,?,Location Unknown,8-Mile,-,Living,Living,Living,Living,Living,,,x,No,No,
1496,BSA,F,b,2000?,?,?,?,?,Location Unknown,Bechler,-,N/A,2008,unknown,N/A,"Bechler Area, Southwestern YNP",Black & Silver Alpha Female,,,Yes,No,
1497,Y250,M,g,1998?,?,?,?,?,Location Unknown,Taylor Peak,-,N/A,2002,unknown,N/A,Unknown,,,,No,Yes,
1498,HB,M,b,2001,April,Druid Peak,42F,21M,"Lamar Valley, YNP",Druid Peak,-,N/A,2003,unknown,N/A,Unknown,Half- Black,,,Yes,Yes,
1499,BF SC,F,b,2001?,?,Druid Peak?,?,?,Location Unknown,Slough Creek,-,N/A,2005,unknown,N/A,Unknown,Black Female Slough Creek,,,Yes,Yes,
1500,BM,M,b,2004?,?,?,?,?,Location Unknown,None,-,N/A,2006,unknown,N/A,unknown,Black Male,,,Yes,No,
1501,CaAF,F,g,2005,April,Hayden Valley,540F,541M,"Hayden Valley Area, YNP",Canyon ,-,2017,N/A,April 11,Illegally Killed,"North Entrance Area, YNP",Canyon Alpha Female,,,Yes,Yes,
1502,SAM,M,g,2005?,?,?,?,?,Location Unknown,None,Silver,N/A,2010,unknown,N/A,Unknown,Silver Alpha Male,,,Yes,Yes,
1503,Hook,F,b,2006?,?,Slough Creek?,380F? or Black Female?,490M?,Location Unknown,Slough Creek,-,N/A,2009,unknown,N/A,Unknown,,,,Yes,Yes,
1504,SAF,F,g,2007?,?,?,?,?,Location Unknown,None,Silver,N/A,2010,unknown,N/A,Unknown,Silver Alpha Female,,,Yes,Yes,
1505,sw147,M,b,2007?,?,Agate Creek,472F,113M,"Antelope Creek Area, YNP",Silver,Lava Creek,2010,N/A,October 31,Wolf,Unknown,,,,Yes,Yes,
1506,Be F,F,g,2008,April,Bechler,Black and Silver Aplha Female,192M,Location Unknown,Bechler,-,N/A,2017,April,N/A,Unknown,Bechler Female,,,Yes,Yes,in tree as 'White Alpha Female - Bechler'
1507,WhAF,F,g,2008,April,Bechler,Black and Silver Aplha Female,192M," Bechler Area, Southwestern YNP",Bechler,-,N/A,2019,unknown,N/A,unknown,White Alpha Female,,,Yes,No,
1508,Triangle,M,b,2008,April,Druid Peak,569F,480M,"Soda Butte Creek, YNP",None,-,N/A,2010,unknown,N/A,Unknown,,,,Yes,Yes,
1509,RT,F,g,2009,April,Mollie's,486F,495M,"Pelican Valley, YNP",Junction Butte,-,N/A,2013,unknown,N/A,Unknown,Ragged- Tail,,,Yes,Yes,
1510,TS,F,g,2009,April,Quadrant Mountain,469F,695M,"Quadrant Mountain Area, YNP",Prospect Peak,8-Mile,N/A,2015,unknown,N/A,Unknown,Third Sister,,,Yes,Yes,
1511,WpAF,F,g,2010,April,Canyon,Canyon Alpha Female,712M,"Hayden Valley, YNP",Wapiti Lake,-,N/A,2021,September,N/A,"Hayden Valley Area, YNP",Wapiti Alpha Female,,,Yes,Yes,most likely died of old age
1512,MG,F,g,2010,April,Lamar Canyon,832F,755M,"Slough Creek Area, YNP",None,-,N/A,2013,November,N/A,Northeast YNP,Middle Gray,,,Yes,Yes,
1513,sw763,M,b,2010?,?,?,?,?,Location Unknown,Junction Butte,"8-Mile, Prospect Peak",N/A,2017,Febuary,N/A,"Little America, YNP",,,,Yes,Yes,
1514,Mottled,M,b,2012?,?,8-Mile?,?,?,Location Unknown,Lamar Canyon,Prospect Peak,N/A,2016,unknown,N/A,Unknown,,,,Yes,Yes,
1515,BAM CC,M,b,2012?,?,Cougar Creek,478F,689M,"Madison Valley Area, YNP",8-Mile,-,N/A,2019,unknown,N/A,Unknown,Black Alpha Male,,,Yes,Yes,
1516,CAF,F,b,2013,April,Cougar Creek,478F,689M,"Madison Valley Area, YNP",Cougar Creek,-,N/A,2019,unknown,N/A,Unknown,Cougar Alpha Female,,,Yes,Yes,
1517,BAF,F,b,2014,April,8-Mile,909F,871M,"Quadrant Mountain Area, YNP",8-Mile,-,N/A,2019,April,N/A,"Blacktail Deer Plateau, YNP",Black Alpha Female,,,No,Yes,same wolf as Brindle Alpha Female?
1518,BrAF,F,b,2014,April,8-Mile,909F,871M,"Quadrant Mountain Area, YNP",8-Mile,-,2021,N/A,December 1,Legally Killed,Montana,Brindle Alpha Female,,,Yes,Yes,killed late 2021 or early 2022?
1519,Big T,F,b,2014,April,Lamar Canyon,926F,925M,"Lamar Valley, YNP",Lamar Canyon,-,N/A,2016,unknown,N/A,"Cottonwood Creek, YNP",,,,Yes,Yes,
1520,LG,M,g,2014,April,Lamar Canyon,926F,925M,"Lamar Valley, YNP",Prospect Peak?,-,N/A,2015,unknown,N/A,"Blacktail Deer Plateau, YNP",Little Gray,,,Yes,Yes,
1521,Little T,F,b,2014,April,Lamar Canyon,926F,925M,"Lamar Valley, YNP",Lamar Canyon,-,N/A,2020,January,N/A,Unknown,,,,Yes,Yes,
1522,UGF,F,g,2014?,?,?,?,?,Location Unknown,Prospect Peak,-,N/A,2018,unknown,N/A,Unknown,Uncollared Grey Female,,,Yes,Yes,
1523,SD,M,b,2015,April,Beartooth,?,?,Location Unknown,Lamar Canyon,-,N/A,2020,January,N/A,Unknown,Small Dot,,,Yes,Yes,
1524,JAM,M,b,2015,April,Prospect Peak,821F,sw763M,"Blacktail Deer Plateau, YNP",Junction Butte,-,N/A,2024,December,N/A,"Little America, YNP",Junction Butte Pack Alpha Male,,,Yes,No,Possibly killed by Rescue Creek Pack
1525,sw5023,F,g,2015?,?,?,?,?,Location Unknown,Cinnabar,-,N/A,2017,unknown,N/A, Unknown,,,,Yes,Yes,Monitored by Montana after moving out of park
1526,BF JB,F,b,2016,April,Junction Butte,907F (969F?),?,"Slough Creek, YNP",Junction Butte,-,N/A,2017,unknown,N/A,"Specimen Ridge, YNP",Black Female,,,No,Yes,
1527,UBM,M,b,2016,April,Prospect Peak,821F,sw763M,"Blacktail Deer Plateau, YNP",Junction Butte,-,Living,Living,Living,Living,Living,Uncollared Black Male,,x,Yes,Yes,Possibly Black Alpha Male Junction Butte
1528,BM CC,M,b,2016?,?,Pahaska or Hoodoo?,?,?,Location Unknown,None,-,N/A,2018,unknown,N/A,unknown,Black Male Cub Creek Group,,,Yes,No,
1529,BFY JB,F,b,2018,April,Junction Butte,907F,1047M,Location Unknown,Junction Butte,-,N/A,2018,unknown,N/A,Unknown,Black Female Yearling,,,No,Yes,
1530,BMY,M,b,2018,April,Junction Butte,907F,1047M,Location Unknown,Junction Butte,-,N/A,2018,unknown,N/A,Unknown,Black Male Yearling,,,No,Yes,
1531,GAM,M,g,2018,April,Junction Butte,907F(?),1047M(?),"Little America Area, North Central YNP",None,Rescue Creek,Living,Living,Living,Living,Living,Gray Alpha Male,,,Yes,No,
1532,GM,M,g,2018,April,Junction Butte,907F,1047M,Location Unknown,Junction Butte,-,N/A,2018,unknown,N/A,Unknown,Gray Male Yearling,,,No,Yes,
1533,Two Dot,?,b,2018,April,Lamar Canyon,Little T,Small Dot,"Lamar Valley, YNP",Lamar Canyon,-,N/A,2019,May,N/A,Unknown,,,,Yes,Yes,
1534,BF RC,F,b,2019,April,8 Mile,BrAF,1015M,"Blacktail Deer Plateau, YNP",Rescue Creek,-,Living,Living,Living,Living,Living,Black Female Rescue Creek,,x?,Yes,No,Possibly 1490
1535,M2101,M,g,2019?,?,?,?,?,Location Unknown,None,-,N/A,2021,unknown,N/A, NW Colorado,,,,Yes,No,
1536,BAM JB,M,b,2021?,?,?,?,?,Location Unknown,Junction Butte,-,Living,Living,Living,Living,Living,Black Alpha Male Junction Butte,,x?,Yes,No,Possibly Uncollared Black Male
1537,Y1,?,b,2015,April,8-Mile,909F,BAM CC,"Quadrant Mountain Area, YNP",8-Mile,-,2016,N/A,November 23,Legally Killed,"Jardine, Montana",Male Black Yearling,,,Yes,No,
1538,Y2,F,b,2016,April,Wapiti Lake,WpAF,755M,"Hayden Valley Area, YNP",Wapiti Lake,-,N/A,2016,unknown,N/A,unknown,Black Female Yearling Wapiti Lake,,,Yes,No,
1539,Y3,F,g,2016,April,Wapiti Lake,WpAF,755M,"Hayden Valley Area, YNP",Wapiti Lake,-,N/A,2016,unknown,N/A,unknown,Gray Female Yearling Wapiti Lake,,,Yes,No,
1540,Y4,F,g,2016,April,Wapiti Lake,WpAF,755M,"Hayden Valley Area, YNP",Wapiti Lake,-,N/A,2016,unknown,N/A,unknown,Gray Female Yearling Wapiti Lake,,,Yes,No,
1541,Y5,M,g,2016,April,Wapiti Lake,WpAF,755M,"Hayden Valley Area, YNP",Wapiti Lake,-,N/A,2016,unknown,N/A,unknown,Gray Male Yearling Wapiti Lake,,,Yes,No,
1542,Y6,?,g,2018,April,Mollie's,978F,890M,"Pelican Valley, YNP",Mollie's,-,N/A,2019,unknown,N/A,unknown,Gray Yearling Mollie's,,,Yes,No,
1543,Y7,?,g,2018,April,Mollie's,978F,890M,"Pelican Valley, YNP",Mollie's,-,N/A,2019,unknown,N/A,unknown,Gray Yearling Mollie's,,,Yes,No,
1544,Y8,?,b,2019,April,Junction Butte,1109F,1048M,"Specimen Ridge, YNP",Junction Butte,-,N/A,2020,unknown,N/A,unknown,Black Yearling Junction Butte,,,Yes,No,
1545,Y9,M,g,2022,April,Shrimp Lake,1228F,GAM SL,"Lamar Valley, YNP",Shrimp Lake,-,Living,Living,Living,Living,Living,Gray Male Yearling Shrimp Lake,,,Yes,No,
1546,Y10,F,b,2022,May,Shrimp Lake,1228F,GAM SL,"Lamar Valley, YNP",Shrimp Lake,-,Living,Living,Living,Living,Living,Black Female Yearling Shrimp Lake,,,Yes,No,
1547,P7342,?,g,2000,April,Chief Joseph,33F,34M,"Cinnabar Basin, Montana, USA",Chief Joseph,-,N/A,2000,unknown,N/A,unknown,Pup?g7342,,,Yes,No,
1548,P7343,?,g,2000,April,Chief Joseph,33F,34M,"Cinnabar Basin, Montana, USA",Chief Joseph,-,N/A,2000,unknown,N/A,unknown,Pup?g7343,,,Yes,No,
1549,P7344,?,g,2000,April,Chief Joseph,33F,34M,"Cinnabar Basin, Montana, USA",Chief Joseph,-,N/A,2000,unknown,N/A,unknown,Pup?g7344,,,Yes,No,
1550,P7418,?,b,2000,April,Chief Joseph,33F,34M,"Cinnabar Basin, Montana, USA",Chief Joseph,-,N/A,2000,unknown,N/A,unknown,Pup?b7418,,,Yes,No,
1551,P7419,?,b,2000,April,Chief Joseph,33F,34M,"Cinnabar Basin, Montana, USA",Chief Joseph,-,N/A,2000,unknown,N/A,unknown,Pup?b7419,,,Yes,No,
1552,P7420,?,b,2000,April,Chief Joseph,33F,34M,"Cinnabar Basin, Montana, USA",Chief Joseph,-,N/A,2000,unknown,N/A,unknown,Pup?b7420,,,Yes,No,
1553,P7408,?,?,2000,April,Druid Peak,40F(?),21M,"Lamar Valley, YNP",Druid Peak,-,N/A,2000,unknown,N/A,unknown,Pup Druid Creek,,,Yes,No,
1554,P7409,?,?,2000,April,Druid Peak,40F(?),21M,"Lamar Valley, YNP",Druid Peak,-,N/A,2000,unknown,N/A,unknown,Pup Druid Creek,,,Yes,No,
1555,P7410,?,?,2000,April,Druid Peak,40F(?),21M,"Lamar Valley, YNP",Druid Peak,-,N/A,2000,unknown,N/A,unknown,Pup Druid Creek,,,Yes,No,
1556,P7411,?,?,2000,April,Druid Peak,40F,21M,"Lamar Valley, YNP",Druid Peak,-,N/A,2000,unknown,N/A,unknown,Pup Druid Creek,,,Yes,No,
1557,P7412,?,?,2000,April,Druid Peak,40F,21M,"Lamar Valley, YNP",Druid Peak,-,N/A,2000,unknown,N/A,unknown,Pup Druid Creek,,,Yes,No,
1558,P7413,?,?,2000,April,Druid Peak,40F,21M,"Lamar Valley, YNP",Druid Peak,-,N/A,2000,unknown,N/A,unknown,Pup Druid Creek,,,Yes,No,
1559,P7414,?,?,2000,April,Druid Peak,40F,21M,"Lamar Valley, YNP",Druid Peak,-,N/A,2000,unknown,N/A,unknown,Pup Druid Creek,,,Yes,No,
1560,P7415,?,?,2000,April,Druid Peak,40F,21M,"Lamar Valley, YNP",Druid Peak,-,N/A,2000,unknown,N/A,unknown,Pup Druid Creek,,,Yes,No,
1561,P7416,?,?,2000,April,Druid Peak,40F,21M,"Lamar Valley, YNP",Druid Peak,-,N/A,2000,unknown,N/A,unknown,Pup Druid Creek,,,Yes,No,
1562,P7417,?,?,2000,April,Druid Peak,40F,21M,"Lamar Valley, YNP",Druid Peak,-,2000,N/A,unknown,Unknown,"Lamar Valley, YNP",Pup Druid Creek,,,Yes,No,
1563,P8247,?,b,2000,April,Gros Ventre,137F,29M,Grand Teton National Park Area,Gros Ventre,-,N/A,2003,May,N/A,unknown,Pup?b8247,,,Yes,No,
1564,P8248,?,b,2000,April,Gros Ventre,137F,29M,Grand Teton National Park Area,Gros Ventre,-,N/A,2001,May,N/A,unknown,Pup?b8248,,,Yes,No,
1565,P8249,?,g,2000,April,Gros Ventre,137F,29M,Grand Teton National Park Area,Gros Ventre,-,N/A,2003,May,N/A,unknown,Pup?g8249,,,Yes,No,
1566,P7127,?,?,2000,April,Leopold,7F,2M,"Blacktail Deer Plateau, YNP",Leopold,-,N/A,2000,unknown,N/A,unknown,Pup??7127,,,Yes,No,
1567,P7128,?,?,2000,April,Leopold,7F,2M,"Blacktail Deer Plateau, YNP",Leopold,-,N/A,2000,unknown,N/A,unknown,Pup??7128,,,Yes,No,
1568,P7129,?,?,2000,April,Leopold,7F,2M,"Blacktail Deer Plateau, YNP",Leopold,-,N/A,2000,unknown,N/A,unknown,Pup??7129,,,Yes,No,
1569,P7130,?,?,2000,April,Leopold,7F,2M,"Blacktail Deer Plateau, YNP",Leopold,-,N/A,2000,unknown,N/A,unknown,Pup??7130,,,Yes,No,
1570,P7380,?,g,2000,April,Nez Perce,48F,72M,"Madison-Firehole Area, YNP",Nez Perce,-,N/A,2000,unknown,N/A,unknown,Pup?g7380,,,Yes,No,
1571,P7381,?,g,2000,April,Nez Perce,48F,72M,"Madison-Firehole Area, YNP",Nez Perce,-,N/A,2000,unknown,N/A,unknown,Pup?g7381,,,Yes,No,
1572,P7398,?,g,2000,April,Soda Butte,14F,120M,"Pelican Valley area, YNP",Soda Butte,-,N/A,2000,unknown,N/A,unknown,Pup?g7398,,,Yes,No,
1573,P7399,?,g,2000,April,Soda Butte,14F,120M,"Pelican Valley area, YNP",Soda Butte,-,N/A,2000,unknown,N/A,unknown,Pup?g7399,,,Yes,No,
1574,P7400,?,g,2000,April,Soda Butte,14F,120M,"Pelican Valley area, YNP",Soda Butte,-,N/A,2000,unknown,N/A,unknown,Pup?g7400,,,Yes,No,
1575,P7401,?,g,2000,April,Soda Butte,14F,120M,"Pelican Valley area, YNP",Soda Butte,-,N/A,2000,unknown,N/A,unknown,Pup?g7401,,,Yes,No,
1576,P7402,?,g,2000,April,Swan Lake,152F,206M,"Swan Lake, Sepulcher Area, YNP",Swan Lake,-,N/A,2000,unknown,N/A,unknown,Gray Pup Swan Lake,,,Yes,No,
1577,P7403,?,g,2000,April,Swan Lake,152F,206M,"Swan Lake, Sepulcher Area, YNP",Swan Lake,-,N/A,2000,unknown,N/A,unknown,Gray Pup Swan Lake,,,Yes,No,
1578,P7404,?,g,2000,April,Swan Lake,152F,206M,"Swan Lake, Sepulcher Area, YNP",Swan Lake,-,N/A,2000,unknown,N/A,unknown,Gray Pup Swan Lake,,,Yes,No,
1579,P7049,?,?,2001,April,Chief Joseph,33F,34M,"Southern Gallatin Mountains, Northwest YNP",Chief Joseph,-,N/A,2001,unknown,N/A,unknown,Pup??7049,,,Yes,No,
1580,P7050,?,g,2001,April,Chief Joseph,33F,34M,"Southern Gallatin Mountains, Northwest YNP",Chief Joseph,-,N/A,2001,unknown,N/A,unknown,Pup?g7050,,,Yes,No,
1581,P7051,?,?,2001,April,Chief Joseph,33F,34M,"Southern Gallatin Mountains, Northwest YNP",Chief Joseph,-,N/A,2001,unknown,N/A,unknown,Pup??7051,,,Yes,No,
1582,P7052,?,?,2001,April,Chief Joseph,33F,34M,"Southern Gallatin Mountains, Northwest YNP",Chief Joseph,-,N/A,2001,unknown,N/A,unknown,Pup??7052,,,Yes,No,
1583,P7053,?,?,2001,April,Chief Joseph,33F,34M,"Southern Gallatin Mountains, Northwest YNP",Chief Joseph,-,N/A,2001,unknown,N/A,unknown,Pup??7053,,,Yes,No,
1584,P7054,?,?,2001,April,Chief Joseph,33F,34M,"Southern Gallatin Mountains, Northwest YNP",Chief Joseph,-,N/A,2001,unknown,N/A,unknown,Pup??7054,,,Yes,No,
1585,P7345,?,g,2001,April,Cougar Creek,151F,?,"Madison Valley Area, YNP",Cougar Creek,-,N/A,2001,unknown,N/A,unknown,Pup?g7345,,,Yes,No,
1586,P7421,?,b,2001,April,Cougar Creek,151F,?,"Madison Valley Area, YNP",Cougar Creek,-,N/A,2001,unknown,N/A,unknown,Pup?b7421,,,Yes,No,
1587,P7422,?,b,2001,April,Cougar Creek,151F,?,"Madison Valley Area, YNP",Cougar Creek,-,N/A,2001,unknown,N/A,unknown,Pup?b7422,,,Yes,No,
1588,P7079,?,?,2001,April,Druid Peak,42F,21M,"Lamar Valley, YNP",Druid Peak,-,N/A,2001,unknown,N/A,unknown,Pup??7079,,,Yes,No,
1589,P7080,?,?,2001,April,Druid Peak,42F,21M,"Lamar Valley, YNP",Druid Peak,-,N/A,2001,unknown,N/A,unknown,Pup??7080,,,Yes,No,
1590,P7081,?,?,2001,April,Druid Peak,42F,21M,"Lamar Valley, YNP",Druid Peak,-,N/A,2001,unknown,N/A,unknown,Pup??7081,,,Yes,No,
1591,P7077,?,g,2001,April,Mollie's,174F,193M,"Pelican Valley, YNP",Mollie's,-,N/A,2001,unknown,N/A,unknown,Gray Pup Mollie's,,,Yes,No,
1592,P7078,?,g,2001,April,Mollie's,174F,193M,"Pelican Valley, YNP",Mollie's,-,N/A,2001,unknown,N/A,unknown,Gray Pup Mollie's,,,Yes,No,
1593,P7198,?,?,2001,April,Rose Creek,18F,?,"Hellroaring to Crevice Creek area, YNP",Rose Creek,-,N/A,2001,unknown,N/A,unknown,Pup??7198,,,Yes,No,
1594,P7392,?,g,2001,April,Rose Creek,18F,?,"Hellroaring to Crevice Creek area, YNP",Rose Creek,-,N/A,2001,unknown,N/A,unknown,Pup?g7392,,,Yes,No,
1595,P7393,?,g,2001,April,Rose Creek,18F,?,"Hellroaring to Crevice Creek area, YNP",Rose Creek,-,N/A,2001,unknown,N/A,unknown,Pup?g7393,,,Yes,No,
1596,P7394,?,g,2001,April,Rose Creek,18F,?,"Hellroaring to Crevice Creek area, YNP",Rose Creek,-,N/A,2001,unknown,N/A,unknown,Pup?g7394,,,Yes,No,
1597,P7197,?,?,2001,April,Yellowstone Delta,126F,?,"Thorofare, Southeastern YNP",Yellowstone Delta,-,2001,N/A,unknown,Unknown,"Thorofare, Southeastern YNP",Pup Yellowstone Delta,,,Yes,No,
1598,P7074,?,?,2002,April,Agate Creek,103F,113M,"Antelope Creek Area, YNP",Agate Creek,-,N/A,2002,unknown,N/A,unknown,Pup Agate Creek,,,Yes,No,
1599,P7075,?,?,2002,April,Agate Creek,103F,113M,"Antelope Creek Area, YNP",Agate Creek,-,N/A,2002,unknown,N/A,unknown,Pup Agate Creek,,,Yes,No,
1600,P7076,?,?,2002,April,Agate Creek,103F,113M,"Antelope Creek Area, YNP",Agate Creek,-,N/A,2002,unknown,N/A,unknown,Pup Agate Creek,,,Yes,No,
1601,P7055,?,?,2002,April,Chief Joseph,?,?,"Tom Miner Basin Area, Montana",Chief Joseph,-,N/A,2002,unknown,N/A,unknown,Pup??7055,,,Yes,No,
1602,P7056,?,?,2002,April,Chief Joseph,?,?,"Tom Miner Basin Area, Montana",Chief Joseph,-,N/A,2002,unknown,N/A,unknown,Pup??7056,,,Yes,No,
1603,P7057,?,?,2002,April,Chief Joseph,?,?,"Tom Miner Basin Area, Montana",Chief Joseph,-,N/A,2002,unknown,N/A,unknown,Pup??7057,,,Yes,No,
1604,P7058,?,?,2002,April,Chief Joseph,?,?,"Tom Miner Basin Area, Montana",Chief Joseph,-,N/A,2002,unknown,N/A,unknown,Pup??7058,,,Yes,No,
1605,P7059,?,?,2002,April,Chief Joseph,?,?,"Tom Miner Basin Area, Montana",Chief Joseph,-,N/A,2002,unknown,N/A,unknown,Pup??7059,,,Yes,No,
1606,P7060,?,?,2002,April,Chief Joseph,?,?,"Tom Miner Basin Area, Montana",Chief Joseph,-,N/A,2002,unknown,N/A,unknown,Pup??7060,,,Yes,No,
1607,P7061 CJ,?,?,2002,April,Chief Joseph,?,?,"Tom Miner Basin Area, Montana",Chief Joseph,-,N/A,2002,unknown,N/A,unknown,Pup??7061,,,Yes,No,
1608,P7062 CJ,?,?,2002,April,Chief Joseph,?,?,"Tom Miner Basin Area, Montana",Chief Joseph,-,N/A,2002,unknown,N/A,unknown,Pup??7062,,,Yes,No,
1609,P7083,?,?,2002,April,Druid Peak,42F,21M,"Lamar Valley, YNP",Druid Peak,-,N/A,2002,unknown,N/A,unknown,Pup??7083,,,Yes,No,
1610,P7084,?,?,2002,April,Druid Peak,42F,21M,"Lamar Valley, YNP",Druid Peak,-,2002,N/A,unknown,Unknown,unknown,Pup??7084,,,Yes,No,
1611,P7085,?,?,2002,April,Druid Peak,42F,21M,"Lamar Valley, YNP",Druid Peak,-,2002,N/A,unknown,Unknown,unknown,Pup??7085,,,Yes,No,
1612,P7086,?,?,2002,April,Druid Peak,42F,21M,"Lamar Valley, YNP",Druid Peak,-,2002,N/A,unknown,Unknown,unknown,Pup??7086,,,Yes,No,
1613,P7100,?,g,2002,April,Geode Creek,106F,294M,"Geode Creek Area, YNP",Geode Creek,-,N/A,2002,unknown,N/A,unknown,Gray Pup Geode Creek,,,Yes,No,
1614,P7101,?,g,2002,April,Geode Creek,106F,294M,"Geode Creek Area, YNP",Geode Creek,-,2002,N/A,unknown,Unknown,unknown,Gray Pup Geode Creek,,,Yes,No,
1615,P7102,?,g,2002,April,Geode Creek,106F,294M,"Geode Creek Area, YNP",Geode Creek,-,2002,N/A,unknown,Unknown,unknown,Gray Pup Geode Creek,,,Yes,No,
1616,P7103,?,g,2002,April,Geode Creek,106F,294M,"Geode Creek Area, YNP",Geode Creek,-,2002,N/A,unknown,Unknown,unknown,Gray Pup Geode Creek,,,Yes,No,
1617,P7104,?,g,2002,April,Geode Creek,106F,294M,"Geode Creek Area, YNP",Geode Creek,-,2002,N/A,unknown,Unknown,unknown,Gray Pup Geode Creek,,,Yes,No,
1618,P7105,?,g,2002,April,Geode Creek,106F,294M,"Geode Creek Area, YNP",Geode Creek,-,2002,N/A,unknown,Unknown,unknown,Gray Pup Geode Creek,,,Yes,No,
1619,P7106,?,g,2002,April,Geode Creek,106F,294M,"Geode Creek Area, YNP",Geode Creek,-,2002,N/A,unknown,Unknown,unknown,Gray Pup Geode Creek,,,Yes,No,
1620,P7107,?,g,2002,April,Geode Creek,106F,294M,"Geode Creek Area, YNP",Geode Creek,-,2002,N/A,unknown,Unknown,unknown,Gray Pup Geode Creek,,,Yes,No,
1621,P7000,?,?,2002,April,Leopold,7F,2M,"Blacktail Deer Plateau, YNP",Leopold,-,N/A,2002,unknown,N/A,unknown,Pup Leopold,,,Yes,No,
1622,P7001,?,?,2002,April,Leopold,7F,2M,"Blacktail Deer Plateau, YNP",Leopold,-,N/A,2002,unknown,N/A,unknown,Pup Leopold,,,Yes,No,
1623,P7002,?,?,2002,April,Leopold,7F,2M,"Blacktail Deer Plateau, YNP",Leopold,-,N/A,2002,unknown,N/A,unknown,Pup Leopold,,,Yes,No,
1624,P7003,?,?,2002,April,Mollie's,174F,193M,"Pelican Valley, YNP",Mollie's,-,N/A,2002,unknown,N/A,unknown,Pup Mollie's,,,Yes,No,
1625,P7013,?,g,2002,April,Swan Lake,152F,206M,"Gardner's Hole/Swan Lake Flat Area, YNP",Swan Lake,-,N/A,2002,unknown,N/A,unknown,Gray Pup Swan Lake,,,Yes,No,
1626,P7014,?,g,2002,April,Swan Lake,152F,206M,"Gardner's Hole/Swan Lake Flat Area, YNP",Swan Lake,-,N/A,2002,unknown,N/A,unknown,Gray Pup Swan Lake,,,Yes,No,
1627,P7015,?,g,2002,April,Swan Lake,152F,206M,"Gardner's Hole/Swan Lake Flat Area, YNP",Swan Lake,-,N/A,2002,unknown,N/A,unknown,Gray Pup Swan Lake,,,Yes,No,
1628,P7016,?,g,2002,April,Swan Lake,152F,206M,"Gardner's Hole/Swan Lake Flat Area, YNP",Swan Lake,-,N/A,2002,unknown,N/A,unknown,Gray Pup Swan Lake,,,Yes,No,
1629,P7017,?,g,2002,April,Swan Lake,152F,206M,"Gardner's Hole/Swan Lake Flat Area, YNP",Swan Lake,-,N/A,2002,unknown,N/A,unknown,Gray Pup Swan Lake,,,Yes,No,
1630,P7018,?,g,2002,April,Swan Lake,152F,206M,"Gardner's Hole/Swan Lake Flat Area, YNP",Swan Lake,-,N/A,2002,unknown,N/A,unknown,Gray Pup Swan Lake,,,Yes,No,
1631,P7019,?,g,2002,April,Swan Lake,152F,206M,"Gardner's Hole/Swan Lake Flat Area, YNP",Swan Lake,-,N/A,2002,unknown,N/A,unknown,Gray Pup Swan Lake,,,Yes,No,
1632,P7020,?,?,2003,April,Agate Creek,472F,113M,"Tower Junction Area, YNP",Agate Creek,-,N/A,2003,unknown,N/A,unknown,Pup Agate Creek,,,Yes,No,
1633,P7021,?,?,2003,April,Agate Creek,472F,113M,"Tower Junction Area, YNP",Agate Creek,-,N/A,2003,unknown,N/A,unknown,Pup Agate Creek,,,Yes,No,
1634,P7022,?,?,2003,April,Agate Creek,472F,113M,"Tower Junction Area, YNP",Agate Creek,-,N/A,2003,unknown,N/A,unknown,Pup Agate Creek,,,Yes,No,
1635,P7082,?,?,2003,April,Bechler,BSA,192M," Bechler Area, Southwestern YNP",Bechler,-,N/A,2003,unknown,N/A,unknown,Pup Bechler,,,Yes,No,tree text erroneously copied from a Cougar Creek pup
1636,P7061 CC,?,?,2003,April,Cougar Creek,151F,303M,"Madison Valley Area, YNP",Cougar Creek,-,N/A,2003,unknown,N/A,unknown,Pup??7061,,,Yes,No,
1637,P7023,?,b,2003,April,Druid Peak,42F,21M,"Lamar Valley, YNP",Druid Peak,-,N/A,2003,unknown,N/A,unknown,Black Pup Druid Peak,,,Yes,No,
1638,P7024,?,g,2003,April,Druid Peak,42F,21M,"Lamar Valley, YNP",Druid Peak,-,N/A,2003,unknown,N/A,unknown,Gray Pup Druid Peak,,,Yes,No,
1639,P7025,?,g,2003,April,Druid Peak,42F,21M,"Lamar Valley, YNP",Druid Peak,-,N/A,2003,unknown,N/A,unknown,Gray Pup Druid Peak,,,Yes,No,
1640,P7087,?,?,2003,April,Druid Peak,42F,21M,"Lamar Valley, YNP",Druid Peak,-,N/A,2003,unknown,N/A,unknown,Pup??7087,,,Yes,No,
1641,P7088,?,?,2003,April,Druid Peak,42F,21M,"Lamar Valley, YNP",Druid Peak,-,N/A,2003,unknown,N/A,unknown,Pup??7088,,,Yes,No,
1642,P7089,?,?,2003,April,Druid Peak,42F,21M,"Lamar Valley, YNP",Druid Peak,-,N/A,2003,unknown,N/A,unknown,Pup??7089,,,Yes,No,
1643,P7026,?,?,2003,April,Geode Creek,106F,294M,"Geode Creek Area, Northern YNP",Geode Creek,-,2003,N/A,unknown,Unknown,"Geode Creek Area, YNP",Pup Geode Creek,,,Yes,No,
1644,P7027,?,?,2003,April,Geode Creek,106F,294M,"Geode Creek Area, Northern YNP",Geode Creek,-,2003,N/A,unknown,Unknown,"Geode Creek Area, YNP",Pup Geode Creek,,,Yes,No,
1645,P7028,?,?,2003,April,Geode Creek,106F,294M,"Geode Creek Area, Northern YNP",Geode Creek,-,2003,N/A,unknown,Unknown,"Geode Creek Area, YNP",Pup Geode Creek,,,Yes,No,
1646,P7029,?,?,2003,April,Geode Creek,106F,294M,"Geode Creek Area, Northern YNP",Geode Creek,-,2003,N/A,unknown,Unknown,"Geode Creek Area, YNP",Pup Geode Creek,,,Yes,No,
1647,P7030,?,?,2003,April,Geode Creek,106F,294M,"Geode Creek Area, Northern YNP",Geode Creek,-,2003,N/A,unknown,Unknown,"Geode Creek Area, YNP",Pup Geode Creek,,,Yes,No,
1648,P7031,?,?,2003,April,Geode Creek,106F,294M,"Geode Creek Area, Northern YNP",Geode Creek,-,2003,N/A,unknown,Unknown,"Geode Creek Area, YNP",Pup Geode Creek,,,Yes,No,
1649,P7032,?,?,2003,April,Geode Creek,106F,294M,"Geode Creek Area, Northern YNP",Geode Creek,-,2003,N/A,unknown,Unknown,"Geode Creek Area, YNP",Pup Geode Creek,,,Yes,No,
1650,P7360,?,g,2003,April,Leopold,220F,?,"Blacktail Deer Plateau, YNP",Leopold,-,N/A,2003,unknown,N/A,unknown,Pup?g7360,,,Yes,No,
1651,P7361,?,g,2003,April,Leopold,220F,?,"Blacktail Deer Plateau, YNP",Leopold,-,N/A,2003,unknown,N/A,unknown,Pup?g7361,,,Yes,No,
1652,P7362,?,g,2003,April,Leopold,220F,?,"Blacktail Deer Plateau, YNP",Leopold,-,N/A,2003,unknown,N/A,unknown,Pup?g7362,,,Yes,No,
1653,P7363,?,g,2003,April,Leopold,220F,?,"Blacktail Deer Plateau, YNP",Leopold,-,N/A,2003,unknown,N/A,unknown,Pup?g7363,,,Yes,No,
1654,P7364,?,g,2003,April,Leopold,220F,?,"Blacktail Deer Plateau, YNP",Leopold,-,N/A,2003,unknown,N/A,unknown,Pup?g7364,,,Yes,No,
1655,P7365,?,g,2003,April,Leopold,220F,?,"Blacktail Deer Plateau, YNP",Leopold,-,N/A,2003,unknown,N/A,unknown,Pup?g7365,,,Yes,No,
1656,P7033,?,?,2003,April,Mollie's,174F,193M,"Pelican Valley, YNP",Mollie's,-,N/A,2003,unknown,N/A,unknown,Pup Mollie's,,,Yes,No,
1657,P7034,?,?,2003,April,Mollie's,174F,193M,"Pelican Valley, YNP",Mollie's,-,2003,N/A,unknown,Unknown,unknown,Pup Mollie's,,,Yes,No,
1658,P7035,?,?,2003,April,Mollie's,174F,193M,"Pelican Valley, YNP",Mollie's,-,2003,N/A,unknown,Unknown,unknown,Pup Mollie's,,,Yes,No,
1659,P7199,?,?,2003,April,Slough Creek,BF SC (?),261M,"Slough Creek Area, YNP",Slough Creek,-,N/A,2003,unknown,N/A,unknown,Pup??7199,,,Yes,No,
1660,P7200,?,?,2003,April,Slough Creek,BF SC (?),261M,"Slough Creek Area, YNP",Slough Creek,-,N/A,2003,unknown,N/A,unknown,Pup??7200,,,Yes,No,
1661,P7201,?,?,2003,April,Slough Creek,BF SC (?),261M,"Slough Creek Area, YNP",Slough Creek,-,N/A,2003,unknown,N/A,unknown,Pup??7201,,,Yes,No,
1662,P7202,?,?,2003,April,Slough Creek,BF SC (?),261M,"Slough Creek Area, YNP",Slough Creek,-,N/A,2003,unknown,N/A,unknown,Pup??7202,,,Yes,No,
1663,P7203,?,?,2003,April,Slough Creek,BF SC (?),261M,"Slough Creek Area, YNP",Slough Creek,-,N/A,2003,unknown,N/A,unknown,Pup??7203,,,Yes,No,
1664,P7036,?,g,2003,April,Swan Lake,152F,206M,"Gardner's Hole/Swan Lake Flat Area, YNP",Swan Lake,-,N/A,2003,unknown,N/A,unknown,Gray Pup Swan Lake,,,Yes,No,
1665,P7037,?,g,2003,April,Swan Lake,152F,206M,"Gardner's Hole/Swan Lake Flat Area, YNP",Swan Lake,-,N/A,2003,unknown,N/A,unknown,Gray Pup Swan Lake,,,Yes,No,
1666,P7038,?,g,2003,April,Swan Lake,152F,206M,"Gardner's Hole/Swan Lake Flat Area, YNP",Swan Lake,-,N/A,2003,unknown,N/A,unknown,Gray Pup Swan Lake,,,Yes,No,
1667,P7039,?,g,2003,April,Swan Lake,152F,206M,"Gardner's Hole/Swan Lake Flat Area, YNP",Swan Lake,-,N/A,2003,unknown,N/A,unknown,Gray Pup Swan Lake,,,Yes,No,
1668,P7040,?,g,2003,April,Swan Lake,152F,206M,"Gardner's Hole/Swan Lake Flat Area, YNP",Swan Lake,-,N/A,2003,unknown,N/A,unknown,Gray Pup Swan Lake,,,Yes,No,
1669,P7320,?,?,2003,April,Yellowstone Delta,126F,?,"Thorofare, Southeastern YNP",Yellowstone Delta,-,N/A,2003,unknown,N/A,unknown,Pup??7320,,,Yes,No,
1670,P7321,?,?,2003,April,Yellowstone Delta,126F,?,"Thorofare, Southeastern YNP",Yellowstone Delta,-,N/A,2003,unknown,N/A,unknown,Pup??7321,,,Yes,No,
1671,P7322,?,?,2003,April,Yellowstone Delta,126F,?,"Thorofare, Southeastern YNP",Yellowstone Delta,-,N/A,2003,unknown,N/A,unknown,Pup??7322,,,Yes,No,
1672,P7323,?,?,2003,April,Yellowstone Delta,126F,?,"Thorofare, Southeastern YNP",Yellowstone Delta,-,N/A,2003,unknown,N/A,unknown,Pup??7323,,,Yes,No,
1673,P7007,?,?,2004,April,Agate Creek,?,113M,"Tower Junction Area, YNP",Agate Creek,-,N/A,2004,unknown,N/A,unknown,Pup??7007,,,Yes,No,
1674,P7008,?,?,2004,April,Agate Creek,?,113M,"Tower Junction Area, YNP",Agate Creek,-,N/A,2004,unknown,N/A,unknown,Pup??7008,,,Yes,No,
1675,P7009,?,?,2004,April,Agate Creek,?,113M,"Tower Junction Area, YNP",Agate Creek,-,2004,N/A,unknown,Unknown,unknown,Pup??7009,,,Yes,No,
1676,P7010,?,?,2004,April,Agate Creek,?,113M,"Tower Junction Area, YNP",Agate Creek,-,2004,N/A,unknown,Unknown,unknown,Pup??7010,,,Yes,No,
1677,P7011,?,?,2004,April,Agate Creek,?,113M,"Tower Junction Area, YNP",Agate Creek,-,2004,N/A,unknown,Unknown,unknown,Pup??7011,,,Yes,No,
1678,P7012,?,?,2004,April,Agate Creek,?,113M,"Tower Junction Area, YNP",Agate Creek,-,2004,N/A,unknown,Unknown,unknown,Pup??7012,,,Yes,No,
1679,P7041,?,?,2004,April,Biscuit Basin,340F,?,"Madison-Firehole Area, YNP",Biscuit Basin,-,N/A,2004,unknown,N/A,unknown,Pup??7041,,,Yes,No,
1680,P7042,?,?,2004,April,Biscuit Basin,340F,?,"Madison-Firehole Area, YNP",Biscuit Basin,-,N/A,2004,unknown,N/A,unknown,Pup??7042,,,Yes,No,
1681,P7043,?,?,2004,April,Biscuit Basin,340F,?,"Madison-Firehole Area, YNP",Biscuit Basin,-,N/A,2004,unknown,N/A,unknown,Pup??7043,,,Yes,No,
1682,P7044,?,?,2004,April,Biscuit Basin,340F,?,"Madison-Firehole Area, YNP",Biscuit Basin,-,N/A,2004,unknown,N/A,unknown,Pup??7044,,,Yes,No,
1683,P7065,?,?,2004,April,Druid Peak,286F,21M,"Lamar Valley, YNP",Druid Peak,-,2004,N/A,unknown,Unknown,"Lamar Valley, YNP",Pup??7065,,,Yes,No,
1684,P7066,?,?,2004,April,Druid Peak,286F,21M,"Lamar Valley, YNP",Druid Peak,-,2004,N/A,unknown,Unknown,"Lamar Valley, YNP",Pup??7066,,,Yes,No,
1685,P7067,?,?,2004,April,Druid Peak,286F,21M,"Lamar Valley, YNP",Druid Peak,-,2004,N/A,unknown,Unknown,"Lamar Valley, YNP",Pup??7067,,,Yes,No,
1686,P7068,?,?,2004,April,Druid Peak,376F,?,"Lamar Valley, YNP",Druid Peak,-,2004,N/A,unknown,Unknown,"Lamar Valley, YNP",Pup??7068,,,Yes,No,
1687,P7069,?,?,2004,April,Druid Peak,376F,?,"Lamar Valley, YNP",Druid Peak,-,2004,N/A,unknown,Unknown,"Lamar Valley, YNP",Pup??7069,,,Yes,No,
1688,P7090,?,?,2004,April,Druid Peak,286F,21M,"Lamar Valley, YNP",Druid Peak,-,2004,N/A,unknown,Unknown,unknown,Pup??7090,,,Yes,No,
1689,P7091,?,?,2004,April,Druid Peak,286F,21M,"Lamar Valley, YNP",Druid Peak,-,2004,N/A,unknown,Unknown,unknown,Pup??7091,,,Yes,No,
1690,P7171,?,?,2004,April,Geode Creek,106F,227M,"Geode Creek Area, Northern YNP",Geode Creek,-,N/A,2004,unknown,N/A,unknown,Pup Geode Creek,,,Yes,No,
1691,P7172,?,?,2004,April,Geode Creek,106F,227M,"Geode Creek Area, Northern YNP",Geode Creek,-,N/A,2004,unknown,N/A,unknown,Pup Geode Creek,,,Yes,No,
1692,P7173,?,?,2004,April,Geode Creek,106F,227M,"Geode Creek Area, Northern YNP",Geode Creek,-,N/A,2004,unknown,N/A,unknown,Pup Geode Creek,,,Yes,No,
1693,P7174,?,?,2004,April,Geode Creek,106F,227M,"Geode Creek Area, Northern YNP",Geode Creek,-,2004,N/A,unknown,Unknown,unknown,Pup Geode Creek,,,Yes,No,
1694,P7175,?,?,2004,April,Geode Creek,106F,227M,"Geode Creek Area, Northern YNP",Geode Creek,-,2004,N/A,unknown,Unknown,unknown,Pup Geode Creek,,,Yes,No,
1695,P7176,?,?,2004,April,Geode Creek,106F,227M,"Geode Creek Area, Northern YNP",Geode Creek,-,2004,N/A,unknown,Unknown,unknown,Pup Geode Creek,,,Yes,No,
1696,P7177,?,?,2004,April,Geode Creek,106F,227M,"Geode Creek Area, Northern YNP",Geode Creek,-,2004,N/A,unknown,Unknown,unknown,Pup Geode Creek,,,Yes,No,
1697,P7178,?,?,2004,April,Geode Creek,106F,227M,"Geode Creek Area, Northern YNP",Geode Creek,-,2004,N/A,unknown,Unknown,unknown,Pup Geode Creek,,,Yes,No,
1698,P7179,?,?,2004,April,Geode Creek,106F,227M,"Geode Creek Area, Northern YNP",Geode Creek,-,2004,N/A,unknown,Unknown,unknown,Pup Geode Creek,,,Yes,No,
1699,P7366,?,g,2004,April,Leopold,209F(?),534M,"Blacktail Deer Plateau, YNP",Leopold,-,N/A,2004,unknown,N/A,unknown,Pup?g7366,,,Yes,No,
1700,P7367,?,g,2004,April,Leopold,209F(?),534M,"Blacktail Deer Plateau, YNP",Leopold,-,N/A,2004,unknown,N/A,unknown,Pup?g7367,,,Yes,No,
1701,P7368,?,g,2004,April,Leopold,209F(?),534M,"Blacktail Deer Plateau, YNP",Leopold,-,N/A,2004,unknown,N/A,unknown,Pup?g7368,,,Yes,No,
1702,P7369,?,g,2004,April,Leopold,209F(?),534M,"Blacktail Deer Plateau, YNP",Leopold,-,N/A,2004,unknown,N/A,unknown,Pup?g7369,,,Yes,No,
1703,P7370,?,g,2004,April,Leopold,209F(?),534M,"Blacktail Deer Plateau, YNP",Leopold,-,N/A,2004,unknown,N/A,unknown,Pup?g7370,,,Yes,No,
1704,P7371,?,g,2004,April,Leopold,209F(?),534M,"Blacktail Deer Plateau, YNP",Leopold,-,N/A,2004,unknown,N/A,unknown,Pup?g7371,,,Yes,No,
1705,P7372,?,g,2004,April,Leopold,209F(?),534M,"Blacktail Deer Plateau, YNP",Leopold,-,N/A,2004,unknown,N/A,unknown,Pup?g7372,,,Yes,No,
1706,P7373,?,g,2004,April,Leopold,209F(?),534M,"Blacktail Deer Plateau, YNP",Leopold,-,N/A,2004,unknown,N/A,unknown,Pup?g7373,,,Yes,No,
1707,P7374,?,g,2004,April,Leopold,209F(?),534M,"Blacktail Deer Plateau, YNP",Leopold,-,N/A,2004,unknown,N/A,unknown,Pup?g7374,,,Yes,No,
1708,P7375,?,g,2004,April,Leopold,209F(?),534M,"Blacktail Deer Plateau, YNP",Leopold,-,N/A,2004,unknown,N/A,unknown,Pup?g7375,,,Yes,No,
1709,P7376,?,g,2004,April,Leopold,209F(?),534M,"Blacktail Deer Plateau, YNP",Leopold,-,N/A,2004,unknown,N/A,unknown,Pup?g7376,,,Yes,No,
1710,P7395,?,g,2004,April,Slough Creek,BF SC,261M,"Slough Creek Area, YNP",Slough Creek,-,N/A,2004,unknown,N/A,unknown,Pup?g7395,,,Yes,No,
1711,P7396,?,g,2004,April,Slough Creek,BF SC,261M,"Slough Creek Area, YNP",Slough Creek,-,N/A,2004,unknown,N/A,unknown,Pup?g7396,,,Yes,No,
1712,P7397,?,g,2004,April,Slough Creek,BF SC,261M,"Slough Creek Area, YNP",Slough Creek,-,N/A,2004,unknown,N/A,unknown,Pup?g7397,,,Yes,No,
1713,P7426,?,b,2004,April,Slough Creek,BF SC,261M,"Slough Creek Area, YNP",Slough Creek,-,N/A,2004,unknown,N/A,unknown,Pup?b7426,,,Yes,No,
1714,P7427,?,b,2004,April,Slough Creek,BF SC,261M,"Slough Creek Area, YNP",Slough Creek,-,N/A,2004,unknown,N/A,unknown,Pup?b7427,,,Yes,No,
1715,P7428,?,b,2004,April,Slough Creek,BF SC,261M,"Slough Creek Area, YNP",Slough Creek,-,N/A,2004,unknown,N/A,unknown,Pup?b7428,,,Yes,No,
1716,P7217,?,?,2004,April,Specimen Ridge,427F,194M,"Specimen Ridge, YNP",Specimen Ridge,-,N/A,2004,unknown,N/A,unknown,Pup??7217,,,Yes,No,
1717,P7218,?,?,2004,April,Specimen Ridge,427F,194M,"Specimen Ridge, YNP",Specimen Ridge,-,N/A,2004,unknown,N/A,unknown,Pup??7218,,,Yes,No,
1718,P7219,?,?,2004,April,Specimen Ridge,427F,194M,"Specimen Ridge, YNP",Specimen Ridge,-,N/A,2004,unknown,N/A,unknown,Pup??7219,,,Yes,No,
1719,P7220,?,?,2004,April,Specimen Ridge,427F,194M,"Specimen Ridge, YNP",Specimen Ridge,-,N/A,2004,unknown,N/A,unknown,Pup??7220,,,Yes,No,
1720,P7221,?,?,2004,April,Specimen Ridge,427F,194M,"Specimen Ridge, YNP",Specimen Ridge,-,N/A,2004,unknown,N/A,unknown,Pup??7221,,,Yes,No,
1721,P7108,?,g,2004,April,Swan Lake,152F,205M,"Gardner's Hole/Swan Lake Flat Area, YNP",Swan Lake,-,N/A,2004,unknown,N/A,unknown,Gray Pup Swan Lake,,,Yes,No,
1722,P7092,?,?,2005,April,Agate Creek,472F,113M,"Antelope Creek Area, YNP",Agate Creek,-,N/A,2005,unknown,N/A,unknown,Pup Agate Creek,,,Yes,No,
1723,P7093,?,?,2005,April,Agate Creek,472F,113M,"Antelope Creek Area, YNP",Agate Creek,-,N/A,2005,unknown,N/A,unknown,Pup Agate Creek,,,Yes,No,
1724,P7094,?,?,2005,April,Agate Creek,472F,113M,"Antelope Creek Area, YNP",Agate Creek,-,2005,N/A,unknown,Unknown,unknown,Pup Agate Creek,,,Yes,No,
1725,P7095,?,?,2005,April,Agate Creek,472F,113M,"Antelope Creek Area, YNP",Agate Creek,-,2005,N/A,unknown,Unknown,unknown,Pup Agate Creek,,,Yes,No,
1726,P7096,?,?,2005,April,Agate Creek,472F,113M,"Antelope Creek Area, YNP",Agate Creek,-,2005,N/A,unknown,Unknown,unknown,Pup Agate Creek,,,Yes,No,
1727,P7097,?,?,2005,April,Agate Creek,472F,113M,"Antelope Creek Area, YNP",Agate Creek,-,2005,N/A,unknown,Unknown,unknown,Pup Agate Creek,,,Yes,No,
1728,P7098,?,?,2005,April,Agate Creek,472F,113M,"Antelope Creek Area, YNP",Agate Creek,-,2005,N/A,unknown,Unknown,unknown,Pup Agate Creek,,,Yes,No,
1729,P7099,?,?,2005,April,Agate Creek,472F,113M,"Antelope Creek Area, YNP",Agate Creek,-,2005,N/A,unknown,Unknown,unknown,Pup Agate Creek,,,Yes,No,
1730,P7228,?,?,2005,April,Bechler,BSA,192M," Bechler Area, Southwestern YNP",Bechler,-,N/A,2005,unknown,N/A,unknown,Pup Bechler,,,Yes,No,
1731,P7229,?,?,2005,April,Druid Peak,286F,480M,"Cache Creek Area, YNP",Druid Peak,-,2005,N/A,unknown,Unknown,"Cache Creek Area, YNP",Pup Druid Creek,,,Yes,No,
1732,P7230,?,?,2005,April,Druid Peak,286F,480M,"Cache Creek Area, YNP",Druid Peak,-,2005,N/A,unknown,Unknown,"Cache Creek Area, YNP",Pup Druid Creek,,,Yes,No,
1733,P7231,?,?,2005,April,Druid Peak,286F,480M,"Cache Creek Area, YNP",Druid Peak,-,2005,N/A,unknown,Unknown,"Cache Creek Area, YNP",Pup Druid Creek,,,Yes,No,
1734,P7232,?,?,2005,April,Druid Peak,286F,480M,"Cache Creek Area, YNP",Druid Peak,-,2005,N/A,unknown,Unknown,"Cache Creek Area, YNP",Pup Druid Creek,,,Yes,No,
1735,P7233,?,?,2005,April,Druid Peak,286F,480M,"Cache Creek Area, YNP",Druid Peak,-,2005,N/A,unknown,Unknown,"Cache Creek Area, YNP",Pup Druid Creek,,,Yes,No,
1736,P7234,?,?,2005,April,Druid Peak,286F,480M,"Cache Creek Area, YNP",Druid Peak,-,2005,N/A,unknown,Unknown,"Cache Creek Area, YNP",Pup Druid Creek,,,Yes,No,
1737,P7131,?,g,2005,April,Gibbon Meadows,537F,257M,"Gibbon Meadows, YNP",Gibbon Meadows,-,N/A,2005,unknown,N/A,unknown,Gray Pup Gibbon Meadows ,,,Yes,No,
1738,P7134,?,?,2005,April,Leopold,209F(?),?,"Blacktail Deer Plateau, YNP",Leopold,-,N/A,2005,unknown,N/A,unknown,Pup??7134,,,Yes,No,
1739,P7135,?,?,2005,April,Leopold,209F(?),?,"Blacktail Deer Plateau, YNP",Leopold,-,N/A,2005,unknown,N/A,unknown,Pup??7135,,,Yes,No,
1740,P7136,?,?,2005,April,Leopold,209F(?),?,"Blacktail Deer Plateau, YNP",Leopold,-,N/A,2005,unknown,N/A,unknown,Pup??7136,,,Yes,No,
1741,P7137,?,?,2005,April,Leopold,209F(?),?,"Blacktail Deer Plateau, YNP",Leopold,-,N/A,2005,unknown,N/A,unknown,Pup??7137,,,Yes,No,
1742,P7138,?,?,2005,April,Leopold,209F(?),?,"Blacktail Deer Plateau, YNP",Leopold,-,N/A,2005,unknown,N/A,unknown,Pup??7138,,,Yes,No,
1743,P7139,?,?,2005,April,Leopold,209F(?),?,"Blacktail Deer Plateau, YNP",Leopold,-,N/A,2005,unknown,N/A,unknown,Pup??7139,,,Yes,No,
1744,P7140,?,?,2005,April,Leopold,209F(?),?,"Blacktail Deer Plateau, YNP",Leopold,-,N/A,2005,unknown,N/A,unknown,Pup??7140,,,Yes,No,
1745,P7141,?,?,2005,April,Leopold,209F(?),?,"Blacktail Deer Plateau, YNP",Leopold,-,N/A,2005,unknown,N/A,unknown,Pup??7141,,,Yes,No,
1746,P7142,?,?,2005,April,Leopold,209F(?),?,"Blacktail Deer Plateau, YNP",Leopold,-,N/A,2005,unknown,N/A,unknown,Pup??7142,,,Yes,No,
1747,P7143,?,?,2005,April,Leopold,209F(?),?,"Blacktail Deer Plateau, YNP",Leopold,-,N/A,2005,unknown,N/A,unknown,Pup??7143,,,Yes,No,
1748,P7144,?,?,2005,April,Leopold,209F(?),?,"Blacktail Deer Plateau, YNP",Leopold,-,N/A,2005,unknown,N/A,unknown,Pup??7144,,,Yes,No,
1749,P7145,?,?,2005,April,Leopold,209F(?),?,"Blacktail Deer Plateau, YNP",Leopold,-,N/A,2005,unknown,N/A,unknown,Pup??7145,,,Yes,No,
1750,P7146,?,?,2005,April,Leopold,209F(?),?,"Blacktail Deer Plateau, YNP",Leopold,-,N/A,2005,unknown,N/A,unknown,Pup??7146,,,Yes,No,
1751,P7147,?,?,2005,April,Leopold,209F(?),?,"Blacktail Deer Plateau, YNP",Leopold,-,N/A,2005,unknown,N/A,unknown,Pup??7147,,,Yes,No,
1752,P7148,?,?,2005,April,Leopold,209F(?),?,"Blacktail Deer Plateau, YNP",Leopold,-,N/A,2005,unknown,N/A,unknown,Pup??7148,,,Yes,No,
1753,P7149,?,?,2005,April,Leopold,209F(?),?,"Blacktail Deer Plateau, YNP",Leopold,-,N/A,2005,unknown,N/A,unknown,Pup??7149,,,Yes,No,
1754,P7150,?,?,2005,April,Leopold,209F(?),?,"Blacktail Deer Plateau, YNP",Leopold,-,N/A,2005,unknown,N/A,unknown,Pup??7150,,,Yes,No,
1755,P7151,?,?,2005,April,Leopold,209F(?),?,"Blacktail Deer Plateau, YNP",Leopold,-,N/A,2005,unknown,N/A,unknown,Pup??7151,,,Yes,No,
1756,P7152,?,?,2005,April,Leopold,209F(?),?,"Blacktail Deer Plateau, YNP",Leopold,-,N/A,2005,unknown,N/A,unknown,Pup??7152,,,Yes,No,
1757,P7180,?,?,2005,April,Yellowstone Delta,126F(?),487M(?),"Thorofare, Southeastern YNP",Yellowstone Delta,-,N/A,2005,unknown,N/A,unknown,Pup Yellowstone Delta,,,Yes,No,
1758,P7181,?,?,2005,April,Yellowstone Delta,126F(?),487M(?),"Thorofare, Southeastern YNP",Yellowstone Delta,-,N/A,2005,unknown,N/A,unknown,Pup Yellowstone Delta,,,Yes,No,
1759,P7182,?,?,2005,April,Yellowstone Delta,126F(?),487M(?),"Thorofare, Southeastern YNP",Yellowstone Delta,-,N/A,2005,unknown,N/A,unknown,Pup Yellowstone Delta,,,Yes,No,
1760,P7183,?,?,2005,April,Yellowstone Delta,126F(?),487M(?),"Thorofare, Southeastern YNP",Yellowstone Delta,-,N/A,2005,unknown,N/A,unknown,Pup Yellowstone Delta,,,Yes,No,
1761,P7184,?,?,2005,April,Yellowstone Delta,126F(?),487M(?),"Thorofare, Southeastern YNP",Yellowstone Delta,-,N/A,2005,unknown,N/A,unknown,Pup Yellowstone Delta,,,Yes,No,
1762,P7235,?,?,2006,April,Agate Creek,472F,113M,"Antelope Creek Area, YNP",Agate Creek,-,N/A,2006,unknown,N/A,unknown,Pup Agate Creek,,,Yes,No,
1763,P7236,?,?,2006,April,Agate Creek,472F,113M,"Antelope Creek Area, YNP",Agate Creek,-,N/A,2006,unknown,N/A,unknown,Pup Agate Creek,,,Yes,No,
1764,P7237,?,?,2006,April,Agate Creek,472F,113M,"Antelope Creek Area, YNP",Agate Creek,-,N/A,2006,unknown,N/A,unknown,Pup Agate Creek,,,Yes,No,
1765,P7238,?,?,2006,April,Agate Creek,472F,113M,"Antelope Creek Area, YNP",Agate Creek,-,N/A,2006,unknown,N/A,unknown,Pup Agate Creek,,,Yes,No,
1766,P7239,?,?,2006,April,Bechler,BSA,192M," Bechler Area, Southwestern YNP",Bechler,-,N/A,2006,unknown,N/A,unknown,Pup Bechler,,,Yes,No,
1767,P7240,?,?,2006,April,Bechler,BSA,192M," Bechler Area, Southwestern YNP",Bechler,-,N/A,2006,unknown,N/A,unknown,Pup Bechler,,,Yes,No,
1768,P7241,?,?,2006,April,Bechler,BSA,192M," Bechler Area, Southwestern YNP",Bechler,-,N/A,2006,unknown,N/A,unknown,Pup Bechler,,,Yes,No,
1769,P7242,?,?,2006,April,Bechler,BSA,192M," Bechler Area, Southwestern YNP",Bechler,-,N/A,2006,unknown,N/A,unknown,Pup Bechler,,,Yes,No,
1770,P7243,?,?,2006,April,Bechler,BSA,192M," Bechler Area, Southwestern YNP",Bechler,-,N/A,2006,unknown,N/A,unknown,Pup Bechler,,,Yes,No,
1771,P8230,?,?,2006,April,Druid Peak,529F,480M,"Round Prairie Area, Northeast YNP",Druid Peak,-,N/A,2006,unknown,N/A,unknown,Pup??8230,,,Yes,No,
1772,P8231,?,?,2006,April,Druid Peak,529F,480M,"Round Prairie Area, Northeast YNP",Druid Peak,-,2006,N/A,unknown,Unknown,"Round Prairie Area, Northeast YNP",Pup Druid Peak,,,Yes,No,
1773,P8232,?,?,2006,April,Druid Peak,529F,480M,"Round Prairie Area, Northeast YNP",Druid Peak,-,2006,N/A,unknown,Unknown,"Round Prairie Area, Northeast YNP",Pup Druid Peak,,,Yes,No,
1774,P8233,?,?,2006,April,Druid Peak,529F,480M,"Round Prairie Area, Northeast YNP",Druid Peak,-,2006,N/A,unknown,Unknown,"Round Prairie Area, Northeast YNP",Pup Druid Peak,,,Yes,No,
1775,P8234,?,?,2006,April,Druid Peak,529F,480M,"Round Prairie Area, Northeast YNP",Druid Peak,-,N/A,2006,unknown,N/A,unknown,Pup Druid Peak,,,Yes,No,
1776,P8235,?,?,2006,April,Druid Peak,529F,480M,"Round Prairie Area, Northeast YNP",Druid Peak,-,N/A,2006,unknown,N/A,unknown,Pup Druid Peak,,,Yes,No,
1777,P8236,?,?,2006,April,Druid Peak,529F,480M,"Round Prairie Area, Northeast YNP",Druid Peak,-,N/A,2006,unknown,N/A,unknown,Pup Druid Peak,,,Yes,No,
1778,P8237,?,?,2006,April,Druid Peak,529F,480M,"Round Prairie Area, Northeast YNP",Druid Peak,-,N/A,2006,unknown,N/A,unknown,Pup Druid Peak,,,Yes,No,
1779,P7109,?,?,2006,April,Gibbon Meadows,537F,258M,"Gibbon Meadows, YNP",Gibbon Meadows,-,N/A,2006,unknown,N/A,unknown,Pup??7109,,,Yes,No,
1780,P7110,?,?,2006,April,Gibbon Meadows,537F,258M,"Gibbon Meadows, YNP",Gibbon Meadows,-,2006,N/A,unknown,Unknown,"Gibbon Meadows, YNP",Pup??7110,,,Yes,No,
1781,P7111,?,?,2006,April,Gibbon Meadows,537F,258M,"Gibbon Meadows, YNP",Gibbon Meadows,-,N/A,2006,unknown,N/A,unknown,Pup??7111,,,Yes,No,
1782,P7123,?,?,2006,April,Hellroaring Creek,353F,287M,"Geode Creek Area, Northern YNP",Hellroaring Creek,-,2006,N/A,November,Unknown,unknown,Pup??7123,,,Yes,No,
1783,P7124,?,?,2006,April,Hellroaring Creek,353F,287M,"Geode Creek Area, Northern YNP",Hellroaring Creek,-,2006,N/A,November,Unknown,unknown,Pup??7124,,,Yes,No,
1784,P7125,?,?,2006,April,Hellroaring Creek,353F,287M,"Geode Creek Area, Northern YNP",Hellroaring Creek,-,2006,N/A,November,Unknown,unknown,Pup??7125,,,Yes,No,
1785,P7126,?,?,2006,April,Hellroaring Creek,353F,287M,"Geode Creek Area, Northern YNP",Hellroaring Creek,-,N/A,2006,unknown,N/A,unknown,Pup??7126,,,Yes,No,
1786,P7153,?,?,2006,April,Leopold,209F(?),534M,"Blacktail Deer Plateau, YNP",Leopold,-,2006,N/A,unknown,Unknown,"Blacktail Deer Plateau, YNP",Pup??7153,,,Yes,No,
1787,P7154,?,?,2006,April,Leopold,209F(?),534M,"Blacktail Deer Plateau, YNP",Leopold,-,2006,N/A,unknown,Unknown,"Blacktail Deer Plateau, YNP",Pup??7154,,,Yes,No,
1788,P7155,?,?,2006,April,Leopold,209F(?),534M,"Blacktail Deer Plateau, YNP",Leopold,-,2006,N/A,unknown,Unknown,"Blacktail Deer Plateau, YNP",Pup??7155,,,Yes,No,
1789,P7156,?,?,2006,April,Leopold,209F(?),534M,"Blacktail Deer Plateau, YNP",Leopold,-,N/A,2006,unknown,N/A,unknown,Pup??7156,,,Yes,No,
1790,P7157,?,?,2006,April,Leopold,209F(?),534M,"Blacktail Deer Plateau, YNP",Leopold,-,N/A,2006,unknown,N/A,unknown,Pup??7157,,,Yes,No,
1791,P7158,?,?,2006,April,Leopold,209F(?),534M,"Blacktail Deer Plateau, YNP",Leopold,-,N/A,2006,unknown,N/A,unknown,Pup??7158,,,Yes,No,
1792,P7159,?,?,2006,April,Leopold,209F(?),534M,"Blacktail Deer Plateau, YNP",Leopold,-,N/A,2006,unknown,N/A,unknown,Pup??7159,,,Yes,No,
1793,P7160,?,?,2006,April,Leopold,209F(?),534M,"Blacktail Deer Plateau, YNP",Leopold,-,N/A,2006,unknown,N/A,unknown,Pup??7160,,,Yes,No,
1794,P7161,?,?,2006,April,Leopold,209F(?),534M,"Blacktail Deer Plateau, YNP",Leopold,-,N/A,2006,unknown,N/A,unknown,Pup??7161,,,Yes,No,
1795,P7162,?,?,2006,April,Leopold,209F(?),534M,"Blacktail Deer Plateau, YNP",Leopold,-,N/A,2006,unknown,N/A,unknown,Pup??7162,,,Yes,No,
1796,P7163,?,?,2006,April,Leopold,209F(?),534M,"Blacktail Deer Plateau, YNP",Leopold,-,N/A,2006,unknown,N/A,unknown,Pup??7163,,,Yes,No,
1797,P7164,?,?,2006,April,Leopold,209F(?),534M,"Blacktail Deer Plateau, YNP",Leopold,-,N/A,2006,unknown,N/A,unknown,Pup??7164,,,Yes,No,
1798,P7165,?,?,2006,April,Leopold,209F(?),534M,"Blacktail Deer Plateau, YNP",Leopold,-,N/A,2006,unknown,N/A,unknown,Pup??7165,,,Yes,No,incorecctly in tree as born in 2016
1799,P7166,?,?,2006,April,Leopold,209F(?),534M,"Blacktail Deer Plateau, YNP",Leopold,-,N/A,2006,unknown,N/A,unknown,Pup??7166,,,Yes,No,
1800,P7167,?,?,2006,April,Leopold,209F(?),534M,"Blacktail Deer Plateau, YNP",Leopold,-,N/A,2006,unknown,N/A,unknown,Pup??7167,,,Yes,No,
1801,P7168,?,?,2006,April,Leopold,209F(?),534M,"Blacktail Deer Plateau, YNP",Leopold,-,N/A,2006,unknown,N/A,unknown,Pup??7168,,,Yes,No,
1802,P7244,?,?,2006,April,Mollie's,486F,193M,"Pelican Valley, YNP",Mollie's,-,2006,N/A,unknown,Unknown,unknown,Pup Mollie's,,,Yes,No,
1803,P7245,?,?,2006,April,Mollie's,486F,193M,"Pelican Valley, YNP",Mollie's,-,N/A,2006,unknown,N/A,unknown,Pup Mollie's,,,Yes,No,
1804,P7246,?,?,2006,April,Mollie's,486F,193M,"Pelican Valley, YNP",Mollie's,-,N/A,2006,unknown,N/A,unknown,Pup Mollie's,,,Yes,No,
1805,P7247,?,?,2006,April,Mollie's,486F,193M,"Pelican Valley, YNP",Mollie's,-,N/A,2006,unknown,N/A,unknown,Pup Mollie's,,,Yes,No,
1806,P7248,?,?,2006,April,Mollie's,486F,193M,"Pelican Valley, YNP",Mollie's,-,N/A,2006,unknown,N/A,unknown,Pup Mollie's,,,Yes,No,
1807,P7185,?,?,2006,April,Oxbow Creek,536F (470F?),627M,"Geode Creek Area, Northern YNP",Oxbow Creek,-,N/A,2006,unknown,N/A,unknown,Pup??7185,,,Yes,No,
1808,P7186,?,?,2006,April,Oxbow Creek,536F (470F?),627M,"Geode Creek Area, Northern YNP",Oxbow Creek,-,N/A,2006,unknown,N/A,unknown,Pup??7186,,,Yes,No,
1809,P7187,?,?,2006,April,Oxbow Creek,536F (470F?),627M,"Geode Creek Area, Northern YNP",Oxbow Creek,-,N/A,2006,unknown,N/A,unknown,Pup??7187,,,Yes,No,
1810,P7188,?,?,2006,April,Oxbow Creek,536F (470F?),627M,"Geode Creek Area, Northern YNP",Oxbow Creek,-,N/A,2006,unknown,N/A,unknown,Pup??7188,,,Yes,No,
1811,P7189,?,?,2006,April,Oxbow Creek,536F (470F?),627M,"Geode Creek Area, Northern YNP",Oxbow Creek,-,N/A,2006,unknown,N/A,unknown,Pup??7189,,,Yes,No,
1812,P7190,?,?,2006,April,Oxbow Creek,536F (470F?),627M,"Geode Creek Area, Northern YNP",Oxbow Creek,-,N/A,2006,unknown,N/A,unknown,Pup??7190,,,Yes,No,
1813,P7191,?,?,2006,April,Oxbow Creek,536F (470F?),627M,"Geode Creek Area, Northern YNP",Oxbow Creek,-,N/A,2006,unknown,N/A,unknown,Pup??7191,,,Yes,No,
1814,P7192,?,?,2006,April,Oxbow Creek,536F (470F?),627M,"Geode Creek Area, Northern YNP",Oxbow Creek,-,N/A,2006,unknown,N/A,unknown,Pup??7192,,,Yes,No,
1815,P7193,?,?,2006,April,Oxbow Creek,536F (470F?),627M,"Geode Creek Area, Northern YNP",Oxbow Creek,-,2006,N/A,unknown,Unknown,unknown,Pup??7193,,,Yes,No,
1816,P7194,?,?,2006,April,Oxbow Creek,536F (470F?),627M,"Geode Creek Area, Northern YNP",Oxbow Creek,-,2006,N/A,unknown,Unknown,"Geode Creek Area, Northern YNP",Pup??7194,,,Yes,No,
1817,P7222,?,?,2006,April,Swan Lake,?,295M,"Gardner's Hole/Swan Lake Flat Area, YNP",Swan Lake,-,N/A,2006,unknown,N/A,unknown,Pup Swan Lake,,,Yes,No,
1818,P7223,?,?,2006,April,Swan Lake,?,295M,"Gardner's Hole/Swan Lake Flat Area, YNP",Swan Lake,-,N/A,2006,unknown,N/A,unknown,Pup Swan Lake,,,Yes,No,
1819,P7224,?,?,2006,April,Swan Lake,?,295M,"Gardner's Hole/Swan Lake Flat Area, YNP",Swan Lake,-,N/A,2006,unknown,N/A,unknown,Pup Swan Lake,,,Yes,No,
1820,P7225,?,?,2006,April,Swan Lake,?,295M,"Gardner's Hole/Swan Lake Flat Area, YNP",Swan Lake,-,N/A,2006,unknown,N/A,unknown,Pup Swan Lake,,,Yes,No,
1821,P7226,?,?,2006,April,Swan Lake,?,295M,"Gardner's Hole/Swan Lake Flat Area, YNP",Swan Lake,-,N/A,2006,unknown,N/A,unknown,Pup??7226,,,Yes,No,
1822,P7227,?,?,2006,April,Swan Lake,?,295M,"Gardner's Hole/Swan Lake Flat Area, YNP",Swan Lake,-,N/A,2006,unknown,N/A,unknown,Pup??7227,,,Yes,No,
1823,P7329,?,?,2006,April,Yellowstone Delta,126F,487M,"Thorofare, Southeastern YNP",Yellowstone Delta,-,N/A,2006,unknown,N/A,unknown,Pup??7329,,,Yes,No,
1824,P7330,?,?,2006,April,Yellowstone Delta,126F,487M,"Thorofare, Southeastern YNP",Yellowstone Delta,-,N/A,2006,unknown,N/A,unknown,Pup??7330,,,Yes,No,
1825,P7331,?,?,2006,April,Yellowstone Delta,126F,487M,"Thorofare, Southeastern YNP",Yellowstone Delta,-,N/A,2006,unknown,N/A,unknown,Pup??7331,,,Yes,No,
1826,P7332,?,?,2006,April,Yellowstone Delta,126F,487M,"Thorofare, Southeastern YNP",Yellowstone Delta,-,N/A,2006,unknown,N/A,unknown,Pup??7332,,,Yes,No,
1827,P7333,?,?,2006,April,Yellowstone Delta,126F,487M,"Thorofare, Southeastern YNP",Yellowstone Delta,-,N/A,2006,unknown,N/A,unknown,Pup??7333,,,Yes,No,
1828,P7334,?,?,2006,April,Yellowstone Delta,126F,487M,"Thorofare, Southeastern YNP",Yellowstone Delta,-,N/A,2006,unknown,N/A,unknown,Pup??7334,,,Yes,No,
1829,P7335,?,?,2006,April,Yellowstone Delta,126F,487M,"Thorofare, Southeastern YNP",Yellowstone Delta,-,N/A,2006,unknown,N/A,unknown,Pup??7335,,,Yes,No,
1830,P7249,?,?,2007,April,Agate Creek,472F,383M,"Antelope Creek Area, YNP",Agate Creek,-,N/A,2007,unknown,N/A,unknown,Pup Agate Creek,,,Yes,No,
1831,P7250,?,?,2007,April,Agate Creek,472F,383M,"Antelope Creek Area, YNP",Agate Creek,-,N/A,2007,unknown,N/A,unknown,Pup Agate Creek,,,Yes,No,
1832,P7251,?,?,2007,April,Agate Creek,472F,383M,"Antelope Creek Area, YNP",Agate Creek,-,N/A,2007,unknown,N/A,unknown,Pup Agate Creek,,,Yes,No,
1833,P7252,?,?,2007,April,Agate Creek,472F,383M,"Antelope Creek Area, YNP",Agate Creek,-,N/A,2007,unknown,N/A,unknown,Pup Agate Creek,,,Yes,No,
1834,P7253,?,?,2007,April,Agate Creek,472F,383M,"Antelope Creek Area, YNP",Agate Creek,-,N/A,2007,unknown,N/A,unknown,Pup Agate Creek,,,Yes,No,
1835,P7254,?,?,2007,April,Bechler,BSA,192M," Bechler Area, Southwestern YNP",Bechler,-,N/A,2007,unknown,N/A,unknown,Pup Bechler,,,Yes,No,
1836,P7255,?,?,2007,April,Bechler,BSA,192M," Bechler Area, Southwestern YNP",Bechler,-,N/A,2007,unknown,N/A,unknown,Pup Bechler,,,Yes,No,
1837,P7256,?,?,2007,April,Bechler,BSA,192M," Bechler Area, Southwestern YNP",Bechler,-,N/A,2007,unknown,N/A,unknown,Pup Bechler,,,Yes,No,
1838,P7062 CC,?,?,2007,April,Cougar Creek,151F,303M,"Madison Valley Area, YNP",Cougar Creek,-,N/A,2007,unknown,N/A,unknown,Pup??7062,,,Yes,No,
1839,P7063,?,?,2007,April,Cougar Creek,151F,303M,"Madison Valley Area, YNP",Cougar Creek,-,N/A,2007,unknown,N/A,unknown,Pup??7063,,,Yes,No,
1840,P7064,?,?,2007,April,Cougar Creek,151F,303M,"Madison Valley Area, YNP",Cougar Creek,-,N/A,2007,unknown,N/A,unknown,Pup??7064,,,Yes,No,
1841,P7132,?,?,2007,April,Druid Peak,569F,480M,"Cache Creek Area, Upper Lamar Valley YNP",Druid Peak,-,N/A,2007,unknown,N/A,unknown,Pup Druid Peak,,,Yes,No,
1842,P7133,?,?,2007,April,Druid Peak,569F,480M,"Cache Creek Area, Upper Lamar Valley YNP",Druid Peak,-,N/A,2007,unknown,N/A,unknown,Pup Druid Peak,,,Yes,No,
1843,P7045,?,g,2007,April,Hayden Valley,540F,541M,"Hayden Valley Area, YNP",Hayden Valley,-,N/A,2007,unknown,N/A,unknown,Gray Pup Hayden Valley,,,Yes,No,probably killed by Gibbons pack near Old Faithful
1844,P7046,?,g,2007,April,Hayden Valley,540F,541M,"Hayden Valley Area, YNP",Hayden Valley,-,N/A,2007,unknown,N/A,unknown,Gray Pup Hayden Valley,,,Yes,No,
1845,P7047,?,g,2007,April,Hayden Valley,540F,541M,"Hayden Valley Area, YNP",Hayden Valley,-,N/A,2007,unknown,N/A,unknown,Gray Pup Hayden Valley,,,Yes,No,
1846,P7169,?,?,2007,April,Leopold,209F,534M,"Blacktail Deer Plateau, YNP",Leopold,-,N/A,2007,unknown,N/A,unknown,Pup??7169,,,Yes,No,
1847,P7170,?,?,2007,April,Leopold,209F,534M,"Blacktail Deer Plateau, YNP",Leopold,-,2007,N/A,unknown,Unknown,"Blacktail Deer Plateau, YNP",Pup??7170,,,Yes,No,
1848,P7048,?,?,2007,April,Mollie's,486F,193M,"Pelican Valley, YNP",Mollie's,-,N/A,2007,unknown,N/A,unknown,Pup Mollie's,,,Yes,No,
1849,P7195,?,?,2007,April,Oxbow Creek,470F,627M,"Geode Creek Area, Northern YNP",Oxbow Creek,-,2007,N/A,unknown,Unknown,"Geode Creek Area, Northern YNP",Pup??7195,,,Yes,No,
1850,P7382,?,g,2007,April,Oxbow Creek,536F,627M,"Geode Creek Area, Northern YNP",Oxbow Creek,-,2007,N/A,April,Unknown,"Geode Creek Area, Northern YNP",Pup?g7382,,,Yes,No,
1851,P7383,?,g,2007,April,Oxbow Creek,536F,627M,"Geode Creek Area, Northern YNP",Oxbow Creek,-,2007,N/A,unknown,Unknown,"Geode Creek Area, Northern YNP",Pup?g7383,,,Yes,No,
1852,P7384,?,g,2007,April,Oxbow Creek,536F,627M,"Geode Creek Area, Northern YNP",Oxbow Creek,-,2007,N/A,unknown,Unknown,"Geode Creek Area, Northern YNP",Pup?g7384,,,Yes,No,
1853,P7385,?,g,2007,April,Oxbow Creek,536F,627M,"Geode Creek Area, Northern YNP",Oxbow Creek,-,N/A,2007,unknown,N/A,unknown,Pup?g7385,,,Yes,No,
1854,P7386,?,g,2007,April,Oxbow Creek,536F,627M,"Geode Creek Area, Northern YNP",Oxbow Creek,-,N/A,2007,unknown,N/A,unknown,Pup?g7386,,,Yes,No,
1855,P7387,?,g,2007,April,Oxbow Creek,536F,627M,"Geode Creek Area, Northern YNP",Oxbow Creek,-,N/A,2007,unknown,N/A,unknown,Pup?g7387,,,Yes,No,
1856,P7388,?,g,2007,April,Oxbow Creek,536F,627M,"Geode Creek Area, Northern YNP",Oxbow Creek,-,N/A,2007,unknown,N/A,unknown,Pup?g7388,,,Yes,No,
1857,P7389,?,g,2007,April,Oxbow Creek,536F,627M,"Geode Creek Area, Northern YNP",Oxbow Creek,-,N/A,2007,unknown,N/A,unknown,Pup?g7389,,,Yes,No,
1858,P7390,?,g,2007,April,Oxbow Creek,536F,627M,"Geode Creek Area, Northern YNP",Oxbow Creek,-,N/A,2007,unknown,N/A,unknown,Pup?g7390,,,Yes,No,
1859,P7391,?,g,2007,April,Oxbow Creek,536F,627M,"Geode Creek Area, Northern YNP",Oxbow Creek,-,N/A,2007,unknown,N/A,unknown,Pup?g7391,,,Yes,No,
1860,P7204,?,?,2007,April,Slough Creek,380F,?,"Slough Creek Area, YNP",Slough Creek,-,2007,N/A,unknown,Unknown,"Slough Creek Area, YNP",Pup??7204,,,Yes,No,
1861,P7205,?,?,2007,April,Slough Creek,380F,?,"Slough Creek Area, YNP",Slough Creek,-,2007,N/A,unknown,Unknown,"Slough Creek Area, YNP",Pup??7205,,,Yes,No,
1862,P7206,?,?,2007,April,Slough Creek,380F,?,"Slough Creek Area, YNP",Slough Creek,-,2007,N/A,unknown,Unknown,"Slough Creek Area, YNP",Pup??7206,,,Yes,No,
1863,P7207,?,?,2007,April,Slough Creek,380F,?,"Slough Creek Area, YNP",Slough Creek,-,2007,N/A,unknown,Unknown,"Slough Creek Area, YNP",Pup??7207,,,Yes,No,
1864,P7208,?,?,2007,April,Slough Creek,380F,?,"Slough Creek Area, YNP",Slough Creek,-,N/A,2007,unknown,N/A,unknown,Pup??7208,,,Yes,No,
1865,P7209,?,?,2007,April,Slough Creek,380F,?,"Slough Creek Area, YNP",Slough Creek,-,N/A,2007,unknown,N/A,unknown,Pup??7209,,,Yes,No,
1866,P7210,?,?,2007,April,Slough Creek,380F,?,"Slough Creek Area, YNP",Slough Creek,-,N/A,2007,unknown,N/A,unknown,Pup??7210,,,Yes,No,
1867,P7211,?,?,2007,April,Slough Creek,380F,?,"Slough Creek Area, YNP",Slough Creek,-,N/A,2007,unknown,N/A,unknown,Pup??7211,,,Yes,No,
1868,P7212,?,?,2007,April,Slough Creek,380F,?,"Slough Creek Area, YNP",Slough Creek,-,N/A,2007,unknown,N/A,unknown,Pup??7212,,,Yes,No,
1869,P7213,?,?,2007,April,Slough Creek,380F,?,"Slough Creek Area, YNP",Slough Creek,-,N/A,2007,unknown,N/A,unknown,Pup??7213,,,Yes,No,
1870,P7214,?,?,2007,April,Slough Creek,380F,?,"Slough Creek Area, YNP",Slough Creek,-,N/A,2007,unknown,N/A,unknown,Pup??7214,,,Yes,No,
1871,P7215,?,?,2007,April,Slough Creek,380F,?,"Slough Creek Area, YNP",Slough Creek,-,N/A,2007,unknown,N/A,unknown,Pup??7215,,,Yes,No,
1872,P7216,?,?,2007,April,Slough Creek,380F,?,"Slough Creek Area, YNP",Slough Creek,-,N/A,2007,unknown,N/A,unknown,Pup??7216,,,Yes,No,
1873,P7336,?,?,2007,April,Yellowstone Delta,126F,?,"Thorofare, Southeastern YNP",Yellowstone Delta,-,N/A,2007,unknown,N/A,unknown,Pup??7336,,,Yes,No,
1874,P7337,?,?,2007,April,Yellowstone Delta,126F,?,"Thorofare, Southeastern YNP",Yellowstone Delta,-,N/A,2007,unknown,N/A,unknown,Pup??7337,,,Yes,No,
1875,P7338,?,?,2007,April,Yellowstone Delta,126F,?,"Thorofare, Southeastern YNP",Yellowstone Delta,-,N/A,2007,unknown,N/A,unknown,Pup??7338,,,Yes,No,
1876,P7070,?,?,2008,April,Bechler,BSA,192M," Bechler Area, Southwestern YNP",Bechler,-,N/A,2008,unknown,N/A,unknown,Pup Bechler,,,Yes,No,
1877,P7071,?,?,2008,April,Bechler,BSA,192M," Bechler Area, Southwestern YNP",Bechler,-,N/A,2008,unknown,N/A,unknown,Pup Bechler,,,Yes,No,
1878,P7257,?,?,2008,April,Druid Peak,569F,480M,"Lamar Valley, YNP",Druid Peak,-,2008,N/A,unknown,Unknown,"Lamar Valley, YNP",Pup Druid Peak,,,Yes,No,
1879,P7258,?,?,2008,April,Druid Peak,569F,480M,"Lamar Valley, YNP",Druid Peak,-,2008,N/A,unknown,Unknown,"Lamar Valley, YNP",Pup Druid Peak,,,Yes,No,
1880,P7259,?,?,2008,April,Druid Peak,569F,480M,"Lamar Valley, YNP",Druid Peak,-,2008,N/A,unknown,Unknown,"Lamar Valley, YNP",Pup Druid Peak,,,Yes,No,
1881,P7260,?,?,2008,April,Druid Peak,569F,480M,"Lamar Valley, YNP",Druid Peak,-,2008,N/A,unknown,Unknown,"Lamar Valley, YNP",Pup Druid Peak,,,Yes,No,
1882,P7261,?,?,2008,April,Druid Peak,569F,480M,"Lamar Valley, YNP",Druid Peak,-,2008,N/A,unknown,Unknown,"Lamar Valley, YNP",Pup Druid Peak,,,Yes,No,
1883,P7262,?,?,2008,April,Druid Peak,569F,480M,"Lamar Valley, YNP",Druid Peak,-,2008,N/A,unknown,Unknown,"Lamar Valley, YNP",Pup Druid Peak,,,Yes,No,
1884,P7263,?,?,2008,April,Druid Peak,569F,480M,"Lamar Valley, YNP",Druid Peak,-,2008,N/A,unknown,Unknown,"Lamar Valley, YNP",Pup Druid Peak,,,Yes,No,
1885,P7264,?,?,2008,April,Druid Peak,569F,480M,"Lamar Valley, YNP",Druid Peak,-,2008,N/A,unknown,Unknown,"Lamar Valley, YNP",Pup Druid Peak,,,Yes,No,
1886,P7265,?,?,2008,April,Druid Peak,569F,480M,"Lamar Valley, YNP",Druid Peak,-,2008,N/A,unknown,Unknown,"Lamar Valley, YNP",Pup Druid Peak,,,Yes,No,
1887,P7266,?,?,2008,April,Druid Peak,569F,480M,"Lamar Valley, YNP",Druid Peak,-,2008,N/A,unknown,Unknown,"Lamar Valley, YNP",Pup Druid Peak,,,Yes,No,
1888,P7267,?,?,2008,April,Druid Peak,569F,480M,"Lamar Valley, YNP",Druid Peak,-,2008,N/A,unknown,Unknown,"Lamar Valley, YNP",Pup Druid Peak,,,Yes,No,
1889,P7268,?,?,2008,April,Druid Peak,569F,480M,"Lamar Valley, YNP",Druid Peak,-,2008,N/A,unknown,Unknown,"Lamar Valley, YNP",Pup Druid Peak,,,Yes,No,
1890,P7269,?,?,2008,April,Druid Peak,569F,480M,"Lamar Valley, YNP",Druid Peak,-,N/A,2008,unknown,N/A,unknown,Pup Druid Peak,,,Yes,No,
1891,P7270,?,?,2008,April,Druid Peak,569F,480M,"Lamar Valley, YNP",Druid Peak,-,N/A,2008,unknown,N/A,unknown,Pup Druid Peak,,,Yes,No,
1892,P7271,?,?,2008,April,Druid Peak,569F,480M,"Lamar Valley, YNP",Druid Peak,-,N/A,2008,unknown,N/A,unknown,Pup Druid Peak,,,Yes,No,
1893,P7272,?,?,2008,April,Druid Peak,569F,480M,"Lamar Valley, YNP",Druid Peak,-,2008,N/A,unknown,Unknown,"Lamar Valley, YNP",Pup Druid Peak,,,Yes,No,
1894,P7112,?,?,2008,April,Gibbon Meadows,537F,258M,"Gibbon Meadows, YNP",Gibbon Meadows,-,N/A,2008,unknown,N/A,unknown,Pup??7112,,,Yes,No,
1895,P7113,?,?,2008,April,Gibbon Meadows,537F,258M,"Gibbon Meadows, YNP",Gibbon Meadows,-,N/A,2008,unknown,N/A,unknown,Pup??7113,,,Yes,No,
1896,P7114,?,?,2008,April,Gibbon Meadows,537F,258M,"Gibbon Meadows, YNP",Gibbon Meadows,-,N/A,2008,unknown,N/A,unknown,Pup??7114,,,Yes,No,
1897,P7115,?,?,2008,April,Gibbon Meadows,537F,258M,"Gibbon Meadows, YNP",Gibbon Meadows,-,N/A,2008,unknown,N/A,unknown,Pup??7115,,,Yes,No,
1898,P7072,?,?,2008,April,Mollie's,486F,587M,"Pelican Valley, YNP",Mollie's,-,N/A,2008,unknown,N/A,unknown,Pup Mollie's,,,Yes,No,
1899,P7073,?,?,2008,April,Mollie's,486F,587M,"Pelican Valley, YNP",Mollie's,-,N/A,2008,unknown,N/A,unknown,Pup Mollie's,,,Yes,No,
1900,P8198,?,?,2008,April,Mount Everts,?,685M,"Mount Everts, YNP",Mount Everts,-,N/A,2008,unknown,N/A,unknown,Pup??8198,,,Yes,No,
1901,P8199,?,?,2008,April,Mount Everts,?,685M,"Mount Everts, YNP",Mount Everts,-,N/A,2008,unknown,N/A,unknown,Pup??8199,,,Yes,No,
1902,P7273,?,?,2008,April,Quadrant Mountain,469F,695M,"Gardner's Hole/Swan Lake Flat Area, YNP",Quadrant Mountain,-,N/A,2008,unknown,N/A,unknown,Pup Quadrant Mountain,,,Yes,No,
1903,P7274,?,?,2008,April,Quadrant Mountain,469F,695M,"Gardner's Hole/Swan Lake Flat Area, YNP",Quadrant Mountain,-,N/A,2008,unknown,N/A,unknown,Pup Quadrant Mountain,,,Yes,No,
1904,P7275,?,?,2008,April,Yellowstone Delta,126F,?,"Thorofare, Southeastern YNP",Yellowstone Delta,-,N/A,2008,unknown,N/A,unknown,Pup Yellowstone Delta,,,Yes,No,
1905,P7276,?,?,2008,April,Yellowstone Delta,126F,?,"Thorofare, Southeastern YNP",Yellowstone Delta,-,N/A,2008,unknown,N/A,unknown,Pup Yellowstone Delta,,,Yes,No,
1906,P7277,?,?,2009,April,Blacktail,693F (642F?),302M,"Blacktail Deer Plateau, YNP",Blacktail,-,N/A,2009,unknown,N/A,unknown,Pup Blacktail Deer Plateau,,,Yes,No,
1907,P7278,?,?,2009,April,Blacktail,693F (642F?),302M,"Blacktail Deer Plateau, YNP",Blacktail,-,N/A,2009,unknown,N/A,unknown,Pup Blacktail Deer Plateau,,,Yes,No,
1908,P7279,?,?,2009,April,Blacktail,693F (642F?),302M,"Blacktail Deer Plateau, YNP",Blacktail,-,2009,N/A,unknown,Unknown,"Blacktail Deer Plateau, YNP",Pup Blacktail Deer Plateau,,,Yes,No,
1909,P7280,?,?,2009,April,Blacktail,693F (642F?),302M,"Blacktail Deer Plateau, YNP",Blacktail,-,2009,N/A,unknown,Unknown,"Blacktail Deer Plateau, YNP",Pup Blacktail Deer Plateau,,,Yes,No,
1910,P7281,?,b,2009,April,Cougar Creek,478F,689M,"Madison Valley Area, YNP",Cougar Creek,-,N/A,2009,unknown,N/A,unknown,Black Pup Cougar Creek,,,Yes,No,
1911,P7116,?,?,2009,April,Gibbon Meadows,537F,258M,"Gibbon Meadows, YNP",Gibbon Meadows,-,N/A,2009,unknown,N/A,unknown,Pup??7116,,,Yes,No,
1912,P7117,?,?,2009,April,Gibbon Meadows,537F,258M,"Gibbon Meadows, YNP",Gibbon Meadows,-,N/A,2009,unknown,N/A,unknown,Pup??7117,,,Yes,No,
1913,P7118,?,?,2009,April,Gibbon Meadows,537F,258M,"Gibbon Meadows, YNP",Gibbon Meadows,-,N/A,2009,unknown,N/A,unknown,Pup??7118,,,Yes,No,
1914,P7119,?,?,2009,April,Gibbon Meadows,537F,258M,"Gibbon Meadows, YNP",Gibbon Meadows,-,N/A,2009,unknown,N/A,unknown,Pup??7119,,,Yes,No,
1915,P7120,?,?,2009,April,Gibbon Meadows,537F,258M,"Gibbon Meadows, YNP",Gibbon Meadows,-,N/A,2009,unknown,N/A,unknown,Pup??7120,,,Yes,No,
1916,P7121,?,?,2009,April,Grayling Creek,632F,647M,Northwestern YNP,Grayling Creek,-,N/A,2009,unknown,N/A,unknown,Pup??7121,,,Yes,No,
1917,P7122,?,?,2009,April,Grayling Creek,632F,647M,Northwestern YNP,Grayling Creek,-,N/A,2009,unknown,N/A,unknown,Pup??7122,,,Yes,No,
1918,P7282,?,?,2009,April,Mollie's,486F,495M,"Pelican Valley, YNP",Mollie's,-,N/A,2009,unknown,N/A,unknown,Pup Mollie's,,,Yes,No,
1919,P7283,?,?,2009,April,Mollie's,486F,495M,"Pelican Valley, YNP",Mollie's,-,N/A,2009,unknown,N/A,unknown,Pup Mollie's,,,Yes,No,
1920,P8193,?,?,2009,April,Mount Everts,?,685M,"Mount Everts, YNP",Mount Everts,-,2009,N/A,unknown,Unknown,"Mount Everts, YNP",Pup??8193,,,Yes,No,
1921,P8194,?,?,2009,April,Mount Everts,?,685M,"Mount Everts, YNP",Mount Everts,-,2009,N/A,unknown,Unknown,"Mount Everts, YNP",Pup??8194,,,Yes,No,
1922,P8195,?,?,2009,April,Mount Everts,?,685M,"Mount Everts, YNP",Mount Everts,-,2009,N/A,unknown,Unknown,"Mount Everts, YNP",Pup??8195,,,Yes,No,
1923,P8196,?,?,2009,April,Mount Everts,?,685M,"Mount Everts, YNP",Mount Everts,-,2009,N/A,unknown,Unknown,"Mount Everts, YNP",Pup??8196,,,Yes,No,
1924,P8197,?,?,2009,April,Mount Everts,?,685M,"Mount Everts, YNP",Mount Everts,-,2009,N/A,unknown,Unknown,"Mount Everts, YNP",Pup??8197,,,Yes,No,
1925,P8001,?,g,2010,April,Agate Creek,472F,641M,"Antelope Creek Area, YNP",Agate Creek,-,N/A,2010,unknown,N/A,unknown,Gray Pup Agate Creek,,,Yes,No,
1926,P8002,?,b,2010,April,Agate Creek,472F,641M,"Antelope Creek Area, YNP",Agate Creek,-,N/A,2010,unknown,N/A,unknown,Black Pup Agate Creek,,,Yes,No,
1927,P8003,?,b,2010,April,Agate Creek,472F,641M,"Antelope Creek Area, YNP",Agate Creek,-,N/A,2010,unknown,N/A,unknown,Black Pup Agate Creek,,,Yes,No,
1928,P8004,?,?,2010,April,Blacktail,693F (642F? or 692?),778M,"Blacktail Deer Plateau, YNP",Blacktail,-,N/A,2010,unknown,N/A,unknown,Pup Blacktail Deer Plateau,,,Yes,No,
1929,P8005,?,?,2010,April,Blacktail,693F (642F? or 692?),778M,"Blacktail Deer Plateau, YNP",Blacktail,-,N/A,2010,unknown,N/A,unknown,Pup Blacktail Deer Plateau,,,Yes,No,
1930,P8006,?,?,2010,April,Blacktail,693F (642F? or 692?),778M,"Blacktail Deer Plateau, YNP",Blacktail,-,N/A,2010,unknown,N/A,unknown,Pup Blacktail Deer Plateau,,,Yes,No,
1931,P8007,?,?,2010,April,Blacktail,693F (642F? or 692?),778M,"Blacktail Deer Plateau, YNP",Blacktail,-,N/A,2010,unknown,N/A,unknown,Pup Blacktail Deer Plateau,,,Yes,No,
1932,P8008,?,?,2010,April,Blacktail,693F (642F? or 692?),778M,"Blacktail Deer Plateau, YNP",Blacktail,-,N/A,2010,unknown,N/A,unknown,Pup Blacktail Deer Plateau,,,Yes,No,
1933,P8012,?,?,2010,April,Canyon,Canyon Alpha Female,712M,"Hayden Valley Area, YNP",Canyon ,-,N/A,2010,unknown,N/A,unknown,Pup??8012,,,Yes,No,
1934,P8013,?,?,2010,April,Canyon,Canyon Alpha Female,712M,"Hayden Valley Area, YNP",Canyon ,-,N/A,2010,unknown,N/A,unknown,Pup??8013,,,Yes,No,
1935,P8009,?,g,2010,April,Lamar Canyon,832F,755M,"Slough Creek Area, YNP",Lamar Canyon,-,N/A,2010,unknown,N/A,unknown,Gray Pup Lamar Canyon,,,Yes,No,
1936,P8010,?,g,2010,April,Lamar Canyon,832F,755M,"Slough Creek Area, YNP",Lamar Canyon,-,N/A,2010,unknown,N/A,unknown,Gray Pup Lamar Canyon,,,Yes,No,
1937,P8015,?,?,2010,April,Madison,763F,762M,"Madison Valley Area, YNP",Madison,-,N/A,2010,unknown,N/A,unknown,Pup Madison,,,Yes,No,Two pups from this litter had the identifier 'Pup??8019' so this one was given an alternate number
1938,P8016,?,?,2010,April,Madison,763F,762M,"Madison Valley Area, YNP",Madison,-,N/A,2010,unknown,N/A,unknown,Pup Madison,,,Yes,No,
1939,P8017,?,?,2010,April,Madison,763F,762M,"Madison Valley Area, YNP",Madison,-,N/A,2010,unknown,N/A,unknown,Pup Madison,,,Yes,No,
1940,P8018,?,?,2010,April,Madison,763F,762M,"Madison Valley Area, YNP",Madison,-,N/A,2010,unknown,N/A,unknown,Pup Madison,,,Yes,No,
1941,P8019,?,?,2010,April,Madison,763F,762M,"Madison Valley Area, YNP",Madison,-,N/A,2010,unknown,N/A,unknown,Pup Madison,,,Yes,No,
1942,P8020,?,?,2010,April,Mary Mountain,794F,636M,"Gibbon Meadows, YNP",Mary Mountain,-,N/A,2010,unknown,N/A,unknown,Pup??8020,,,Yes,No,
1943,P8021,?,?,2010,April,Mollie's,486F,495M,"Pelican Valley, YNP",Mollie's,-,N/A,2010,unknown,N/A,unknown,Pup Mollie's,,,Yes,No,
1944,P8022,?,?,2010,April,Mollie's,486F,495M,"Pelican Valley, YNP",Mollie's,-,N/A,2010,unknown,N/A,unknown,Pup Mollie's,,,Yes,No,
1945,P8023,?,?,2010,April,Mollie's,486F,495M,"Pelican Valley, YNP",Mollie's,-,N/A,2010,unknown,N/A,unknown,Pup Mollie's,,,Yes,No,
1946,P8024,?,?,2010,April,Mollie's,486F,495M,"Pelican Valley, YNP",Mollie's,-,N/A,2010,unknown,N/A,unknown,Pup Mollie's,,,Yes,No,
1947,P8025,?,?,2010,April,Mollie's,486F,495M,"Pelican Valley, YNP",Mollie's,-,N/A,2010,unknown,N/A,unknown,Pup Mollie's,,,Yes,No,
1948,P8026,?,?,2010,April,Mollie's,486F,495M,"Pelican Valley, YNP",Mollie's,-,N/A,2010,unknown,N/A,unknown,Pup Mollie's,,,Yes,No,
1949,P8027,?,g,2010,April,Yellowstone Delta,575F,760F,"Thorofare, Southeastern YNP",Yellowstone Delta,-,N/A,2010,unknown,N/A,unknown,Pup?g8027,,,Yes,No,
1950,P8028,?,g,2010,April,Yellowstone Delta,575F,760F,"Thorofare, Southeastern YNP",Yellowstone Delta,-,N/A,2010,unknown,N/A,unknown,Pup?g8028,,,Yes,No,
1951,P8029,?,g,2010,April,Yellowstone Delta,575F,760F,"Thorofare, Southeastern YNP",Yellowstone Delta,-,N/A,2010,unknown,N/A,unknown,Pup?g8029,,,Yes,No,
1952,P7285,?,?,2011,April,8-Mile,909F,871M,"Quadrant Mountain Area, YNP",8-Mile,-,N/A,2011,unknown,N/A,unknown,Pup 8 Mile,,,Yes,No,
1953,P7286,?,?,2011,April,8-Mile,909F,871M,"Quadrant Mountain Area, YNP",8-Mile,-,N/A,2011,unknown,N/A,unknown,Pup 8 Mile,,,Yes,No,
1954,P7299,?,?,2011,April,8-Mile,909F,871M,"Quadrant Mountain Area, YNP",8-Mile,-,2011,N/A,unknown,Unknown,"Quadrant Mountain Area, YNP",Pup 8 Mile,,,Yes,No,
1955,P7300,?,?,2011,April,8-Mile,909F,871M,"Quadrant Mountain Area, YNP",8-Mile,-,2011,N/A,unknown,Unknown,"Quadrant Mountain Area, YNP",Pup 8 Mile,,,Yes,No,
1956,P7301,?,?,2011,April,8-Mile,909F,871M,"Quadrant Mountain Area, YNP",8-Mile,-,2011,N/A,unknown,Unknown,"Quadrant Mountain Area, YNP",Pup 8 Mile,,,Yes,No,
1957,P7302,?,?,2011,April,8-Mile,909F,871M,"Quadrant Mountain Area, YNP",8-Mile,-,2011,N/A,unknown,Unknown,"Quadrant Mountain Area, YNP",Pup 8 Mile,,,Yes,No,
1958,P7303,?,?,2011,April,8-Mile,909F,871M,"Quadrant Mountain Area, YNP",8-Mile,-,2011,N/A,unknown,Unknown,"Quadrant Mountain Area, YNP",Pup 8 Mile,,,Yes,No,
1959,P7304,?,?,2011,April,8-Mile,909F,871M,"Quadrant Mountain Area, YNP",8-Mile,-,2011,N/A,unknown,Unknown,"Quadrant Mountain Area, YNP",Pup 8 Mile,,,Yes,No,
1960,P7305,?,?,2011,April,8-Mile,909F,871M,"Quadrant Mountain Area, YNP",8-Mile,-,2011,N/A,unknown,Unknown,"Quadrant Mountain Area, YNP",Pup 8 Mile,,,Yes,No,
1961,P7306,?,?,2011,April,8-Mile,909F,871M,"Quadrant Mountain Area, YNP",8-Mile,-,2011,N/A,unknown,Unknown,"Quadrant Mountain Area, YNP",Pup 8 Mile,,,Yes,No,
1962,P8030,?,?,2011,April,Blacktail,693F,778M,"Blacktail Deer Plateau, YNP",Blacktail,-,N/A,2011,unknown,N/A,unknown,Pup Blacktail Deer Plateau,,,Yes,No,
1963,P8031,?,?,2011,April,Blacktail,693F,778M,"Blacktail Deer Plateau, YNP",Blacktail,-,N/A,2011,unknown,N/A,unknown,Pup Blacktail Deer Plateau,,,Yes,No,
1964,P8032,?,?,2011,April,Blacktail,693F,778M,"Blacktail Deer Plateau, YNP",Blacktail,-,N/A,2011,unknown,N/A,unknown,Pup Blacktail Deer Plateau,,,Yes,No,
1965,P8033,?,?,2011,April,Blacktail,693F,778M,"Blacktail Deer Plateau, YNP",Blacktail,-,N/A,2011,unknown,N/A,unknown,Pup Blacktail Deer Plateau,,,Yes,No,
1966,P8053,?,?,2011,April,Canyon,Canyon Alpha Female,712M,"Hayden Valley Area, YNP",Canyon ,-,2011,N/A,unknown,Unknown,"Hayden Valley Area, YNP",Pup??8053,,,Yes,No,
1967,P8061 CC,?,b,2011,April,Cougar Creek,478F,689M,"Madison Valley Area, YNP",Cougar Creek,-,N/A,2011,unknown,N/A,unknown,Black Pup Cougar Creek,,,Yes,No,
1968,P8044,?,b,2011,April,Lamar Canyon,832F,755M,"Slough Creek Area, YNP",Lamar Canyon,-,N/A,2011,unknown,N/A,unknown,Black Pup Lamar Canyon,,,Yes,No,
1969,P8045,?,b,2011,April,Lamar Canyon,832F,755M,"Slough Creek Area, YNP",Lamar Canyon,-,N/A,2011,unknown,N/A,unknown,Black Pup Lamar Canyon,,,Yes,No,
1970,P8046,?,?,2011,April,Lamar Canyon,832F,755M,"Slough Creek Area, YNP",Lamar Canyon,-,N/A,2011,unknown,N/A,unknown,Pup Lamar Canyon,,,Yes,No,
1971,P8054,?,?,2011,April,Mary Mountain,794F,636M,"Gibbon Meadows, YNP",Mary Mountain,-,N/A,2011,unknown,N/A,unknown,Pup??8054,,,Yes,No,
1972,P8055,?,?,2011,April,Mary Mountain,794F,636M,"Gibbon Meadows, YNP",Mary Mountain,-,N/A,2011,unknown,N/A,unknown,Pup??8055,,,Yes,No,
1973,P8056,?,?,2011,April,Mary Mountain,794F,636M,"Gibbon Meadows, YNP",Mary Mountain,-,N/A,2011,unknown,N/A,unknown,Pup??8056,,,Yes,No,
1974,P8050,?,?,2011,April,Mollie's,486F,495M,"Pelican Valley, YNP",Mollie's,-,N/A,2011,unknown,N/A,unknown,Pup Mollie's,,,Yes,No,
1975,P8051,?,?,2011,April,Mollie's,486F,495M,"Pelican Valley, YNP",Mollie's,-,N/A,2011,unknown,N/A,unknown,Pup Mollie's,,,Yes,No,
1976,P8052,?,?,2011,April,Mollie's,486F,495M,"Pelican Valley, YNP",Mollie's,-,N/A,2011,unknown,N/A,unknown,Pup Mollie's,,,Yes,No,
1977,P8200,?,?,2011,April,None,642F,?,"Blacktail Plateau Area, YNP",None,-,N/A,2011,unknown,N/A,"Blacktail Plateau Area, YNP",Pup??8200,,,Yes,No,
1978,P8201,?,?,2011,April,None,642F,?,"Blacktail Plateau Area, YNP",None,-,N/A,2011,unknown,N/A,"Blacktail Plateau Area, YNP",Pup??8201,,,Yes,No,
1979,P8202,?,?,2011,April,None,642F,?,"Blacktail Plateau Area, YNP",None,-,N/A,2011,unknown,N/A,"Blacktail Plateau Area, YNP",Pup??8202,,,Yes,No,
1980,P8203,?,?,2011,April,None,642F,?,"Blacktail Plateau Area, YNP",None,-,N/A,2011,unknown,N/A,"Blacktail Plateau Area, YNP",Pup??8203,,,Yes,No,
1981,P8204,?,?,2011,April,None,642F,?,"Blacktail Plateau Area, YNP",None,-,N/A,2011,unknown,N/A,"Blacktail Plateau Area, YNP",Pup??8204,,,Yes,No,
1982,P8057,?,g,2011,April,Yellowstone Delta,575F,760F,"Thorofare, Southeastern YNP",Yellowstone Delta,-,N/A,2011,unknown,N/A,unknown,Pup?g8057,,,Yes,No,
1983,P8058,?,g,2011,April,Yellowstone Delta,575F,760F,"Thorofare, Southeastern YNP",Yellowstone Delta,-,N/A,2011,unknown,N/A,unknown,Pup?g8058,,,Yes,No,
1984,P8059,?,g,2011,April,Yellowstone Delta,575F,760F,"Thorofare, Southeastern YNP",Yellowstone Delta,-,N/A,2011,unknown,N/A,unknown,Pup?g8059,,,Yes,No,
1985,P8061 8M,?,?,2012,April,8-Mile,909F,871M,"Quadrant Mountain Area, YNP",8-Mile,-,2012,N/A,unknown,Unknown,"Quadrant Mountain Area, YNP",Pup 8 Mile,,,Yes,No,
1986,P8062,?,?,2012,April,8-Mile,909F,871M,"Quadrant Mountain Area, YNP",8-Mile,-,2012,N/A,unknown,Unknown,"Quadrant Mountain Area, YNP",Pup 8 Mile,,,Yes,No,
1987,P8063,?,?,2012,April,8-Mile,909F,871M,"Quadrant Mountain Area, YNP",8-Mile,-,2012,N/A,unknown,Unknown,"Quadrant Mountain Area, YNP",Pup 8 Mile,,,Yes,No,
1988,P8065,?,b,2012,April,8-Mile,909F,871M,"Quadrant Mountain Area, YNP",8-Mile,-,N/A,2012,December,N/A,unknown,Pup??8205,,,Yes,No,
1989,P8066,?,g,2012,April,8-Mile,909F,871M,"Quadrant Mountain Area, YNP",8-Mile,-,N/A,2012,December,N/A,unknown,Gray Pup 8 Mile,,,Yes,No,
1990,P8075,?,g,2012,April,Canyon,Canyon Alpha Female,712M,"Hayden Valley Area, YNP",Canyon ,-,N/A,2012,unknown,N/A,unknown,Pup?g8075,,,Yes,No,
1991,P8076,?,g,2012,April,Canyon,Canyon Alpha Female,712M,"Hayden Valley Area, YNP",Canyon ,-,N/A,2012,unknown,N/A,unknown,Pup?g8076,,,Yes,No,
1992,P8077,?,g,2012,April,Cougar Creek,478F,689M,"Madison Valley Area, YNP",Cougar Creek,-,N/A,2012,unknown,N/A,unknown,Gray Pup Cougar Creek,,,Yes,No,
1993,P8078,?,?,2012,April,Cougar Creek,478F,689M,"Madison Valley Area, YNP",Cougar Creek,-,N/A,2012,unknown,N/A,unknown,Pup Cougar Creek,,,Yes,No,
1994,P8079,?,?,2012,April,Cougar Creek,478F,689M,"Madison Valley Area, YNP",Cougar Creek,-,N/A,2012,unknown,N/A,unknown,Pup Cougar Creek,,,Yes,No,
1995,P8080,?,?,2012,April,Cougar Creek,478F,689M,"Madison Valley Area, YNP",Cougar Creek,-,N/A,2012,unknown,N/A,unknown,Pup Cougar Creek,,,Yes,No,
1996,P8081,?,?,2012,April,Cougar Creek,478F,689M,"Madison Valley Area, YNP",Cougar Creek,-,N/A,2012,unknown,N/A,unknown,Pup Cougar Creek,,,Yes,No,
1997,P8072,?,b,2012,April,Junction Butte,Ragged Tail,?,"Antelope Basin, YNP",Junction Butte,-,2012,N/A,unknown,Unknown,unknown,Pup?b Junction Butte,,,Yes,No,
1998,P8068,?,b,2012,April,Lamar Canyon,832F,755M,"Lamar Valley, YNP",Lamar Canyon,-,N/A,2012,unknown,N/A,unknown,Black Pup Lamar Canyon,,,Yes,No,
1999,P8069,?,b,2012,April,Lamar Canyon,832F,755M,"Lamar Valley, YNP",Lamar Canyon,-,N/A,2012,unknown,N/A,unknown,Black Pup Lamar Canyon,,,Yes,No,
2000,P8070,?,g,2012,April,Lamar Canyon,832F,755M,"Lamar Valley, YNP",Lamar Canyon,-,N/A,2012,unknown,N/A,unknown,Gray Pup Lamar Canyon,,,Yes,No,
2001,P8082,?,b,2013,April,8-Mile,909F,871M,"Quadrant Mountain Area, YNP",8-Mile,-,N/A,2013,unknown,N/A,unknown,Black Pup 8 Mile,,,Yes,No,
2002,P8083,?,b,2013,April,8-Mile,909F,871M,"Quadrant Mountain Area, YNP",8-Mile,-,N/A,2013,unknown,N/A,unknown,Black Pup 8 Mile,,,Yes,No,
2003,P8084,?,b,2013,April,8-Mile,909F,871M,"Quadrant Mountain Area, YNP",8-Mile,-,N/A,2013,unknown,N/A,unknown,Black Pup 8 Mile,,,Yes,No,
2004,P8085,?,b,2013,April,8-Mile,909F,871M,"Quadrant Mountain Area, YNP",8-Mile,-,N/A,2013,unknown,N/A,unknown,Black Pup 8 Mile,,,Yes,No,
2005,P8086,?,b,2013,April,8-Mile,909F,871M,"Quadrant Mountain Area, YNP",8-Mile,-,N/A,2013,unknown,N/A,unknown,Black Pup 8 Mile,,,Yes,No,
2006,P8087,?,b,2013,April,8-Mile,909F,871M,"Quadrant Mountain Area, YNP",8-Mile,-,N/A,2013,unknown,N/A,unknown,Black Pup 8 Mile,,,Yes,No,
2007,P8088,?,g,2013,April,8-Mile,909F,871M,"Quadrant Mountain Area, YNP",8-Mile,-,N/A,2013,unknown,N/A,unknown,Gray Pup 8 Mile,,,Yes,No,
2008,P8089,?,g,2013,April,8-Mile,909F,871M,"Quadrant Mountain Area, YNP",8-Mile,-,N/A,2013,unknown,N/A,unknown,Gray Pup 8 Mile,,,Yes,No,
2009,P8107,?,?,2013,April,Bechler,WhAF,?," Bechler Area, Southwestern YNP",Bechler,-,N/A,2013,unknown,N/A,unknown,Pup??8107,,,Yes,No,
2010,P8108,?,?,2013,April,Bechler,WhAF,?," Bechler Area, Southwestern YNP",Bechler,-,N/A,2013,unknown,N/A,unknown,Pup??8108,,,Yes,No,
2011,P8109,?,?,2013,April,Bechler,WhAF,?," Bechler Area, Southwestern YNP",Bechler,-,N/A,2013,unknown,N/A,unknown,Pup??8109,,,Yes,No,
2012,P8110,?,?,2013,April,Bechler,WhAF,?," Bechler Area, Southwestern YNP",Bechler,-,N/A,2013,unknown,N/A,unknown,Pup??8110,,,Yes,No,
2013,P8098,?,?,2013,April,Canyon,Canyon Alpha Female,712M,"Hayden Valley Area, YNP",Canyon ,-,N/A,2013,unknown,N/A,unknown,Pup??8098,,,Yes,No,
2014,P8099,?,?,2013,April,Canyon,Canyon Alpha Female,712M,"Hayden Valley Area, YNP",Canyon ,-,N/A,2013,unknown,N/A,unknown,Pup??8099,,,Yes,No,
2015,P8100,?,?,2013,April,Canyon,Canyon Alpha Female,712M,"Hayden Valley Area, YNP",Canyon ,-,N/A,2013,unknown,N/A,unknown,Pup??8100,,,Yes,No,
2016,P8111,?,?,2013,April,Cougar Creek,478F,689M,"Madison Valley Area, YNP",Cougar Creek,-,N/A,2013,unknown,N/A,unknown,Pup Cougar Creek,,,Yes,No,
2017,P8112,?,?,2013,April,Cougar Creek,478F,689M,"Madison Valley Area, YNP",Cougar Creek,-,N/A,2013,unknown,N/A,unknown,Pup Cougar Creek,,,Yes,No,
2018,P8113,?,?,2013,April,Cougar Creek,478F,689M,"Madison Valley Area, YNP",Cougar Creek,-,N/A,2013,unknown,N/A,unknown,Pup Cougar Creek,,,Yes,No,
2019,P8090,?,?,2013,April,Junction Butte,Ragged Tail,911M,"Antelope Basin, YNP",Junction Butte,-,N/A,2013,unknown,N/A,unknown,Pup Junction Butte,,,Yes,No,
2020,P8094,?,?,2013,April,Mollie's,779F,980M,"Pelican Valley, YNP",Mollie's,-,N/A,2013,unknown,N/A,unknown,Pup Mollie's,,,Yes,No,
2021,P8095,?,?,2013,April,Mollie's,779F,980M,"Pelican Valley, YNP",Mollie's,-,N/A,2013,unknown,N/A,unknown,Pup Mollie's,,,Yes,No,
2022,P8096,?,?,2013,April,Mollie's,779F,980M,"Pelican Valley, YNP",Mollie's,-,N/A,2013,unknown,N/A,unknown,Pup Mollie's,,,Yes,No,
2023,P8101,?,?,2013,April,Yellowstone Delta,633F,?,"Thorofare, Southeastern YNP",Yellowstone Delta,-,N/A,2013,unknown,N/A,unknown,Pup??8101,,,Yes,No,
2024,P8102,?,?,2013,April,Yellowstone Delta,633F,?,"Thorofare, Southeastern YNP",Yellowstone Delta,-,N/A,2013,unknown,N/A,unknown,Pup??8102,,,Yes,No,
2025,P8103,?,?,2013,April,Yellowstone Delta,633F,?,"Thorofare, Southeastern YNP",Yellowstone Delta,-,N/A,2013,unknown,N/A,unknown,Pup??8103,,,Yes,No,
2026,P8104,?,?,2013,April,Yellowstone Delta,633F,?,"Thorofare, Southeastern YNP",Yellowstone Delta,-,N/A,2013,unknown,N/A,unknown,Pup??8104,,,Yes,No,
2027,P8105,?,?,2013,April,Yellowstone Delta,633F,?,"Thorofare, Southeastern YNP",Yellowstone Delta,-,N/A,2013,unknown,N/A,unknown,Pup??8105,,,Yes,No,
2028,P8106,?,?,2013,April,Yellowstone Delta,633F,?,"Thorofare, Southeastern YNP",Yellowstone Delta,-,N/A,2013,unknown,N/A,unknown,Pup??8106,,,Yes,No,
2029,P8116,?,?,2014,April,8-Mile,909F,871M,"Quadrant Mountain Area, YNP",8-Mile,-,2014,N/A,unknown,Unknown,"Quadrant Mountain Area, YNP",Pup 8 Mile,,,Yes,No,
2030,P8117,?,?,2014,April,8-Mile,909F,871M,"Quadrant Mountain Area, YNP",8-Mile,-,2014,N/A,unknown,Unknown,"Quadrant Mountain Area, YNP",Pup 8 Mile,,,Yes,No,
2031,P8118,?,?,2014,April,8-Mile,909F,871M,"Quadrant Mountain Area, YNP",8-Mile,-,2014,N/A,unknown,Unknown,"Quadrant Mountain Area, YNP",Pup 8 Mile,,,Yes,No,
2032,P8119,?,?,2014,April,8-Mile,909F,871M,"Quadrant Mountain Area, YNP",8-Mile,-,2014,N/A,unknown,Unknown,"Quadrant Mountain Area, YNP",Pup 8 Mile,,,Yes,No,
2033,P8120,?,?,2014,April,8-Mile,909F,871M,"Quadrant Mountain Area, YNP",8-Mile,-,2014,N/A,unknown,Unknown,"Quadrant Mountain Area, YNP",Pup 8 Mile,,,Yes,No,
2034,P8121,?,?,2014,April,8-Mile,909F,871M,"Quadrant Mountain Area, YNP",8-Mile,-,2014,N/A,unknown,Unknown,"Quadrant Mountain Area, YNP",Pup 8 Mile,,,Yes,No,
2035,P8122,?,?,2014,April,8-Mile,909F,871M,"Quadrant Mountain Area, YNP",8-Mile,-,2014,N/A,unknown,Unknown,"Quadrant Mountain Area, YNP",Pup 8 Mile,,,Yes,No,
2036,P8123,?,?,2014,April,8-Mile,909F,871M,"Quadrant Mountain Area, YNP",8-Mile,-,2014,N/A,unknown,Unknown,"Quadrant Mountain Area, YNP",Pup 8 Mile,,,Yes,No,
2037,P8124,?,?,2014,April,8-Mile,909F,871M,"Quadrant Mountain Area, YNP",8-Mile,-,N/A,2014,unknown,N/A,unknown,Pup 8 Mile,,,Yes,No,
2038,P8125,?,?,2014,April,8-Mile,909F,871M,"Quadrant Mountain Area, YNP",8-Mile,-,N/A,2014,unknown,N/A,unknown,Pup 8 Mile,,,Yes,No,
2039,P8126,?,?,2014,April,8-Mile,909F,871M,"Quadrant Mountain Area, YNP",8-Mile,-,N/A,2014,unknown,N/A,unknown,Pup 8 Mile,,,Yes,No,
2040,P8127,?,?,2014,April,8-Mile,909F,871M,"Quadrant Mountain Area, YNP",8-Mile,-,N/A,2014,unknown,N/A,unknown,Pup 8 Mile,,,Yes,No,
2041,P8145,?,?,2014,April,Bechler,WhAF,?," Bechler Area, Southwestern YNP",Bechler,-,N/A,2014,unknown,N/A,unknown,Pup??8145,,,Yes,No,
2042,P8146,?,?,2014,April,Bechler,WhAF,?," Bechler Area, Southwestern YNP",Bechler,-,N/A,2014,unknown,N/A,unknown,Pup??8146,,,Yes,No,
2043,P8147,?,?,2014,April,Bechler,WhAF,?," Bechler Area, Southwestern YNP",Bechler,-,N/A,2014,unknown,N/A,unknown,Pup??8147,,,Yes,No,
2044,P8148,?,?,2014,April,Bechler,WhAF,?," Bechler Area, Southwestern YNP",Bechler,-,N/A,2014,unknown,N/A,unknown,Pup??8148,,,Yes,No,
2045,P8149,?,?,2014,April,Cougar Creek,478F,689M,"Madison Valley Area, YNP",Cougar Creek,-,N/A,2014,unknown,N/A,unknown,Pup Cougar Creek,,,Yes,No,
2046,P8150,?,?,2014,April,Cougar Creek,478F,689M,"Madison Valley Area, YNP",Cougar Creek,-,N/A,2014,unknown,N/A,unknown,Pup Cougar Creek,,,Yes,No,
2047,P8151,?,?,2014,April,Cougar Creek,478F,689M,"Madison Valley Area, YNP",Cougar Creek,-,N/A,2014,unknown,N/A,unknown,Pup Cougar Creek,,,Yes,No,
2048,P7288,?,?,2014,April,Junction Butte,870F,890M,"Specimen Ridge, YNP",Junction Butte,-,2014,N/A,unknown,Unknown,unknown,Pup Junction Butte,,,Yes,No,
2049,P7289,?,?,2014,April,Junction Butte,870F,890M,"Specimen Ridge, YNP",Junction Butte,-,2014,N/A,November,Wolf (Mollie's),unknown,Pup Junction Butte,,,Yes,No,
2050,P7290,?,?,2014,April,Junction Butte,870F,890M,"Specimen Ridge, YNP",Junction Butte,-,N/A,2015,unknown,N/A,unknown,Pup Junction Butte,,,Yes,No,
2051,P7291,?,?,2014,April,Lamar Canyon,926F,925M,"Lamar Valley, YNP",Lamar Canyon,-,N/A,2015,unknown,N/A,"Lamar Valley, YNP",Pup Lamar Canyon,,,Yes,No,
2052,P7292,?,?,2014,April,Lamar Canyon,926F,925M,"Lamar Valley, YNP",Lamar Canyon,-,N/A,2015,unknown,N/A,"Lamar Valley, YNP",Pup Lamar Canyon,,,Yes,No,
2053,P7293,?,?,2014,April,Lamar Canyon,926F,925M,"Lamar Valley, YNP",Lamar Canyon,-,2014,N/A,unknown,Unknown,"Lamar Valley, YNP",Pup Lamar Canyon,,,Yes,No,
2054,P8097,?,?,2014,April,Mollie's,779F,980M,"Pelican Valley, YNP",Mollie's,-,N/A,2014,unknown,N/A,unknown,Pup Mollie's,,,Yes,No,
2055,P8131,?,?,2014,April,Prospect Peak,821F(?),sw763M,"Blacktail Deer Plateau, YNP",Prospect Peak,-,N/A,2014,unknown,N/A,unknown,Pup Prospect Peak,,,Yes,No,
2056,P8132,?,?,2014,April,Prospect Peak,821F(?),sw763M,"Blacktail Deer Plateau, YNP",Prospect Peak,-,N/A,2014,unknown,N/A,unknown,Pup Prospect Peak,,,Yes,No,
2057,P8133,?,?,2014,April,Prospect Peak,821F(?),sw763M,"Blacktail Deer Plateau, YNP",Prospect Peak,-,N/A,2014,unknown,N/A,unknown,Pup Prospect Peak,,,Yes,No,
2058,P8140,?,?,2014,April,Yellowstone Delta,633F(?),?,"Thorofare, Southeastern YNP",Yellowstone Delta,-,N/A,2014,unknown,N/A,unknown,Pup??8140,,,Yes,No,
2059,P8141,?,?,2014,April,Yellowstone Delta,633F(?),?,"Thorofare, Southeastern YNP",Yellowstone Delta,-,N/A,2014,unknown,N/A,unknown,Pup??8141,,,Yes,No,
2060,P8142,?,?,2014,April,Yellowstone Delta,633F(?),?,"Thorofare, Southeastern YNP",Yellowstone Delta,-,N/A,2014,unknown,N/A,unknown,Pup??8142,,,Yes,No,
2061,P8143,?,?,2014,April,Yellowstone Delta,633F(?),?,"Thorofare, Southeastern YNP",Yellowstone Delta,-,N/A,2014,unknown,N/A,unknown,Pup??8143,,,Yes,No,
2062,P8144,?,?,2014,April,Yellowstone Delta,633F(?),?,"Thorofare, Southeastern YNP",Yellowstone Delta,-,N/A,2014,unknown,N/A,unknown,Pup??8144,,,Yes,No,
2063,P8189,?,?,2015,April,Canyon,Canyon Alpha Female,712M,"Near Old Faithful, YNP",Canyon ,-,N/A,2015,unknown,N/A,unknown,Pup??8189,,,Yes,No,
2064,P8190,?,?,2015,April,Canyon,Canyon Alpha Female,712M,"Near Old Faithful, YNP",Canyon ,-,N/A,2015,unknown,N/A,unknown,Pup??8190,,,Yes,No,
2065,P8153,?,?,2015,April,Cougar Creek,909F,BAM CC,"Quadrant Mountain Area, YNP",Cougar Creek,-,N/A,2015,unknown,N/A,unknown,Pup Cougar Creek,,,Yes,No,
2066,P8154,?,?,2015,April,Cougar Creek,909F,BAM CC,"Quadrant Mountain Area, YNP",Cougar Creek,-,N/A,2015,unknown,N/A,unknown,Pup Cougar Creek,,,Yes,No,
2067,P8155,?,?,2015,April,Cougar Creek,909F,BAM CC,"Quadrant Mountain Area, YNP",Cougar Creek,-,N/A,2015,unknown,N/A,unknown,Pup Cougar Creek,,,Yes,No,
2068,P8192,?,?,2015,April,Cougar Creek,478F,689M,"Madison Valley Area, YNP",Cougar Creek,-,N/A,2015,unknown,N/A,unknown,Pup Cougar Creek,,,Yes,No,
2069,P8162,?,?,2015,April,Junction Butte,970F,911M,"Specimen Ridge, YNP",Junction Butte,-,N/A,2015,unknown,N/A,unknown,Pup Junction Butte,,,Yes,No,
2070,P8163,?,?,2015,April,Junction Butte,970F,911M,"Specimen Ridge, YNP",Junction Butte,-,N/A,2015,unknown,N/A,"Specimen Ridge, YNP",Pup Junction Butte,,,Yes,No,
2071,P8164,?,?,2015,April,Junction Butte,970F,911M,"Specimen Ridge, YNP",Junction Butte,-,N/A,2015,unknown,N/A,"Specimen Ridge, YNP",Pup Junction Butte,,,Yes,No,
2072,P8165,?,?,2015,April,Junction Butte,970F,911M,"Specimen Ridge, YNP",Junction Butte,-,N/A,2015,unknown,N/A,"Specimen Ridge, YNP",Pup Junction Butte,,,Yes,No,
2073,P8166,?,?,2015,April,Junction Butte,970F,911M,"Specimen Ridge, YNP",Junction Butte,-,N/A,2015,unknown,N/A,unknown,Pup Junction Butte,,,Yes,No,
2074,P8167,?,?,2015,April,Junction Butte,970F,911M,"Specimen Ridge, YNP",Junction Butte,-,N/A,2015,unknown,N/A,unknown,Pup Junction Butte,,,Yes,No,
2075,P8168,?,?,2015,April,Junction Butte,970F,911M,"Specimen Ridge, YNP",Junction Butte,-,2015,N/A,unknown,Unknown,unknown,Pup Junction Butte,,,Yes,No,
2076,P8169,?,?,2015,April,Junction Butte,970F,911M,"Specimen Ridge, YNP",Junction Butte,-,N/A,2015,unknown,N/A,unknown,Pup Junction Butte,,,Yes,No,
2077,P8170,?,?,2015,April,Junction Butte,970F,911M,"Specimen Ridge, YNP",Junction Butte,-,N/A,2015,unknown,N/A,unknown,Pup Junction Butte,,,Yes,No,
2078,P8171,?,?,2015,April,Junction Butte,970F,911M,"Specimen Ridge, YNP",Junction Butte,-,N/A,2015,unknown,N/A,unknown,Pup Junction Butte,,,Yes,No,
2079,P8174,?,?,2015,April,Lamar Canyon,926F,925M,"Lamar Valley, YNP",Lamar Canyon,-,2015,N/A,unknown,Unknown,"Lamar Valley, YNP",Pup Lamar Canyon,,,Yes,No,
2080,P8175,?,?,2015,April,Lamar Canyon,926F,925M,"Lamar Valley, YNP",Lamar Canyon,-,2015,N/A,unknown,Unknown,"Lamar Valley, YNP",Pup Lamar Canyon,,,Yes,No,
2081,P8176,?,?,2015,April,Lamar Canyon,926F,925M,"Lamar Valley, YNP",Lamar Canyon,-,N/A,2016,unknown,N/A,"Lamar Valley, YNP",Pup Lamar Canyon,,,Yes,No,
2082,P8177,?,?,2015,April,Lamar Canyon,926F,925M,"Lamar Valley, YNP",Lamar Canyon,-,N/A,2016,unknown,N/A,"Lamar Valley, YNP",Pup Lamar Canyon,,,Yes,No,
2083,P8178,?,?,2015,April,Lamar Canyon,926F,925M,"Lamar Valley, YNP",Lamar Canyon,-,N/A,2016,unknown,N/A,"Lamar Valley, YNP",Pup Lamar Canyon,,,Yes,No,
2084,P8179,?,?,2015,April,Mollie's,779F,980M,"Pelican Valley, YNP",Mollie's,-,N/A,2015,unknown,N/A,unknown,Pup Mollie's,,,Yes,No,
2085,P8180,?,?,2015,April,Mollie's,779F,980M,"Pelican Valley, YNP",Mollie's,-,N/A,2015,unknown,N/A,unknown,Pup Mollie's,,,Yes,No,
2086,P8181,?,?,2015,April,Mollie's,779F,980M,"Pelican Valley, YNP",Mollie's,-,N/A,2015,unknown,N/A,unknown,Pup Mollie's,,,Yes,No,
2087,P8182,?,?,2015,April,Mollie's,779F,980M,"Pelican Valley, YNP",Mollie's,-,N/A,2015,unknown,N/A,unknown,Pup Mollie's,,,Yes,No,
2088,P8183,?,?,2015,April,Mollie's,779F,980M,"Pelican Valley, YNP",Mollie's,-,N/A,2015,unknown,N/A,unknown,Pup Mollie's,,,Yes,No,
2089,P8157,?,?,2015,April,Prospect Peak,821F,sw763M,"Blacktail Deer Plateau, YNP",Prospect Peak,-,N/A,2015,unknown,N/A,unknown,Pup Prospect Peak,,,Yes,No,
2090,P8159,?,?,2015,April,Prospect Peak,821F,sw763M,"Blacktail Deer Plateau, YNP",Prospect Peak,-,N/A,2015,unknown,N/A,unknown,Pup Prospect Peak,,,Yes,No,
2091,P7294,F,b,2015,April,Wapiti Lake,WpAF,755M,"Hayden Valley Area, YNP",Wapiti Lake,-,N/A,2015,unknown,N/A,"Northern Range, YNP",Black Pup Wapiti Lake,,,Yes,No,
2092,P7295,M,b,2015,April,Wapiti Lake,WpAF,755M,"Hayden Valley Area, YNP",Wapiti Lake,-,N/A,2015,unknown,N/A,"Northern Range, YNP",Black Pup Wapiti Lake,,,Yes,No,
2093,P7296,F,g,2015,April,Wapiti Lake,WpAF,755M,"Hayden Valley Area, YNP",Wapiti Lake,-,N/A,2015,unknown,N/A,"Northern Range, YNP",Gray Pup Wapiti Lake,,,Yes,No,
2094,P7297,F,b,2016,April,8-Mile,Brindle Alpha Female,BAM CC,"Gardner's Hole, YNP",8-Mile,-,2016,N/A,November 23,Legally Killed,"Jardine, Montana",Black Pup 8 Mile,,,Yes,No,
2095,P7298,M,b,2016,April,8-Mile,Brindle Alpha Female,BAM CC,"Gardner's Hole, YNP",8-Mile,-,2016,N/A,November 23,Legally Killed,"Jardine, Montana",Black Pup 8 Mile,,,Yes,No,
2096,P7307,?,b,2016,April,8-Mile,909F,BAM CC,"Gardner's Hole, YNP",8-Mile,-,N/A,2016,unknown,N/A,unknown,Black Pup 8 Mile,,,Yes,No,
2097,P7308,?,b,2016,April,8-Mile,909F,BAM CC,"Gardner's Hole, YNP",8-Mile,-,N/A,2016,unknown,N/A,unknown,Black Pup 8 Mile,,,Yes,No,
2098,P7309,?,b,2016,April,8-Mile,909F,BAM CC,"Gardner's Hole, YNP",8-Mile,-,N/A,2016,unknown,N/A,unknown,Black Pup 8 Mile,,,Yes,No,
2099,P7310,?,g,2016,April,8-Mile,909F,BAM CC,"Gardner's Hole, YNP",8-Mile,-,N/A,2016,unknown,N/A,unknown,Gray Pup 8 Mile,,,Yes,No,
2100,P7311,?,b,2016,April,Junction Butte,969F,890M,"Slough Creek Area, YNP",Junction Butte,-,N/A,2016,unknown,N/A,unknown,Pup Junction Butte,,,Yes,No,
2101,P7312,?,b,2016,April,Junction Butte,969F,890M,"Slough Creek Area, YNP",Junction Butte,-,N/A,2016,unknown,N/A,unknown,Pup Junction Butte,,,Yes,No,
2102,P7313,?,b,2016,April,Junction Butte,969F,890M,"Slough Creek Area, YNP",Junction Butte,-,N/A,2016,unknown,N/A,unknown,Pup Junction Butte,,,Yes,No,
2103,P7314,?,g,2016,April,Junction Butte,969F,890M,"Slough Creek Area, YNP",Junction Butte,-,N/A,2016,unknown,N/A,unknown,Pup Junction Butte,,,Yes,No,
2104,P7315,?,g,2016,April,Junction Butte,907F,890M,"Slough Creek Area, YNP",Junction Butte,-,2016,N/A,April,Unknown,unknown,Pup Junction Butte,,,Yes,No,
2105,P7316,?,b,2016,April,Junction Butte,907F,890M,"Slough Creek Area, YNP",Junction Butte,-,2016,N/A,August,Unknown,North of YNP,Pup Junction Butte,,,Yes,No,
2106,P7317,?,g,2016,April,Junction Butte,907F,890M,"Slough Creek Area, YNP",Junction Butte,-,N/A,2016,unknown,N/A,unknown,Pup Junction Butte,,,Yes,No,
2107,P7339,?,?,2016,April,Prospect Peak,821F,sw763M,"Blacktail Deer Plateau, YNP",Prospect Peak,-,N/A,2017,unknown,N/A,"Little America, YNP",Pup Prospect Peak,,,Yes,No,
2108,P7340,?,?,2016,April,Prospect Peak,821F,sw763M,"Blacktail Deer Plateau, YNP",Prospect Peak,-,2016,N/A,unknown,Unknown,"Blacktail Deer Plateau, YNP",Pup Prospect Peak,,,Yes,No,
2109,P7341,?,?,2016,April,Prospect Peak,821F,sw763M,"Blacktail Deer Plateau, YNP",Prospect Peak,-,2016,N/A,unknown,Unknown,"Blacktail Deer Plateau, YNP",Pup Prospect Peak,,,Yes,No,
2110,P7346,?,?,2017,April,Junction Butte,907F,sw763M,"Specimen Ridge, YNP",Junction Butte,-,2015,N/A,April,Natural (CDV),"Specimen Ridge, YNP",Pup Junction Butte,,,Yes,No,
2111,P7347,?,?,2017,April,Junction Butte,907F,sw763M,"Specimen Ridge, YNP",Junction Butte,-,2015,N/A,April,Natural (CDV),"Specimen Ridge, YNP",Pup Junction Butte,,,Yes,No,
2112,P7348,?,?,2017,April,Junction Butte,907F,sw763M,"Specimen Ridge, YNP",Junction Butte,-,2015,N/A,April,Natural (CDV),"Specimen Ridge, YNP",Pup Junction Butte,,,Yes,No,
2113,P7349,?,?,2017,April,Junction Butte,907F,sw763M,"Specimen Ridge, YNP",Junction Butte,-,2015,N/A,April,Natural (CDV),"Specimen Ridge, YNP",Pup Junction Butte,,,Yes,No,
2114,P7350,?,g,2017,April,Prospect Peak,UGF,964M,"Slough Creek, YNP",Prospect Peak,-,2017,N/A,October,Legally Killed,North of YNP,Gray Pup Prospect Peak,,,Yes,No,
2115,P7351,?,g,2017,April,Prospect Peak,UGF,964M,"Slough Creek, YNP",Prospect Peak,-,N/A,2017,unknown,N/A,unknown,Gray Pup Prospect Peak,,,Yes,No,
2116,P7352,?,g,2017,April,Prospect Peak,UGF,964M,"Slough Creek, YNP",Prospect Peak,-,N/A,2017,unknown,N/A,unknown,Gray Pup Prospect Peak,,,Yes,No,
2117,P7353,?,g,2017,April,Prospect Peak,UGF,964M,"Slough Creek, YNP",Prospect Peak,-,N/A,2017,unknown,N/A,unknown,Gray Pup Prospect Peak,,,Yes,No,
2118,P7354,?,g,2017,April,Prospect Peak,UGF,964M,"Slough Creek, YNP",Prospect Peak,-,N/A,2017,unknown,N/A,unknown,Gray Pup Prospect Peak,,,Yes,No,
2119,P7429,?,g,2017,April,Wapiti Lake,1091F,1015M,"Hayden Valley, YNP",Wapiti Lake,-,N/A,2017,unknown,N/A,unknown,Gray Pup Wapiti Lake,,,Yes,No,
2120,P7430,?,g,2017,April,Wapiti Lake,1091F,1015M,"Hayden Valley, YNP",Wapiti Lake,-,N/A,2017,unknown,N/A,unknown,Gray Pup Wapiti Lake,,,Yes,No,
2121,P7431,?,g,2017,April,Wapiti Lake,1091F,1015M,"Hayden Valley, YNP",Wapiti Lake,-,N/A,2017,unknown,N/A,unknown,Gray Pup Wapiti Lake,,,Yes,No,
2122,P7432,?,g,2017,April,Wapiti Lake,1091F,1015M,"Hayden Valley, YNP",Wapiti Lake,-,N/A,2017,unknown,N/A,unknown,Gray Pup Wapiti Lake,,,Yes,No,
2123,P7433,?,g,2017,April,Wapiti Lake,WpAF,1015M,"Hayden Valley, YNP",Wapiti Lake,-,N/A,2017,unknown,N/A,unknown,Gray Pup Wapiti Lake,,,Yes,No,
2124,P7434,?,g,2017,April,Wapiti Lake,WpAF,1015M,"Hayden Valley, YNP",Wapiti Lake,-,N/A,2017,unknown,N/A,unknown,Gray Pup Wapiti Lake,,,Yes,No,
2125,P7435,?,g,2017,April,Wapiti Lake,WpAF,1015M,"Hayden Valley, YNP",Wapiti Lake,-,N/A,2017,unknown,N/A,unknown,Gray Pup Wapiti Lake,,,Yes,No,
2126,P7318,?,b,2018,April,Cougar Creek,1204F,1117M,"Madison Valley Area, YNP",Cougar Creek,-,N/A,2018,unknown,N/A,unknown,Black Pup Cougar Creek,,,Yes,No,
2127,P7436,?,b,2018,April,Junction Butte,969F,1047M,"Slough Creek Area, YNP",Junction Butte,-,2018,N/A,May,Unknown,"Slough Creek Area, YNP",Black Pup Junction Butte,,,Yes,No,
2128,P7437,?,b,2018,April,Junction Butte,969F,1047M,"Slough Creek Area, YNP",Junction Butte,-,2018,N/A,May,Unknown,"Slough Creek Area, YNP",Black Pup Junction Butte,,,Yes,No,
2129,P7438,?,b,2018,April,Junction Butte,969F,1047M,"Slough Creek Area, YNP",Junction Butte,-,2018,N/A,May,Unknown,"Slough Creek Area, YNP",Black Pup Junction Butte,,,Yes,No,
2130,P7439,?,g,2018,April,Junction Butte,969F,1047M,"Slough Creek Area, YNP",Junction Butte,-,2018,N/A,May,Unknown,"Slough Creek Area, YNP",Gray Pup Junction Butte,,,Yes,No,
2131,P7440,?,b,2018,April,Junction Butte,907F,1047M,"Slough Creek Area, YNP",Junction Butte,-,2018,N/A,unknown,Unknown,"Slough Creek Area, YNP",Black Pup Junction Butte,,,Yes,No,
2132,P7441,?,b,2018,April,Junction Butte,1109F,1048M,"Specimen Ridge, YNP",Junction Butte,-,2018,N/A,unknown,Unknown,"Specimen Ridge, YNP",Black Pup Junction Butte,,,Yes,No,
2133,P7442,?,b,2018,April,Junction Butte,1109F,1048M,"Specimen Ridge, YNP",Junction Butte,-,2018,N/A,unknown,Unknown,"Specimen Ridge, YNP",Black Pup Junction Butte,,,Yes,No,
2134,P7443,?,b,2018,April,Junction Butte,1109F,1048M,"Specimen Ridge, YNP",Junction Butte,-,2018,N/A,unknown,Unknown,"Specimen Ridge, YNP",Black Pup Junction Butte,,,Yes,No,
2135,P7377,?,?,2018,April,Lamar Canyon,Little T,Small Dot,"Lamar Valley, YNP",Lamar Canyon,-,N/A,2018,November,N/A,unknown,Pup Lamar Canyon,,,Yes,No,
2136,P7378,?,?,2018,April,Lamar Canyon,Little T,Small Dot,"Lamar Valley, YNP",Lamar Canyon,-,N/A,2018,November,N/A,unknown,Pup Lamar Canyon,,,Yes,No,
2137,P7379,?,?,2018,April,Lamar Canyon,Little T,Small Dot,"Lamar Valley, YNP",Lamar Canyon,-,N/A,2018,November,N/A,unknown,Pup Lamar Canyon,,,Yes,No,
2138,P7324,?,g,2018,April,Mollie's,978F,890M,"Pelican Valley, YNP",Mollie's,-,N/A,2019,unknown,N/A,unknown,Gray Pup Mollie's,,,Yes,No,
2139,P7325,?,b,2018,April,none,1118F,Black Male Cub,"Cub Creek Area, YNP",None,-,N/A,2018,unknown,N/A,unknown,Black Pup Cub Creek Group,,,Yes,No,
2140,P7326,?,b,2018,April,none,1118F,Black Male Cub,"Cub Creek Area, YNP",None,-,2018,N/A,unknown,Legally Killed,Wyoming at East Boundary of YNP,Black Pup Cub Creek Group,,,Yes,No,
2141,P7327,?,g,2018,April,none,1118F,Black Male Cub,"Cub Creek Area, YNP",None,-,N/A,2018,unknown,N/A,unknown,Gray Pup Cub Creek Group,,,Yes,No,
2142,P7444,?,b,2018,April,Wapiti Lake,WpAF,1015M,"Hayden Valley, YNP",Wapiti Lake,-,N/A,2018,unknown,N/A,unknown,Black Pup Wapiti Lake,,,Yes,No,
2143,P7445,?,b,2018,April,Wapiti Lake,WpAF,1015M,"Hayden Valley, YNP",Wapiti Lake,-,N/A,2018,unknown,N/A,unknown,Black Pup Wapiti Lake,,,Yes,No,
2144,P7446,?,b,2018,April,Wapiti Lake,WpAF,1015M,"Hayden Valley, YNP",Wapiti Lake,-,N/A,2018,unknown,N/A,unknown,Black Pup Wapiti Lake,,,Yes,No,
2145,P7447,?,g,2018,April,Wapiti Lake,WpAF,1015M,"Hayden Valley, YNP",Wapiti Lake,-,N/A,2018,unknown,N/A,unknown,Gray Pup Wapiti Lake,,,Yes,No,
2146,P7448,?,g,2018,April,Wapiti Lake,WpAF,1015M,"Hayden Valley, YNP",Wapiti Lake,-,N/A,2018,unknown,N/A,unknown,Gray Pup Wapiti Lake,,,Yes,No,
2147,P7449,?,g,2018,April,Wapiti Lake,WpAF,1015M,"Hayden Valley, YNP",Wapiti Lake,-,N/A,2018,unknown,N/A,unknown,Gray Pup Wapiti Lake,,,Yes,No,
2148,P7355,?,b,2019,April,8-Mile,Brindle Alpha Female,1015M,"Blacktail Deer Plateau, YNP",8-Mile,-,N/A,2019,unknown,N/A,unknown,Black Pup 8 Mile,,,Yes,No,possibly 1232M or 1233M
2149,P7356,?,g,2019,April,8-Mile,Brindle Alpha Female,1015M,"Blacktail Deer Plateau, YNP",8-Mile,-,N/A,2019,unknown,N/A,unknown,Gray Pup 8 Mile,,,Yes,No,
2150,P7450,?,b,2019,April,Junction Butte,907F,1047M,"Slough Creek Area, YNP",Junction Butte,-,N/A,2019,unknown,N/A,unknown,Black Pup Junction Butte,,,Yes,No,
2151,P7451,?,g,2019,April,Junction Butte,907F,1047M,"Slough Creek Area, YNP",Junction Butte,-,N/A,2019,unknown,N/A,unknown,Gray Pup Junction Butte,,,Yes,No,
2152,P7452,?,b,2019,April,Junction Butte,1382F,1047M,"Slough Creek Area, YNP",Junction Butte,-,N/A,2019,unknown,N/A,unknown,Black Pup Junction Butte,,,Yes,No,
2153,P7453,?,b,2019,April,Junction Butte,1382F,1047M,"Slough Creek Area, YNP",Junction Butte,-,N/A,2019,unknown,N/A,unknown,Black Pup Junction Butte,,,Yes,No,
2154,P7454,?,b,2019,April,Junction Butte,969F,1047M,"Slough Creek Area, YNP",Junction Butte,-,N/A,2019,unknown,N/A,unknown,Black Pup Junction Butte,,,Yes,No,
2155,P7455,F,b,2019,April,Junction Butte,969F,1047M,"Slough Creek Area, YNP",Junction Butte,-,2019,N/A,November 19,Vehicle,"Little America Roadway, YNP",Female Black Pup Junction Butte,,,Yes,No,
2156,P7456,?,g,2019,April,Junction Butte,969F,1047M,"Slough Creek Area, YNP",Junction Butte,-,2019,N/A,May 8,Natural (Den collapse),"Slough Creek Area, YNP",Gray Pup Junction Butte,,,Yes,No,
2157,P7457,M,b,2019,April,Junction Butte,969F,1047M,"Slough Creek Area, YNP",Junction Butte,-,2019,N/A,November 19,Vehicle,"Little America Roadway, YNP",Male Black Pup Junction Butte,,,Yes,No,
2158,P7458,?,b,2019,April,Junction Butte,1109F,1048M,"Specimen Ridge, YNP",Junction Butte,-,N/A,2019,unknown,N/A,unknown,Black Pup Junction Butte,,,Yes,No,
2159,P7459,?,b,2019,April,Junction Butte,1109F,1048M,"Specimen Ridge, YNP",Junction Butte,-,N/A,2019,unknown,N/A,unknown,Black Pup Junction Butte,,,Yes,No,
2160,P7460,?,b,2019,April,Lamar Canyon,Little T,Small Dot,"Lamar Valley, YNP",Lamar Canyon,-,N/A,2019,unknown,N/A,unknown,Black Pup Lamar Canyon,,,Yes,No,
2161,P7461,?,b,2019,April,Lamar Canyon,Little T,Small Dot,"Lamar Valley, YNP",Lamar Canyon,-,N/A,2019,unknown,N/A,unknown,Black Pup Lamar Canyon,,,Yes,No,
2162,P7462,?,b,2019,April,Mollie's,978F,890M,"Pelican Valley, YNP",Mollie's,-,N/A,2019,unknown,N/A,unknown,Black Pup Mollie's,,,Yes,No,
2163,P7463,?,b,2019,April,Mollie's,978F,890M,"Pelican Valley, YNP",Mollie's,-,N/A,2019,unknown,N/A,unknown,Black Pup Mollie's,,,Yes,No,
2164,P7464,?,b,2019,April,Mollie's,978F,890M,"Pelican Valley, YNP",Mollie's,-,N/A,2019,unknown,N/A,unknown,Black Pup Mollie's,,,Yes,No,
2165,P7465,?,b,2019,April,Mollie's,978F,890M,"Pelican Valley, YNP",Mollie's,-,N/A,2019,unknown,N/A,unknown,Black Pup Mollie's,,,Yes,No,
2166,P7466,?,g,2019,April,Mollie's,978F,890M,"Pelican Valley, YNP",Mollie's,-,N/A,2019,unknown,N/A,unknown,Gray Pup Mollie's,,,Yes,No,
2167,P7468,?,b,2019,April,Phantom Lake,1005F,1106M,"Eastern Blacktail Deer Plateau, YNP",Phantom Lake,-,N/A,2019,unknown,N/A,unknown,Black Pup Phantom Lake,,,Yes,No,
2168,P7469,?,g,2019,April,Phantom Lake,1005F,1106M,"Eastern Blacktail Deer Plateau, YNP",Phantom Lake,-,N/A,2019,unknown,N/A,unknown,Gray Pup Phantom Lake,,,Yes,No,
2169,P7470,?,g,2019,April,Phantom Lake,1005F,1106M,"Eastern Blacktail Deer Plateau, YNP",Phantom Lake,-,N/A,2019,unknown,N/A,unknown,Gray Pup Phantom Lake,,,Yes,No,
2170,P7471,?,g,2019,April,Phantom Lake,1005F,1106M,"Eastern Blacktail Deer Plateau, YNP",Phantom Lake,-,N/A,2019,unknown,N/A,unknown,Gray Pup Phantom Lake,,,Yes,No,
2171,P7472,?,g,2019,April,Phantom Lake,1005F,1106M,"Eastern Blacktail Deer Plateau, YNP",Phantom Lake,-,N/A,2019,unknown,N/A,unknown,Gray Pup Phantom Lake,,,Yes,No,
2172,P7473,?,g,2019,April,Phantom Lake,1005F,1106M,"Eastern Blacktail Deer Plateau, YNP",Phantom Lake,-,N/A,2019,unknown,N/A,unknown,Gray Pup Phantom Lake,,,Yes,No,
2173,P7474,?,b,2019,April,Phantom Lake,1049F,1106M,"Eastern Blacktail Deer Plateau, YNP",Phantom Lake,-,N/A,2019,unknown,N/A,unknown,Black Pup Phantom Lake,,,Yes,No,
2174,P7475,?,g,2019,April,Phantom Lake,1049F,1106M,"Eastern Blacktail Deer Plateau, YNP",Phantom Lake,-,N/A,2019,unknown,N/A,unknown,Gray Pup Phantom Lake,,,Yes,No,
2175,P7476,?,g,2019,April,Phantom Lake,1049F,1106M,"Eastern Blacktail Deer Plateau, YNP",Phantom Lake,-,N/A,2019,unknown,N/A,unknown,Gray Pup Phantom Lake,,,Yes,No,
2176,P7477,?,g,2019,April,Phantom Lake,1049F,1106M,"Eastern Blacktail Deer Plateau, YNP",Phantom Lake,-,N/A,2019,unknown,N/A,unknown,Gray Pup Phantom Lake,,,Yes,No,
2177,P7478,?,g,2019,April,Phantom Lake,1119F,1106M,"Eastern Blacktail Deer Plateau, YNP",Phantom Lake,-,2019,N/A,December,Legally Killed,"Jardine, Montana",Gray Pup Phantom Lake,,,Yes,No,
2178,P7479,?,g,2019,April,Phantom Lake,1119F,1106M,"Eastern Blacktail Deer Plateau, YNP",Phantom Lake,-,2019,N/A,December,Legally Killed,"Jardine, Montana",Gray Pup Phantom Lake,,,Yes,No,
2179,P7480,?,g,2019,April,Phantom Lake,1119F,1106M,"Eastern Blacktail Deer Plateau, YNP",Phantom Lake,-,N/A,2019,unknown,N/A,unknown,Gray Pup Phantom Lake,,,Yes,No,
2180,P7481,?,b,2019,April,Wapiti Lake,WpAF,1014M,"Hayden Valley, YNP",Wapiti Lake,-,N/A,2019,unknown,N/A,unknown,Black Pup Wapiti Lake,,,Yes,No,
2181,P7482,?,b,2019,April,Wapiti Lake,WpAF,1014M,"Hayden Valley, YNP",Wapiti Lake,-,N/A,2019,unknown,N/A,unknown,Black Pup Wapiti Lake,,,Yes,No,
2182,P7483,?,b,2019,April,Wapiti Lake,WpAF,1014M,"Hayden Valley, YNP",Wapiti Lake,-,N/A,2019,unknown,N/A,unknown,Black Pup Wapiti Lake,,,Yes,No,
2183,P7484,?,b,2019,April,Wapiti Lake,WpAF,1014M,"Hayden Valley, YNP",Wapiti Lake,-,N/A,2019,unknown,N/A,unknown,Black Pup Wapiti Lake,,,Yes,No,
2184,P7485,?,g,2019,April,Wapiti Lake,WpAF,1014M,"Hayden Valley, YNP",Wapiti Lake,-,N/A,2019,unknown,N/A,unknown,Gray Pup Wapiti Lake,,,Yes,No,
2185,P7486,?,g,2019,April,Wapiti Lake,WpAF,1014M,"Hayden Valley, YNP",Wapiti Lake,-,N/A,2019,unknown,N/A,unknown,Gray Pup Wapiti Lake,,,Yes,No,
2186,P7487,?,b,2020,April,8-Mile,Brindle Alpha Female,1015M,"Gardner's Hole, YNP",8-Mile,-,N/A,2020,unknown,N/A,unknown,Black Pup 8 Mile,,,Yes,No,
2187,P7488,?,b,2020,April,8-Mile,Brindle Alpha Female,1015M,"Gardner's Hole, YNP",8-Mile,-,N/A,2020,unknown,N/A,unknown,Black Pup 8 Mile,,,Yes,No,
2188,P7489,?,b,2020,April,8-Mile,Brindle Alpha Female,1015M,"Gardner's Hole, YNP",8-Mile,-,N/A,2020,unknown,N/A,unknown,Black Pup 8 Mile,,,Yes,No,
2189,P7490,?,g,2020,April,8-Mile,Brindle Alpha Female,1015M,"Gardner's Hole, YNP",8-Mile,-,N/A,2020,unknown,N/A,unknown,Gray Pup 8 Mile,,,Yes,No,
2190,P7491,?,g,2020,April,8-Mile,Brindle Alpha Female,1015M,"Gardner's Hole, YNP",8-Mile,-,N/A,2020,unknown,N/A,unknown,Gray Pup 8 Mile,,,Yes,No,
2191,P7492,?,g,2020,April,8-Mile,Brindle Alpha Female,1015M,"Gardner's Hole, YNP",8-Mile,-,N/A,2020,unknown,N/A,unknown,Gray Pup 8 Mile,,,Yes,No,
2192,P7493,?,g,2020,April,8-Mile,Brindle Alpha Female,1015M,"Gardner's Hole, YNP",8-Mile,-,N/A,2020,unknown,N/A,unknown,Gray Pup 8 Mile,,,Yes,No,
2193,P7494,?,g,2020,April,8-Mile,Brindle Alpha Female,1015M,"Gardner's Hole, YNP",8-Mile,-,N/A,2020,unknown,N/A,unknown,Gray Pup 8 Mile,,,Yes,No,
2194,P7495,?,g,2020,April,8-Mile,Brindle Alpha Female,1015M,"Gardner's Hole, YNP",8-Mile,-,N/A,2020,unknown,N/A,unknown,Gray Pup 8 Mile,,,Yes,No,
2195,P7496,?,g,2020,April,8-Mile,Brindle Alpha Female,1015M,"Gardner's Hole, YNP",8-Mile,-,N/A,2020,unknown,N/A,unknown,Gray Pup 8 Mile,,,Yes,No,
2196,P7497,?,b,2020,April,Carnelian Creek,1005F,1200M,"Black Canyon of the Yellowstone, YNP",Carnelian Creek,-,N/A,2020,unknown,N/A,unknown,Black Pup Carnelian Creek,,,Yes,No,
2197,P7498,?,b,2020,April,Carnelian Creek,1005F,1200M,"Black Canyon of the Yellowstone, YNP",Carnelian Creek,-,N/A,2020,unknown,N/A,unknown,Black Pup Carnelian Creek,,,Yes,No,
2198,P7499,?,g,2020,April,Carnelian Creek,1005F,1200M,"Black Canyon of the Yellowstone, YNP",Carnelian Creek,-,N/A,2020,unknown,N/A,unknown,Gray Pup Carnelian Creek,,,Yes,No,
2199,P7500,?,g,2020,April,Carnelian Creek,1005F,1200M,"Black Canyon of the Yellowstone, YNP",Carnelian Creek,-,N/A,2020,unknown,N/A,unknown,Gray Pup Carnelian Creek,,,Yes,No,
2200,P7501,?,g,2020,April,Carnelian Creek,1005F,1200M,"Black Canyon of the Yellowstone, YNP",Carnelian Creek,-,N/A,2020,unknown,N/A,unknown,Gray Pup Carnelian Creek,,,Yes,No,
2201,P7502,?,b,2020,April,Heart Lake,1104F,?,"Heart Lake Area, YNP",Heart Lake,-,N/A,2020,unknown,N/A,unknown,Black Pup Heart Lake,,,Yes,No,
2202,P7503,?,b,2020,April,Heart Lake,1104F,?,"Heart Lake Area, YNP",Heart Lake,-,N/A,2020,unknown,N/A,unknown,Black Pup Heart Lake,,,Yes,No,
2203,P7504,?,b,2020,April,Heart Lake,1104F,?,"Heart Lake Area, YNP",Heart Lake,-,N/A,2020,unknown,N/A,unknown,Black Pup Heart Lake,,,Yes,No,
2204,P7505,?,b,2020,April,Heart Lake,1104F,?,"Heart Lake Area, YNP",Heart Lake,-,N/A,2020,unknown,N/A,unknown,Black Pup Heart Lake,,,Yes,No,
2205,P7506,?,g,2020,April,Heart Lake,1104F,?,"Heart Lake Area, YNP",Heart Lake,-,N/A,2020,unknown,N/A,unknown,Gray Pup Heart Lake,,,Yes,No,
2206,P7507,?,b,2020,April,Junction Butte,907F,1047M,"Slough Creek Area, YNP",Junction Butte,-,N/A,2020,unknown,N/A,unknown,Black Pup Junction Butte,,,Yes,No,
2207,P7508,?,b,2020,April,Junction Butte,907F,1047M,"Slough Creek Area, YNP",Junction Butte,-,N/A,2020,unknown,N/A,unknown,Black Pup Junction Butte,,,Yes,No,
2208,P7509,?,b,2020,April,Junction Butte,907F,1047M,"Slough Creek Area, YNP",Junction Butte,-,N/A,2020,unknown,N/A,unknown,Black Pup Junction Butte,,,Yes,No,
2209,P7510,?,g,2020,April,Junction Butte,907F,1047M,"Slough Creek Area, YNP",Junction Butte,-,N/A,2020,unknown,N/A,unknown,Gray Pup Junction Butte,,,Yes,No,
2210,P7511,?,b,2020,April,Junction Butte,1382F,1047M,"Slough Creek Area, YNP",Junction Butte,-,N/A,2020,unknown,N/A,unknown,Black Pup Junction Butte,,,Yes,No,
2211,P7512,?,b,2020,April,Junction Butte,1382F,1047M,"Slough Creek Area, YNP",Junction Butte,-,N/A,2020,unknown,N/A,unknown,Black Pup Junction Butte,,,Yes,No,
2212,P7513,?,b,2020,April,Junction Butte,1382F,1047M,"Slough Creek Area, YNP",Junction Butte,-,N/A,2020,unknown,N/A,unknown,Black Pup Junction Butte,,,Yes,No,
2213,P7514,?,g,2020,April,Junction Butte,1382F,1047M,"Slough Creek Area, YNP",Junction Butte,-,N/A,2020,unknown,N/A,unknown,Gray Pup Junction Butte,,,Yes,No,
2214,P7515,?,g,2020,April,Junction Butte,1382F,1047M,"Slough Creek Area, YNP",Junction Butte,-,N/A,2020,unknown,N/A,unknown,Gray Pup Junction Butte,,,Yes,No,
2215,P7516,?,b,2020,April,Junction Butte,1276F,1048M,"Slough Creek Area, YNP",Junction Butte,-,N/A,2020,unknown,N/A,unknown,Black Pup Junction Butte,,,Yes,No,
2216,P7517,?,b,2020,April,Junction Butte,1276F,1048M,"Slough Creek Area, YNP",Junction Butte,-,N/A,2020,unknown,N/A,unknown,Black Pup Junction Butte,,,Yes,No,
2217,P7518,?,b,2020,April,Junction Butte,1276F,1048M,"Slough Creek Area, YNP",Junction Butte,-,N/A,2020,unknown,N/A,unknown,Black Pup Junction Butte,,,Yes,No,
2218,P7519,?,g,2020,April,Junction Butte,1276F,1048M,"Slough Creek Area, YNP",Junction Butte,-,N/A,2020,unknown,N/A,unknown,Gray Pup Junction Butte,,,Yes,No,
2219,P7520,?,g,2020,April,Junction Butte,1276F,1048M,"Slough Creek Area, YNP",Junction Butte,-,N/A,2020,unknown,N/A,unknown,Gray Pup Junction Butte,,,Yes,No,
2220,P7521,?,?,2020,April,Junction Butte,1109F,1048M,"Specimen Ridge, YNP",Junction Butte,-,2020,N/A,June,Natural,"Specimen Ridge, YNP",Pup Junction Butte,,,Yes,No,
2221,P7522,?,?,2020,April,Junction Butte,1109F,1048M,"Specimen Ridge, YNP",Junction Butte,-,2020,N/A,June,Natural,"Specimen Ridge, YNP",Pup Junction Butte,,,Yes,No,
2222,P7523,?,?,2020,April,Junction Butte,1109F,1048M,"Specimen Ridge, YNP",Junction Butte,-,2020,N/A,June,Natural,"Specimen Ridge, YNP",Pup Junction Butte,,,Yes,No,
2223,P7524,?,?,2020,April,Junction Butte,1109F,1048M,"Specimen Ridge, YNP",Junction Butte,-,2020,N/A,June,Natural,"Specimen Ridge, YNP",Pup Junction Butte,,,Yes,No,
2224,P7525,?,b,2020,April,Wapiti Lake,WpAF,1014M,"Hayden Valley, YNP",Wapiti Lake,-,N/A,2020,unknown,N/A,unknown,Black Pup Wapiti Lake,,,Yes,No,
2225,P7526,?,b,2020,April,Wapiti Lake,WpAF,1014M,"Hayden Valley, YNP",Wapiti Lake,-,N/A,2020,unknown,N/A,unknown,Black Pup Wapiti Lake,,,Yes,No,
2226,P7527,?,b,2020,April,Wapiti Lake,WpAF,1014M,"Hayden Valley, YNP",Wapiti Lake,-,N/A,2020,unknown,N/A,unknown,Black Pup Wapiti Lake,,,Yes,No,
2227,P7528,?,g,2020,April,Wapiti Lake,WpAF,1014M,"Hayden Valley, YNP",Wapiti Lake,-,N/A,2020,unknown,N/A,unknown,Gray Pup Wapiti Lake,,,Yes,No,
2228,P7529,?,g,2020,April,Wapiti Lake,WpAF,1014M,"Hayden Valley, YNP",Wapiti Lake,-,N/A,2020,unknown,N/A,unknown,Gray Pup Wapiti Lake,,,Yes,No,
2229,P7530,?,g,2020,April,Wapiti Lake,WpAF,1014M,"Hayden Valley, YNP",Wapiti Lake,-,N/A,2020,unknown,N/A,unknown,Gray Pup Wapiti Lake,,,Yes,No,
2230,P7531,?,b,2021,April,None,1084F,M2101,NW Colorado,None,-,N/A,2021,unknown,N/A,unknown,Black Pup Colorado,,,Yes,No,
2231,P7532,?,b,2021,April,None,1084F,M2101,NW Colorado,None,-,N/A,2021,unknown,N/A,unknown,Black Pup Colorado,,,Yes,No,
2232,P7533,?,b,2021,April,None,1084F,M2101,NW Colorado,None,-,N/A,2021,unknown,N/A,unknown,Black Pup Colorado,,,Yes,No,
2233,P7534,?,g,2021,April,None,1084F,M2101,NW Colorado,None,-,N/A,2021,unknown,N/A,unknown,Gray Pup Colorado,,,Yes,No,
2234,P7535,?,g,2021,April,None,1084F,M2101,NW Colorado,None,-,N/A,2021,unknown,N/A,unknown,Gray Pup Colorado,,,Yes,No,
2235,P7536,?,?,2021,April,None,1084F,M2101,NW Colorado,None,-,N/A,2021,unknown,N/A,unknown,Pup Colorado,,,Yes,No,
2236,P7537,?,b,2021,April,Rescue Creek,1154F,GAM,North Central Yellowstone National Park,Rescue Creek,-,N/A,2021,unknown,N/A,unknown,Black Pup Rescue Creek,,,Yes,No,
2237,P7538,?,b,2021,April,Rescue Creek,1154F,GAM,North Central Yellowstone National Park,Rescue Creek,-,N/A,2021,unknown,N/A,unknown,Black Pup Rescue Creek,,,Yes,No,
2238,P7539,?,b,2021,April,Rescue Creek,1154F,GAM,North Central Yellowstone National Park,Rescue Creek,-,N/A,2021,unknown,N/A,unknown,Black Pup Rescue Creek,,,Yes,No,
2239,P7540,?,b,2021,April,Rescue Creek,1154F,GAM,North Central Yellowstone National Park,Rescue Creek,-,N/A,2021,unknown,N/A,unknown,Black Pup Rescue Creek,,,Yes,No,
2240,P7541,?,g,2021,April,Rescue Creek,1154F,GAM,North Central Yellowstone National Park,Rescue Creek,-,N/A,2021,unknown,N/A,unknown,Gray Pup Rescue Creek,,,Yes,No,
2241,P8300,F,b,2023,April,Junction Butte,907F(?),BAM JB(?),"Slough Creek, YNP",Junction Butte,-,Living,Living,Living,Living,Living,Black Pup -  Junction Butte,,x?,Yes,No,Possibly 1477
2242,P8302,M,g,2022,April,Shrimp Lake,    1228,?,"Lamar Valley, YNP",Shrimp Lake,-,Living,Living,Living,Living,Living,Gray Male - Shrimp Lake,,x?,Yes,No,
2243,P8303,F,g,2023,April,Shrimp Lake,    1228,1488,"Lamar Valley Area, YNP",Shrimp Lake,-,Living,Living,Living,Living,Living,Gray Female Pup - Shrimp Lake,,x?,Yes,No,
2244,P8304,M,g,2023,April,Shrimp Lake,    1228,1488,"Lamar Valley Area, YNP",Shrimp Lake,-,Living,Living,Living,Living,Living,Gray Male Pup - Shrimp Lake,,x?,Yes,No,
2245,P8305,?,g,2023,April,Shrimp Lake,    1228,1488,"Lamar Valley Area, YNP",Shrimp Lake,-,Living,Living,Living,Living,Living,Gray Pup - Shrimp Lake,,x?,Yes,No,
2246,P8306,?,g,2023,April,Shrimp Lake,    1228,1488,"Lamar Valley Area, YNP",Shrimp Lake,-,Living,Living,Living,Living,Living,Gray Pup - Shrimp Lake,,x?,Yes,No,
2247,P8307,M,g,2024,April,Shrimp Lake,    1228,1488,"Lamar Valley Area, YNP",Shrimp Lake,-,Living,Living,Living,Living,Living,Gray Male Pup - Shrimp Lake,,,Yes,No,
2248,P8308,?,g,2024,April,Shrimp Lake,    1228,1488,"Lamar Valley Area, YNP",Shrimp Lake,-,Living,Living,Living,Living,Living,Gray Pup - Shrimp Lake,,,Yes,No,
2249,P8309,?,g,2024,April,Shrimp Lake,    1228,1488,"Lamar Valley Area, YNP",Shrimp Lake,-,Living,Living,Living,Living,Living,Gray Pup - Shrimp Lake,,,Yes,No,
2250,P8310,F,g,2024,April,Shrimp Lake,    1228,1488,"Lamar Valley Area, YNP",Shrimp Lake,-,Living,Living,Living,Living,Living,Gray Female Pup - Shrimp Lake,,,Yes,No,
2251,P8311,?,b,2024,April, Junction Butte,907,JAM,"Slough Creek, YNP", Junction Butte,-,Living,Living,Living,Living,Living,Black Pup - Junction Butte,,,Yes,No,
2252,P8312,?,g,2024,April, Junction Butte,907,JAM,"Slough Creek, YNP", Junction Butte,-,N/A,2024,December,N/A,unknown,Black Pup - Junction Butte,,,Yes,No,